"","water_year","month","block","release_datetime","tag_id_hex","weight_gr","fork_length_mm"
"1","2024","Dec","Block 1",2023-12-06 09:09:00,"25A3",NA,NA
"2","2024","Dec","Block 1",2023-12-06 09:09:00,"2262",NA,NA
"3","2024","Dec","Block 1",2023-12-06 09:09:00,"2244",NA,NA
"4","2024","Dec","Block 1",2023-12-06 09:09:00,"25A1",NA,NA
"5","2024","Dec","Block 1",2023-12-06 09:09:00,"24DA",NA,NA
"6","2024","Dec","Block 1",2023-12-06 09:09:00,"2265",NA,NA
"7","2024","Dec","Block 1",2023-12-06 09:09:00,"24EB",NA,NA
"8","2024","Dec","Block 1",2023-12-06 09:09:00,"2539",NA,NA
"9","2024","Dec","Block 1",2023-12-06 09:09:00,"26D9",NA,NA
"10","2024","Dec","Block 1",2023-12-06 09:09:00,"266A",NA,NA
"11","2024","Dec","Block 1",2023-12-06 12:05:00,"1E54",NA,NA
"12","2024","Dec","Block 1",2023-12-06 12:05:00,"2915",NA,NA
"13","2024","Dec","Block 1",2023-12-06 12:05:00,"1ED4",NA,NA
"14","2024","Dec","Block 1",2023-12-06 12:05:00,"23A6",NA,NA
"15","2024","Dec","Block 1",2023-12-06 12:05:00,"26CD",NA,NA
"16","2024","Dec","Block 1",2023-12-06 12:05:00,"2865",NA,NA
"17","2024","Dec","Block 1",2023-12-06 12:05:00,"25C8",NA,NA
"18","2024","Dec","Block 1",2023-12-06 12:05:00,"226C",NA,NA
"19","2024","Dec","Block 1",2023-12-06 12:05:00,"2597",NA,NA
"20","2024","Dec","Block 1",2023-12-06 12:05:00,"2665",NA,NA
"21","2024","Dec","Block 1",2023-12-06 15:01:00,"25B5",NA,NA
"22","2024","Dec","Block 1",2023-12-06 15:01:00,"225E",NA,NA
"23","2024","Dec","Block 1",2023-12-06 15:01:00,"2664",NA,NA
"24","2024","Dec","Block 1",2023-12-06 15:01:00,"224D",NA,NA
"25","2024","Dec","Block 1",2023-12-06 15:01:00,"26E8",NA,NA
"26","2024","Dec","Block 1",2023-12-06 15:01:00,"272E",NA,NA
"27","2024","Dec","Block 1",2023-12-06 15:01:00,"22DB",NA,NA
"28","2024","Dec","Block 1",2023-12-06 15:01:00,"2571",NA,NA
"29","2024","Dec","Block 1",2023-12-06 15:01:00,"20A9",NA,NA
"30","2024","Dec","Block 1",2023-12-06 15:01:00,"209A",NA,NA
"31","2024","Dec","Block 1",2023-12-06 17:59:00,"25AE",NA,NA
"32","2024","Dec","Block 1",2023-12-06 17:59:00,"2054",NA,NA
"33","2024","Dec","Block 1",2023-12-06 17:59:00,"2726",NA,NA
"34","2024","Dec","Block 1",2023-12-06 17:59:00,"2558",NA,NA
"35","2024","Dec","Block 1",2023-12-06 17:59:00,"2289",NA,NA
"36","2024","Dec","Block 1",2023-12-06 17:59:00,"20D6",NA,NA
"37","2024","Dec","Block 1",2023-12-06 17:59:00,"26BC",NA,NA
"38","2024","Dec","Block 1",2023-12-06 17:59:00,"2853",NA,NA
"39","2024","Dec","Block 1",2023-12-06 17:59:00,"2752",NA,NA
"40","2024","Dec","Block 1",2023-12-06 17:59:00,"25B2",NA,NA
"41","2024","Dec","Block 1",2023-12-06 21:06:00,"246A",NA,NA
"42","2024","Dec","Block 1",2023-12-06 21:06:00,"22CD",NA,NA
"43","2024","Dec","Block 1",2023-12-06 21:06:00,"2326",NA,NA
"44","2024","Dec","Block 1",2023-12-06 21:06:00,"2517",NA,NA
"45","2024","Dec","Block 1",2023-12-06 21:06:00,"265E",NA,NA
"46","2024","Dec","Block 1",2023-12-06 21:06:00,"21A6",NA,NA
"47","2024","Dec","Block 1",2023-12-06 21:06:00,"2250",NA,NA
"48","2024","Dec","Block 1",2023-12-06 21:06:00,"246B",NA,NA
"49","2024","Dec","Block 1",2023-12-06 21:06:00,"2762",NA,NA
"50","2024","Dec","Block 1",2023-12-06 21:06:00,"2252",NA,NA
"51","2024","Dec","Block 1",2023-12-07 00:06:00,"26A9",NA,NA
"52","2024","Dec","Block 1",2023-12-07 00:06:00,"252D",NA,NA
"53","2024","Dec","Block 1",2023-12-07 00:06:00,"26BB",NA,NA
"54","2024","Dec","Block 1",2023-12-07 00:06:00,"290C",NA,NA
"55","2024","Dec","Block 1",2023-12-07 00:06:00,"2910",NA,NA
"56","2024","Dec","Block 1",2023-12-07 00:06:00,"24BE",NA,NA
"57","2024","Dec","Block 1",2023-12-07 00:06:00,"25B4",NA,NA
"58","2024","Dec","Block 1",2023-12-07 00:06:00,"1EA4",NA,NA
"59","2024","Dec","Block 1",2023-12-07 00:06:00,"2553",NA,NA
"60","2024","Dec","Block 1",2023-12-07 00:06:00,"24E2",NA,NA
"61","2024","Dec","Block 1",2023-12-07 03:05:00,"2528",NA,NA
"62","2024","Dec","Block 1",2023-12-07 03:05:00,"22D8",NA,NA
"63","2024","Dec","Block 1",2023-12-07 03:05:00,"20BA",NA,NA
"64","2024","Dec","Block 1",2023-12-07 03:05:00,"22D9",NA,NA
"65","2024","Dec","Block 1",2023-12-07 03:05:00,"2636",NA,NA
"66","2024","Dec","Block 1",2023-12-07 03:05:00,"249A",NA,NA
"67","2024","Dec","Block 1",2023-12-07 03:05:00,"1DDA",NA,NA
"68","2024","Dec","Block 1",2023-12-07 03:05:00,"2145",NA,NA
"69","2024","Dec","Block 1",2023-12-07 03:05:00,"2921",NA,NA
"70","2024","Dec","Block 1",2023-12-07 03:05:00,"26D4",NA,NA
"71","2024","Dec","Block 1",2023-12-07 09:10:00,"236A",22.4,134
"72","2024","Dec","Block 1",2023-12-07 09:10:00,"28F4",40.6,158
"73","2024","Dec","Block 1",2023-12-07 09:10:00,"24B8",29,145
"74","2024","Dec","Block 1",2023-12-07 09:10:00,"243A",7.3,89
"75","2024","Dec","Block 1",2023-12-07 09:10:00,"2534",32.5,147
"76","2024","Dec","Block 1",2023-12-07 09:10:00,"275B",20.5,131
"77","2024","Dec","Block 1",2023-12-07 09:10:00,"1EB2",57.2,170
"78","2024","Dec","Block 1",2023-12-07 09:10:00,"2586",8.3,95
"79","2024","Dec","Block 1",2023-12-07 09:10:00,"235B",30.6,142
"80","2024","Dec","Block 1",2023-12-07 09:10:00,"222A",39.8,158
"81","2024","Dec","Block 1",2023-12-07 12:12:00,"2911",58.2,172
"82","2024","Dec","Block 1",2023-12-07 12:12:00,"2295",10.7,105
"83","2024","Dec","Block 1",2023-12-07 12:12:00,"2774",60.1,180
"84","2024","Dec","Block 1",2023-12-07 12:12:00,"272A",20.9,132
"85","2024","Dec","Block 1",2023-12-07 12:12:00,"254E",65,167
"86","2024","Dec","Block 1",2023-12-07 12:12:00,"2689",12.1,141
"87","2024","Dec","Block 1",2023-12-07 12:12:00,"2765",22.6,132
"88","2024","Dec","Block 1",2023-12-07 12:12:00,"24D2",9.8,100
"89","2024","Dec","Block 1",2023-12-07 12:12:00,"24D9",40.6,160
"90","2024","Dec","Block 1",2023-12-07 12:12:00,"1E94",21.2,135
"91","2024","Dec","Block 1",2023-12-07 15:10:00,"2351",21.3,138
"92","2024","Dec","Block 1",2023-12-07 15:10:00,"2511",34.8,150
"93","2024","Dec","Block 1",2023-12-07 15:10:00,"215A",20.4,130
"94","2024","Dec","Block 1",2023-12-07 15:10:00,"20A5",47.8,167
"95","2024","Dec","Block 1",2023-12-07 15:10:00,"248D",17,123
"96","2024","Dec","Block 1",2023-12-07 15:10:00,"2094",18.8,123
"97","2024","Dec","Block 1",2023-12-07 15:10:00,"22B1",60.1,177
"98","2024","Dec","Block 1",2023-12-07 15:10:00,"2521",29.9,144
"99","2024","Dec","Block 1",2023-12-07 15:10:00,"1EAB",52.1,170
"100","2024","Dec","Block 1",2023-12-07 15:10:00,"27DA",38.6,160
"101","2024","Dec","Block 1",2023-12-07 18:05:00,"2158",10.8,100
"102","2024","Dec","Block 1",2023-12-07 18:05:00,"26D0",10.4,108
"103","2024","Dec","Block 1",2023-12-07 18:05:00,"24C9",29.7,146
"104","2024","Dec","Block 1",2023-12-07 18:05:00,"290B",18.2,125
"105","2024","Dec","Block 1",2023-12-07 18:05:00,"2229",39.9,157
"106","2024","Dec","Block 1",2023-12-07 18:05:00,"2531",18.5,121
"107","2024","Dec","Block 1",2023-12-07 18:05:00,"26EA",14.2,110
"108","2024","Dec","Block 1",2023-12-07 18:05:00,"26B2",13.8,115
"109","2024","Dec","Block 1",2023-12-07 18:05:00,"2168",29,136
"110","2024","Dec","Block 1",2023-12-07 18:05:00,"2194",50.7,171
"111","2024","Dec","Block 1",2023-12-07 21:35:00,"268D",9.4,97
"112","2024","Dec","Block 1",2023-12-07 21:35:00,"286A",50.2,179
"113","2024","Dec","Block 1",2023-12-07 21:35:00,"1ED5",15.2,120
"114","2024","Dec","Block 1",2023-12-07 21:35:00,"2652",22.8,136
"115","2024","Dec","Block 1",2023-12-07 21:35:00,"2508",29.1,144
"116","2024","Dec","Block 1",2023-12-07 21:35:00,"266E",12.2,109
"117","2024","Dec","Block 1",2023-12-07 21:35:00,"25ED",36,153
"118","2024","Dec","Block 1",2023-12-07 21:35:00,"292C",43.2,165
"119","2024","Dec","Block 1",2023-12-07 21:35:00,"2925",12.8,114
"120","2024","Dec","Block 1",2023-12-07 21:35:00,"2822",24.1,129
"121","2024","Dec","Block 1",2023-12-08 00:12:00,"24A6",24.9,138
"122","2024","Dec","Block 1",2023-12-08 00:12:00,"2542",19.9,129
"123","2024","Dec","Block 1",2023-12-08 00:12:00,"2444",11.6,104
"124","2024","Dec","Block 1",2023-12-08 00:12:00,"2222",44.5,168
"125","2024","Dec","Block 1",2023-12-08 00:12:00,"205A",49.1,170
"126","2024","Dec","Block 1",2023-12-08 00:12:00,"2174",51.6,170
"127","2024","Dec","Block 1",2023-12-08 00:12:00,"2248",44.1,170
"128","2024","Dec","Block 1",2023-12-08 00:12:00,"226A",15.2,121
"129","2024","Dec","Block 1",2023-12-08 00:12:00,"2212",49.5,171
"130","2024","Dec","Block 1",2023-12-08 00:12:00,"2544",34.1,147
"131","2024","Dec","Block 1",2023-12-08 03:09:00,"26B1",43.7,155
"132","2024","Dec","Block 1",2023-12-08 03:09:00,"22BC",30.5,145
"133","2024","Dec","Block 1",2023-12-08 03:09:00,"248C",10.9,111
"134","2024","Dec","Block 1",2023-12-08 03:09:00,"24D4",42.3,159
"135","2024","Dec","Block 1",2023-12-08 03:09:00,"2475",13.5,116
"136","2024","Dec","Block 1",2023-12-08 03:09:00,"22B8",26.2,145
"137","2024","Dec","Block 1",2023-12-08 03:09:00,"1EA9",57.3,180
"138","2024","Dec","Block 1",2023-12-08 03:09:00,"2722",27.9,143
"139","2024","Dec","Block 1",2023-12-08 03:09:00,"2484",44,168
"140","2024","Dec","Block 1",2023-12-08 03:09:00,"27A9",42.7,168
"141","2024","Dec","Block 1",2023-12-08 06:09:00,"20B4",12.9,115
"142","2024","Dec","Block 1",2023-12-08 06:09:00,"2245",13.3,113
"143","2024","Dec","Block 1",2023-12-08 06:09:00,"2114",48.7,175
"144","2024","Dec","Block 1",2023-12-08 06:09:00,"26B9",28.1,142
"145","2024","Dec","Block 1",2023-12-08 06:09:00,"2599",46.2,168
"146","2024","Dec","Block 1",2023-12-08 06:09:00,"274D",24.5,139
"147","2024","Dec","Block 1",2023-12-08 06:09:00,"2455",34.4,165
"148","2024","Dec","Block 1",2023-12-08 06:09:00,"2859",54.2,170
"149","2024","Dec","Block 1",2023-12-08 06:09:00,"22AF",12.1,110
"150","2024","Dec","Block 1",2023-12-08 06:09:00,"2095",18.4,124
"151","2024","Dec","Block 1",2023-12-08 09:40:00,"2282",46.4,177
"152","2024","Dec","Block 1",2023-12-08 09:40:00,"24E8",60.6,179
"153","2024","Dec","Block 1",2023-12-08 09:40:00,"24D5",54.6,174
"154","2024","Dec","Block 1",2023-12-08 09:40:00,"2533",44.4,162
"155","2024","Dec","Block 1",2023-12-08 09:40:00,"2515",36.2,155
"156","2024","Dec","Block 1",2023-12-08 09:40:00,"22BE",50.2,169
"157","2024","Dec","Block 1",2023-12-08 09:40:00,"22EA",41.7,160
"158","2024","Dec","Block 1",2023-12-08 09:40:00,"290D",35.4,150
"159","2024","Dec","Block 1",2023-12-08 09:40:00,"2355",56.1,177
"160","2024","Dec","Block 1",2023-12-08 09:40:00,"2135",36,154
"161","2024","Dec","Block 1",2023-12-08 12:17:00,"2845",52.8,172
"162","2024","Dec","Block 1",2023-12-08 12:17:00,"1EB6",40.6,165
"163","2024","Dec","Block 1",2023-12-08 12:17:00,"24CC",48.2,169
"164","2024","Dec","Block 1",2023-12-08 12:17:00,"22EB",43.4,161
"165","2024","Dec","Block 1",2023-12-08 12:17:00,"229D",49.2,167
"166","2024","Dec","Block 1",2023-12-08 12:17:00,"1EAE",31,161
"167","2024","Dec","Block 1",2023-12-08 12:17:00,"20D2",39.8,156
"168","2024","Dec","Block 1",2023-12-08 12:17:00,"22DA",57,172
"169","2024","Dec","Block 1",2023-12-08 12:17:00,"24CD",55.5,175
"170","2024","Dec","Block 1",2023-12-08 12:17:00,"2324",34.3,147
"171","2024","Dec","Block 1",2023-12-08 15:15:00,"21A8",47.5,167
"172","2024","Dec","Block 1",2023-12-08 15:15:00,"24AE",45.4,160
"173","2024","Dec","Block 1",2023-12-08 15:15:00,"22B6",40.7,155
"174","2024","Dec","Block 1",2023-12-08 15:15:00,"2457",53.7,167
"175","2024","Dec","Block 1",2023-12-08 15:15:00,"2253",52.1,167
"176","2024","Dec","Block 1",2023-12-08 15:15:00,"2902",47.1,160
"177","2024","Dec","Block 1",2023-12-08 15:15:00,"24E6",42.8,162
"178","2024","Dec","Block 1",2023-12-08 15:15:00,"25E5",47.8,161
"179","2024","Dec","Block 1",2023-12-08 15:15:00,"2518",44.5,162
"180","2024","Dec","Block 1",2023-12-08 15:15:00,"26D5",57.8,177
"181","2024","Dec","Block 1",2023-12-08 18:11:00,"2714",77.1,191
"182","2024","Dec","Block 1",2023-12-08 18:11:00,"224C",37.9,154
"183","2024","Dec","Block 1",2023-12-08 18:11:00,"216A",48.5,171
"184","2024","Dec","Block 1",2023-12-08 18:11:00,"229A",73.1,187
"185","2024","Dec","Block 1",2023-12-08 18:11:00,"2716",57.9,172
"186","2024","Dec","Block 1",2023-12-08 18:11:00,"2469",36.1,150
"187","2024","Dec","Block 1",2023-12-08 18:11:00,"2157",52.1,166
"188","2024","Dec","Block 1",2023-12-08 18:11:00,"22CA",72.8,189
"189","2024","Dec","Block 1",2023-12-08 18:11:00,"2598",36.1,152
"190","2024","Dec","Block 1",2023-12-08 18:11:00,"25AD",29.9,142
"191","2024","Dec","Block 1",2023-12-08 21:26:00,"2453",30.8,158
"192","2024","Dec","Block 1",2023-12-08 21:26:00,"250D",51.4,173
"193","2024","Dec","Block 1",2023-12-08 21:26:00,"21B4",51.5,172
"194","2024","Dec","Block 1",2023-12-08 21:26:00,"26D2",54,170
"195","2024","Dec","Block 1",2023-12-08 21:26:00,"215C",45.7,167
"196","2024","Dec","Block 1",2023-12-08 21:26:00,"246D",22.5,132
"197","2024","Dec","Block 1",2023-12-08 21:26:00,"1E92",41,165
"198","2024","Dec","Block 1",2023-12-08 21:26:00,"225A",40,164
"199","2024","Dec","Block 1",2023-12-08 21:26:00,"26B4",54.8,169
"200","2024","Dec","Block 1",2023-12-08 21:26:00,"2766",70.4,190
"201","2024","Dec","Block 1",2023-12-09 00:16:00,"1DD5",37.8,151
"202","2024","Dec","Block 1",2023-12-09 00:16:00,"2316",22.6,136
"203","2024","Dec","Block 1",2023-12-09 00:16:00,"2052",39,156
"204","2024","Dec","Block 1",2023-12-09 00:16:00,"2675",34.2,155
"205","2024","Dec","Block 1",2023-12-09 00:16:00,"2155",59.9,178
"206","2024","Dec","Block 1",2023-12-09 00:16:00,"24C8",42.4,158
"207","2024","Dec","Block 1",2023-12-09 00:16:00,"259C",41.1,160
"208","2024","Dec","Block 1",2023-12-09 00:16:00,"22AE",27,142
"209","2024","Dec","Block 1",2023-12-09 00:16:00,"25A5",29.2,147
"210","2024","Dec","Block 1",2023-12-09 00:16:00,"2577",44.1,162
"211","2024","Dec","Block 1",2023-12-09 03:14:00,"21D6",27.1,144
"212","2024","Dec","Block 1",2023-12-09 03:14:00,"24F4",23.9,134
"213","2024","Dec","Block 1",2023-12-09 03:14:00,"26ED",38.6,163
"214","2024","Dec","Block 1",2023-12-09 03:14:00,"26AE",51.2,172
"215","2024","Dec","Block 1",2023-12-09 03:14:00,"2292",35.1,150
"216","2024","Dec","Block 1",2023-12-09 03:14:00,"24D6",37.3,152
"217","2024","Dec","Block 1",2023-12-09 03:14:00,"282A",46.7,167
"218","2024","Dec","Block 1",2023-12-09 03:14:00,"285A",31.8,146
"219","2024","Dec","Block 1",2023-12-09 03:14:00,"257C",51.3,169
"220","2024","Dec","Block 1",2023-12-09 03:14:00,"2228",35.9,154
"221","2024","Dec","Block 1",2023-12-09 06:10:00,"20CA",36.2,155
"222","2024","Dec","Block 1",2023-12-09 06:10:00,"24AF",54.6,171
"223","2024","Dec","Block 1",2023-12-09 06:10:00,"1DCA",38.7,146
"224","2024","Dec","Block 1",2023-12-09 06:10:00,"25A4",68.8,182
"225","2024","Dec","Block 1",2023-12-09 06:10:00,"2169",31.4,149
"226","2024","Dec","Block 1",2023-12-09 06:10:00,"276A",39.4,158
"227","2024","Dec","Block 1",2023-12-09 06:10:00,"1EEA",51.6,164
"228","2024","Dec","Block 1",2023-12-09 06:10:00,"25C9",51.7,172
"229","2024","Dec","Block 1",2023-12-09 06:10:00,"226B",72.1,190
"230","2024","Dec","Block 1",2023-12-09 06:10:00,"2584",41.3,159
"231","2024","Dec","Block 2",2023-12-13 09:15:00,"1E56",11.1,109
"232","2024","Dec","Block 2",2023-12-13 09:15:00,"215D",35,155
"233","2024","Dec","Block 2",2023-12-13 09:15:00,"24C4",17,124
"234","2024","Dec","Block 2",2023-12-13 09:15:00,"22E4",33.2,153
"235","2024","Dec","Block 2",2023-12-13 09:15:00,"2369",47.5,161
"236","2024","Dec","Block 2",2023-12-13 09:15:00,"2092",30.2,146
"237","2024","Dec","Block 2",2023-12-13 09:15:00,"275D",13.1,113
"238","2024","Dec","Block 2",2023-12-13 12:06:00,"2268",69,189
"239","2024","Dec","Block 2",2023-12-13 09:15:00,"230A",22.6,134
"240","2024","Dec","Block 2",2023-12-13 09:15:00,"1EB5",59.2,180
"241","2024","Dec","Block 2",2023-12-13 12:06:00,"1EAD",11.6,109
"242","2024","Dec","Block 2",2023-12-13 12:06:00,"1ED2",17.6,126
"243","2024","Dec","Block 2",2023-12-13 12:06:00,"1EB4",15.5,122
"244","2024","Dec","Block 2",2023-12-13 12:06:00,"26F2",23.6,136
"245","2024","Dec","Block 2",2023-12-13 12:06:00,"2445",58.6,175
"246","2024","Dec","Block 2",2023-12-13 12:06:00,"25EA",9.9,105
"247","2024","Dec","Block 2",2023-12-13 12:06:00,"2132",17,125
"248","2024","Dec","Block 2",2023-12-13 12:06:00,"2537",39.8,162
"249","2024","Dec","Block 2",2023-12-13 12:06:00,"2538",18.9,131
"250","2024","Dec","Block 2",2023-12-13 12:06:00,"21AB",9.8,106
"251","2024","Dec","Block 2",2023-12-13 15:09:00,"2828",11.6,108
"252","2024","Dec","Block 2",2023-12-13 15:09:00,"2226",16.2,122
"253","2024","Dec","Block 2",2023-12-13 15:09:00,"2929",10.4,106
"254","2024","Dec","Block 2",2023-12-13 15:09:00,"214C",32.8,152
"255","2024","Dec","Block 2",2023-12-13 15:09:00,"228C",23,131
"256","2024","Dec","Block 2",2023-12-13 15:09:00,"2855",28.8,135
"257","2024","Dec","Block 2",2023-12-13 15:09:00,"1EA6",29,150
"258","2024","Dec","Block 2",2023-12-13 15:09:00,"1EA8",9,104
"259","2024","Dec","Block 2",2023-12-13 15:09:00,"22ED",79.4,185
"260","2024","Dec","Block 2",2023-12-13 15:09:00,"224A",35.3,156
"261","2024","Dec","Block 2",2023-12-13 18:05:00,"2314",74.8,190
"262","2024","Dec","Block 2",2023-12-13 18:05:00,"25EC",26.4,140
"263","2024","Dec","Block 2",2023-12-13 18:05:00,"236E",23.2,136
"264","2024","Dec","Block 2",2023-12-13 18:05:00,"2856",26.7,145
"265","2024","Dec","Block 2",2023-12-13 18:05:00,"2857",16.7,121
"266","2024","Dec","Block 2",2023-12-13 18:05:00,"21AC",21.1,128
"267","2024","Dec","Block 2",2023-12-13 18:05:00,"26DD",41.7,162
"268","2024","Dec","Block 2",2023-12-13 18:05:00,"2832",10.5,108
"269","2024","Dec","Block 2",2023-12-13 18:05:00,"2275",72.9,182
"270","2024","Dec","Block 2",2023-12-13 18:05:00,"2152",19.4,125
"271","2024","Dec","Block 2",2023-12-13 21:18:00,"2844",23.7,128
"272","2024","Dec","Block 2",2023-12-13 21:18:00,"282C",49.2,171
"273","2024","Dec","Block 2",2023-12-13 21:18:00,"2259",18.8,120
"274","2024","Dec","Block 2",2023-12-13 21:18:00,"286C",21.2,129
"275","2024","Dec","Block 2",2023-12-13 21:18:00,"2365",13.9,120
"276","2024","Dec","Block 2",2023-12-13 21:18:00,"2290",22.6,130
"277","2024","Dec","Block 2",2023-12-13 21:18:00,"246C",33.8,158
"278","2024","Dec","Block 2",2023-12-13 21:18:00,"2769",18,127
"279","2024","Dec","Block 2",2023-12-13 21:18:00,"257B",20.8,130
"280","2024","Dec","Block 2",2023-12-13 21:18:00,"22CC",26,139
"281","2024","Dec","Block 2",2023-12-14 00:15:00,"2375",24.5,141
"282","2024","Dec","Block 2",2023-12-14 00:15:00,"242B",23.3,122
"283","2024","Dec","Block 2",2023-12-14 00:15:00,"248B",60.2,182
"284","2024","Dec","Block 2",2023-12-14 00:15:00,"26B0",12.3,110
"285","2024","Dec","Block 2",2023-12-14 00:15:00,"275C",22.4,134
"286","2024","Dec","Block 2",2023-12-14 00:15:00,"1E5A",18.6,130
"287","2024","Dec","Block 2",2023-12-14 00:15:00,"211A",27.7,144
"288","2024","Dec","Block 2",2023-12-14 00:15:00,"2588",18.5,122
"289","2024","Dec","Block 2",2023-12-14 00:15:00,"2575",16.5,119
"290","2024","Dec","Block 2",2023-12-14 00:15:00,"24D8",14.9,115
"291","2024","Dec","Block 2",2023-12-14 03:12:00,"22E8",16.4,125
"292","2024","Dec","Block 2",2023-12-14 03:12:00,"2296",40.1,159
"293","2024","Dec","Block 2",2023-12-14 03:12:00,"2492",11.3,111
"294","2024","Dec","Block 2",2023-12-14 03:12:00,"232A",26.2,141
"295","2024","Dec","Block 2",2023-12-14 03:12:00,"1E6A",21.9,130
"296","2024","Dec","Block 2",2023-12-14 03:12:00,"286B",15.5,121
"297","2024","Dec","Block 2",2023-12-14 03:12:00,"24B9",21.7,134
"298","2024","Dec","Block 2",2023-12-14 03:12:00,"22DC",22.8,130
"299","2024","Dec","Block 2",2023-12-14 03:12:00,"235C",16.2,123
"300","2024","Dec","Block 2",2023-12-14 03:12:00,"249C",53.3,175
"301","2024","Dec","Block 2",2023-12-14 06:04:00,"24CA",20.3,130
"302","2024","Dec","Block 2",2023-12-14 06:04:00,"26DC",16.8,129
"303","2024","Dec","Block 2",2023-12-14 06:04:00,"2354",27.1,143
"304","2024","Dec","Block 2",2023-12-14 06:04:00,"276E",17.5,125
"305","2024","Dec","Block 2",2023-12-14 06:04:00,"26C9",47.3,170
"306","2024","Dec","Block 2",2023-12-14 06:04:00,"218A",20.2,132
"307","2024","Dec","Block 2",2023-12-14 06:04:00,"2362",23.5,140
"308","2024","Dec","Block 2",2023-12-14 06:04:00,"2195",18.7,127
"309","2024","Dec","Block 2",2023-12-14 06:04:00,"20DA",15.2,119
"310","2024","Dec","Block 2",2023-12-14 06:04:00,"228D",13.8,115
"311","2024","Dec","Block 2",2023-12-14 09:12:00,"2669",14.3,117
"312","2024","Dec","Block 2",2023-12-14 09:12:00,"252C",13.4,107
"313","2024","Dec","Block 2",2023-12-14 09:12:00,"2734",13,119
"314","2024","Dec","Block 2",2023-12-14 09:12:00,"249D",31.2,147
"315","2024","Dec","Block 2",2023-12-14 09:12:00,"253D",24.7,138
"316","2024","Dec","Block 2",2023-12-14 09:12:00,"2764",21.3,133
"317","2024","Dec","Block 2",2023-12-14 09:12:00,"20B5",28,148
"318","2024","Dec","Block 2",2023-12-14 09:12:00,"208A",14.3,117
"319","2024","Dec","Block 2",2023-12-14 09:12:00,"239A",22.4,130
"320","2024","Dec","Block 2",2023-12-14 09:12:00,"2729",24.1,137
"321","2024","Dec","Block 2",2023-12-14 12:04:00,"222C",47.2,166
"322","2024","Dec","Block 2",2023-12-14 12:04:00,"2214",49.4,171
"323","2024","Dec","Block 2",2023-12-14 12:04:00,"279A",52.1,167
"324","2024","Dec","Block 2",2023-12-14 12:04:00,"26DB",15.9,117
"325","2024","Dec","Block 2",2023-12-14 12:04:00,"26E5",43.4,165
"326","2024","Dec","Block 2",2023-12-14 12:04:00,"24B2",22.4,133
"327","2024","Dec","Block 2",2023-12-14 12:04:00,"1EAA",59.4,174
"328","2024","Dec","Block 2",2023-12-14 12:04:00,"2489",20.2,127
"329","2024","Dec","Block 2",2023-12-14 12:04:00,"2352",43.9,166
"330","2024","Dec","Block 2",2023-12-14 12:04:00,"2151",13,111
"331","2024","Dec","Block 2",2023-12-14 15:04:00,"24DE",39.8,159
"332","2024","Dec","Block 2",2023-12-14 15:04:00,"216E",52.5,174
"333","2024","Dec","Block 2",2023-12-14 15:04:00,"282E",37,156
"334","2024","Dec","Block 2",2023-12-14 15:04:00,"26E2",18.3,117
"335","2024","Dec","Block 2",2023-12-14 15:04:00,"2350",21.1,130
"336","2024","Dec","Block 2",2023-12-14 15:04:00,"20A8",81.4,190
"337","2024","Dec","Block 2",2023-12-14 15:04:00,"242A",64.5,180
"338","2024","Dec","Block 2",2023-12-14 15:04:00,"2491",21.9,131
"339","2024","Dec","Block 2",2023-12-14 15:04:00,"26D1",48.6,169
"340","2024","Dec","Block 2",2023-12-14 15:04:00,"2557",16.2,123
"341","2024","Dec","Block 2",2023-12-14 18:02:00,"2474",40.4,160
"342","2024","Dec","Block 2",2023-12-14 18:02:00,"2116",14.3,118
"343","2024","Dec","Block 2",2023-12-14 18:02:00,"27A6",25.9,141
"344","2024","Dec","Block 2",2023-12-14 18:02:00,"25A8",25.4,132
"345","2024","Dec","Block 2",2023-12-14 18:02:00,"22AD",8.8,94
"346","2024","Dec","Block 2",2023-12-14 18:02:00,"2165",20.2,131
"347","2024","Dec","Block 2",2023-12-14 18:02:00,"228B",37.4,150
"348","2024","Dec","Block 2",2023-12-14 18:02:00,"24E5",18.8,126
"349","2024","Dec","Block 2",2023-12-14 18:02:00,"1F5A",44.4,156
"350","2024","Dec","Block 2",2023-12-14 18:02:00,"224E",15.1,120
"351","2024","Dec","Block 2",2023-12-14 21:16:00,"2472",21.2,135
"352","2024","Dec","Block 2",2023-12-14 21:16:00,"1ECA",10.8,104
"353","2024","Dec","Block 2",2023-12-14 21:16:00,"290A",32.7,164
"354","2024","Dec","Block 2",2023-12-14 21:16:00,"21AE",30.8,145
"355","2024","Dec","Block 2",2023-12-14 21:16:00,"22C2",14,114
"356","2024","Dec","Block 2",2023-12-14 21:16:00,"2225",21.6,133
"357","2024","Dec","Block 2",2023-12-14 21:16:00,"22E6",22.6,133
"358","2024","Dec","Block 2",2023-12-14 21:16:00,"245A",11.4,102
"359","2024","Dec","Block 2",2023-12-14 21:16:00,"284E",43.2,165
"360","2024","Dec","Block 2",2023-12-14 21:16:00,"23DA",17.4,123
"361","2024","Dec","Block 2",2023-12-15 00:19:00,"214D",53.1,171
"362","2024","Dec","Block 2",2023-12-15 00:19:00,"22C4",50.3,167
"363","2024","Dec","Block 2",2023-12-15 00:19:00,"2591",50.9,172
"364","2024","Dec","Block 2",2023-12-15 00:19:00,"285E",23.5,138
"365","2024","Dec","Block 2",2023-12-15 00:19:00,"2476",51.7,179
"366","2024","Dec","Block 2",2023-12-15 00:19:00,"253A",57.1,173
"367","2024","Dec","Block 2",2023-12-15 00:19:00,"26EC",60,177
"368","2024","Dec","Block 2",2023-12-15 00:19:00,"24DB",67.8,189
"369","2024","Dec","Block 2",2023-12-15 00:19:00,"1DB6",9,99
"370","2024","Dec","Block 2",2023-12-15 00:19:00,"204A",36.4,159
"371","2024","Dec","Block 2",2023-12-15 03:07:00,"21A9",53,175
"372","2024","Dec","Block 2",2023-12-15 03:07:00,"2192",47,168
"373","2024","Dec","Block 2",2023-12-15 03:07:00,"2529",61.9,182
"374","2024","Dec","Block 2",2023-12-15 03:07:00,"2466",58.1,177
"375","2024","Dec","Block 2",2023-12-15 03:07:00,"2154",20.2,122
"376","2024","Dec","Block 2",2023-12-15 03:07:00,"2749",40.2,157
"377","2024","Dec","Block 2",2023-12-15 03:07:00,"2545",13.2,112
"378","2024","Dec","Block 2",2023-12-15 03:07:00,"1DB5",15.1,117
"379","2024","Dec","Block 2",2023-12-15 03:07:00,"26E6",41.2,155
"380","2024","Dec","Block 2",2023-12-15 03:07:00,"2750",23.2,136
"381","2024","Dec","Block 2",2023-12-15 06:10:00,"2269",42.3,161
"382","2024","Dec","Block 2",2023-12-15 06:10:00,"25A9",33.2,152
"383","2024","Dec","Block 2",2023-12-15 06:10:00,"2422",19.7,127
"384","2024","Dec","Block 2",2023-12-15 06:10:00,"206A",41.3,164
"385","2024","Dec","Block 2",2023-12-15 06:10:00,"25A7",49.4,174
"386","2024","Dec","Block 2",2023-12-15 06:10:00,"2428",28.7,146
"387","2024","Dec","Block 2",2023-12-15 06:10:00,"22C9",33.6,152
"388","2024","Dec","Block 2",2023-12-15 06:10:00,"24B1",11,112
"389","2024","Dec","Block 2",2023-12-15 06:10:00,"202A",42.9,165
"390","2024","Dec","Block 2",2023-12-15 06:10:00,"22F2",21.1,132
"391","2024","Dec","Block 2",2023-12-15 09:04:00,"216D",28,144
"392","2024","Dec","Block 2",2023-12-15 09:04:00,"2505",70.6,187
"393","2024","Dec","Block 2",2023-12-15 09:04:00,"2502",20.4,128
"394","2024","Dec","Block 2",2023-12-15 09:04:00,"2690",8.5,97
"395","2024","Dec","Block 2",2023-12-15 09:04:00,"2775",27.1,141
"396","2024","Dec","Block 2",2023-12-15 09:04:00,"28F2",22.8,130
"397","2024","Dec","Block 2",2023-12-15 09:04:00,"2136",52.2,169
"398","2024","Dec","Block 2",2023-12-15 09:04:00,"25BD",31.8,146
"399","2024","Dec","Block 2",2023-12-15 09:04:00,"2482",32.7,150
"400","2024","Dec","Block 2",2023-12-15 09:04:00,"2595",18.3,129
"401","2024","Dec","Block 2",2023-12-15 12:04:00,"2432",45.2,164
"402","2024","Dec","Block 2",2023-12-15 12:04:00,"21A5",13.2,113
"403","2024","Dec","Block 2",2023-12-15 12:04:00,"22B2",14,111
"404","2024","Dec","Block 2",2023-12-15 12:04:00,"20A2",9.8,102
"405","2024","Dec","Block 2",2023-12-15 12:04:00,"27AA",22.1,131
"406","2024","Dec","Block 2",2023-12-15 12:04:00,"2751",39.6,160
"407","2024","Dec","Block 2",2023-12-15 12:04:00,"253C",33.7,154
"408","2024","Dec","Block 2",2023-12-15 12:04:00,"2465",31,146
"409","2024","Dec","Block 2",2023-12-15 12:04:00,"20B2",38.2,156
"410","2024","Dec","Block 2",2023-12-15 12:04:00,"26B5",23.9,137
"411","2024","Dec","Block 2",2023-12-15 15:03:00,"2579",31.4,146
"412","2024","Dec","Block 2",2023-12-15 15:03:00,"2578",59.4,175
"413","2024","Dec","Block 2",2023-12-15 15:03:00,"226D",22,131
"414","2024","Dec","Block 2",2023-12-15 15:03:00,"286D",25.6,137
"415","2024","Dec","Block 2",2023-12-15 15:03:00,"2334",28.1,145
"416","2024","Dec","Block 2",2023-12-15 15:03:00,"1E96",15.2,119
"417","2024","Dec","Block 2",2023-12-15 15:03:00,"2928",48,168
"418","2024","Dec","Block 2",2023-12-15 15:03:00,"20A4",37.4,157
"419","2024","Dec","Block 2",2023-12-15 15:03:00,"24BD",74.8,185
"420","2024","Dec","Block 2",2023-12-15 15:03:00,"220A",21.3,133
"421","2024","Dec","Block 2",2023-12-15 18:01:00,"21DA",48.1,172
"422","2024","Dec","Block 2",2023-12-15 18:01:00,"21AD",31.8,149
"423","2024","Dec","Block 2",2023-12-15 18:01:00,"2506",27.4,145
"424","2024","Dec","Block 2",2023-12-15 18:01:00,"282B",28.6,143
"425","2024","Dec","Block 2",2023-12-15 18:01:00,"2759",50.5,165
"426","2024","Dec","Block 2",2023-12-15 18:01:00,"2490",39.5,155
"427","2024","Dec","Block 2",2023-12-15 18:01:00,"22C8",65.7,179
"428","2024","Dec","Block 2",2023-12-15 18:01:00,"213A",23.4,136
"429","2024","Dec","Block 2",2023-12-15 18:01:00,"2459",40.5,164
"430","2024","Dec","Block 2",2023-12-15 18:01:00,"214A",47.1,163
"431","2024","Dec","Block 2",2023-12-15 21:20:00,"2674",38.4,159
"432","2024","Dec","Block 2",2023-12-15 21:20:00,"2216",36,151
"433","2024","Dec","Block 2",2023-12-15 21:20:00,"22D5",65.5,181
"434","2024","Dec","Block 2",2023-12-15 21:20:00,"2322",42.9,165
"435","2024","Dec","Block 2",2023-12-15 21:20:00,"21D2",21.6,133
"436","2024","Dec","Block 2",2023-12-15 21:20:00,"2905",54.1,169
"437","2024","Dec","Block 2",2023-12-15 21:20:00,"26EB",62.6,180
"438","2024","Dec","Block 2",2023-12-15 21:20:00,"1DEA",37.6,161
"439","2024","Dec","Block 2",2023-12-15 21:20:00,"21A2",31,151
"440","2024","Dec","Block 2",2023-12-15 21:20:00,"242E",55.7,178
"441","2024","Dec","Block 2",2023-12-15 23:58:00,"26F4",35.2,156
"442","2024","Dec","Block 2",2023-12-15 23:58:00,"2869",58.3,185
"443","2024","Dec","Block 2",2023-12-15 23:58:00,"20AD",18.5,126
"444","2024","Dec","Block 2",2023-12-15 23:58:00,"2527",39,156
"445","2024","Dec","Block 2",2023-12-15 23:58:00,"1E95",23.6,136
"446","2024","Dec","Block 2",2023-12-15 23:58:00,"1F6A",27.6,144
"447","2024","Dec","Block 2",2023-12-15 23:58:00,"2325",23.4,136
"448","2024","Dec","Block 2",2023-12-15 23:58:00,"2666",51,167
"449","2024","Dec","Block 2",2023-12-15 23:58:00,"283A",63.2,182
"450","2024","Dec","Block 2",2023-12-15 23:58:00,"1EA5",50.2,171
"451","2024","Dec","Block 2",2023-12-16 03:03:00,"2264",21.4,135
"452","2024","Dec","Block 2",2023-12-16 03:03:00,"216C",45.1,165
"453","2024","Dec","Block 2",2023-12-16 03:03:00,"229C",28.9,144
"454","2024","Dec","Block 2",2023-12-16 03:03:00,"2456",29.5,143
"455","2024","Dec","Block 2",2023-12-16 03:03:00,"217A",43.5,165
"456","2024","Dec","Block 2",2023-12-16 03:03:00,"22BA",21.3,121
"457","2024","Dec","Block 2",2023-12-16 03:03:00,"2359",49.2,172
"458","2024","Dec","Block 2",2023-12-16 03:03:00,"24BC",20.2,133
"459","2024","Dec","Block 2",2023-12-16 03:03:00,"24DC",31,148
"460","2024","Dec","Block 2",2023-12-16 03:03:00,"214E",21.1,131
"461","2024","Dec","Block 2",2023-12-16 06:11:00,"2735",29,143
"462","2024","Dec","Block 2",2023-12-16 06:11:00,"24E2",42.4,165
"463","2024","Dec","Block 2",2023-12-16 06:11:00,"2172",42.6,158
"464","2024","Dec","Block 2",2023-12-16 06:11:00,"24B6",30.7,145
"465","2024","Dec","Block 2",2023-12-16 06:11:00,"2495",29,140
"466","2024","Dec","Block 2",2023-12-16 06:11:00,"20D4",40.8,153
"467","2024","Dec","Block 2",2023-12-16 06:11:00,"244E",25.6,137
"468","2024","Dec","Block 2",2023-12-16 06:11:00,"2493",55.3,175
"469","2024","Dec","Block 2",2023-12-16 06:11:00,"2235",39,155
"470","2024","Dec","Block 2",2023-12-16 06:11:00,"2315",52.5,175
"471","2024","Jan","Block 3",2024-01-10 09:14:00,"14B8",12.8,116
"472","2024","Jan","Block 3",2024-01-10 09:14:00,"9719",32.9,155
"473","2024","Jan","Block 3",2024-01-10 09:14:00,"1ADC",28.9,140
"474","2024","Jan","Block 3",2024-01-10 09:14:00,"A422",15.2,106
"475","2024","Jan","Block 3",2024-01-10 09:14:00,"1D44",26.2,133
"476","2024","Jan","Block 3",2024-01-10 09:14:00,"1622",29.6,151
"477","2024","Jan","Block 3",2024-01-10 09:14:00,"14DC",23,127
"478","2024","Jan","Block 3",2024-01-10 09:14:00,"1B62",16.4,130
"479","2024","Jan","Block 3",2024-01-10 09:14:00,"A3D2",41.4,159
"480","2024","Jan","Block 3",2024-01-10 09:14:00,"9688",21.1,126
"481","2024","Jan","Block 3",2024-01-10 12:12:00,"176E",20.1,134
"482","2024","Jan","Block 3",2024-01-10 12:12:00,"96E4",23.1,132
"483","2024","Jan","Block 3",2024-01-10 12:12:00,"1D2E",12.9,120
"484","2024","Jan","Block 3",2024-01-10 12:12:00,"1D53",11.6,100
"485","2024","Jan","Block 3",2024-01-10 12:12:00,"1AB9",18.9,136
"486","2024","Jan","Block 3",2024-01-10 12:12:00,"9735",32.7,156
"487","2024","Jan","Block 3",2024-01-10 12:12:00,"96DD",23,139
"488","2024","Jan","Block 3",2024-01-10 12:12:00,"9674",28.5,137
"489","2024","Jan","Block 3",2024-01-10 12:12:00,"96A1",17.5,128
"490","2024","Jan","Block 3",2024-01-10 12:12:00,"1426",24.2,144
"491","2024","Jan","Block 3",2024-01-10 15:09:00,"14E6",42.4,166
"492","2024","Jan","Block 3",2024-01-10 15:09:00,"967A",24.9,143
"493","2024","Jan","Block 3",2024-01-10 15:09:00,"96E8",37.4,146
"494","2024","Jan","Block 3",2024-01-10 15:09:00,"16FA",16.1,127
"495","2024","Jan","Block 3",2024-01-10 15:09:00,"1D22",38.1,159
"496","2024","Jan","Block 3",2024-01-10 15:09:00,"16B0",16.1,125
"497","2024","Jan","Block 3",2024-01-10 15:09:00,"970B",24,142
"498","2024","Jan","Block 3",2024-01-10 15:09:00,"A439",28.6,145
"499","2024","Jan","Block 3",2024-01-10 15:09:00,"1B15",12,113
"500","2024","Jan","Block 3",2024-01-10 15:09:00,"96F5",58.2,170
"501","2024","Jan","Block 3",2024-01-10 18:10:00,"1B9A",19.8,126
"502","2024","Jan","Block 3",2024-01-10 18:10:00,"157C",18.5,126
"503","2024","Jan","Block 3",2024-01-10 18:10:00,"1B26",30.2,149
"504","2024","Jan","Block 3",2024-01-10 18:10:00,"A45F",17.1,127
"505","2024","Jan","Block 3",2024-01-10 18:10:00,"1B74",17.1,125
"506","2024","Jan","Block 3",2024-01-10 18:10:00,"14E4",18.2,120
"507","2024","Jan","Block 3",2024-01-10 18:10:00,"972C",14.4,122
"508","2024","Jan","Block 3",2024-01-10 18:10:00,"1538",19.2,121
"509","2024","Jan","Block 3",2024-01-10 18:10:00,"9744",31.7,140
"510","2024","Jan","Block 3",2024-01-10 18:10:00,"9764",27.1,134
"511","2024","Jan","Block 3",2024-01-10 21:13:00,"A3D3",17.6,133
"512","2024","Jan","Block 3",2024-01-10 21:13:00,"96BF",21.8,130
"513","2024","Jan","Block 3",2024-01-10 21:13:00,"A421",11.8,106
"514","2024","Jan","Block 3",2024-01-10 21:13:00,"1D2A",29.2,153
"515","2024","Jan","Block 3",2024-01-10 21:13:00,"9717",12.8,119
"516","2024","Jan","Block 3",2024-01-10 21:13:00,"967B",8.1,102
"517","2024","Jan","Block 3",2024-01-10 21:13:00,"969F",24.4,138
"518","2024","Jan","Block 3",2024-01-10 21:13:00,"1626",21.2,138
"519","2024","Jan","Block 3",2024-01-10 21:13:00,"9768",40,156
"520","2024","Jan","Block 3",2024-01-10 21:13:00,"1446",47.7,165
"521","2024","Jan","Block 3",2024-01-11 00:10:00,"9712",28.7,137
"522","2024","Jan","Block 3",2024-01-11 00:10:00,"1748",29.7,146
"523","2024","Jan","Block 3",2024-01-11 00:10:00,"1B4D",19.4,133
"524","2024","Jan","Block 3",2024-01-11 00:10:00,"1684",35.1,154
"525","2024","Jan","Block 3",2024-01-11 00:10:00,"147A",19.4,128
"526","2024","Jan","Block 3",2024-01-11 00:10:00,"A42B",14.8,117
"527","2024","Jan","Block 3",2024-01-11 00:10:00,"A461",10.5,113
"528","2024","Jan","Block 3",2024-01-11 00:10:00,"96F6",9.1,108
"529","2024","Jan","Block 3",2024-01-11 00:10:00,"1DB2",15.6,132
"530","2024","Jan","Block 3",2024-01-11 00:10:00,"15E4",40,155
"531","2024","Jan","Block 3",2024-01-11 03:06:00,"163A",57.4,179
"532","2024","Jan","Block 3",2024-01-11 03:06:00,"1724",17.8,130
"533","2024","Jan","Block 3",2024-01-11 03:06:00,"9734",11.7,104
"534","2024","Jan","Block 3",2024-01-11 03:06:00,"1C94",16.1,122
"535","2024","Jan","Block 3",2024-01-11 03:06:00,"15D8",18,138
"536","2024","Jan","Block 3",2024-01-11 03:06:00,"142E",13.7,118
"537","2024","Jan","Block 3",2024-01-11 03:06:00,"9725",18.8,131
"538","2024","Jan","Block 3",2024-01-11 03:06:00,"16F4",20.7,130
"539","2024","Jan","Block 3",2024-01-11 03:06:00,"151E",26.2,134
"540","2024","Jan","Block 3",2024-01-11 03:06:00,"9763",20.7,140
"541","2024","Jan","Block 3",2024-01-11 06:01:00,"1D57",33.1,158
"542","2024","Jan","Block 3",2024-01-11 06:01:00,"A3B5",22.9,142
"543","2024","Jan","Block 3",2024-01-11 06:01:00,"9673",20.8,124
"544","2024","Jan","Block 3",2024-01-11 06:01:00,"9727",50,166
"545","2024","Jan","Block 3",2024-01-11 06:01:00,"1AC6",38.1,162
"546","2024","Jan","Block 3",2024-01-11 06:01:00,"1B75",18.8,132
"547","2024","Jan","Block 3",2024-01-11 06:01:00,"9686",24.5,135
"548","2024","Jan","Block 3",2024-01-11 06:01:00,"96C3",24.6,142
"549","2024","Jan","Block 3",2024-01-11 06:01:00,"1488",14.7,121
"550","2024","Jan","Block 3",2024-01-11 06:01:00,"1462",12.8,112
"551","2024","Jan","Block 3",2024-01-11 09:22:00,"1A84",52.5,170
"552","2024","Jan","Block 3",2024-01-11 09:22:00,"1472",38.3,162
"553","2024","Jan","Block 3",2024-01-11 09:22:00,"158E",41.1,144
"554","2024","Jan","Block 3",2024-01-11 09:22:00,"9684",57.7,180
"555","2024","Jan","Block 3",2024-01-11 09:22:00,"9762",34.2,150
"556","2024","Jan","Block 3",2024-01-11 09:22:00,"1DAB",51.9,175
"557","2024","Jan","Block 3",2024-01-11 09:22:00,"9683",66.1,191
"558","2024","Jan","Block 3",2024-01-11 09:22:00,"1AD1",40,160
"559","2024","Jan","Block 3",2024-01-11 09:22:00,"1450",25.1,130
"560","2024","Jan","Block 3",2024-01-11 09:22:00,"9728",47,169
"561","2024","Jan","Block 3",2024-01-11 12:14:00,"96AE",57,179
"562","2024","Jan","Block 3",2024-01-11 12:14:00,"173A",67.7,187
"563","2024","Jan","Block 3",2024-01-11 12:14:00,"1416",43,157
"564","2024","Jan","Block 3",2024-01-11 12:14:00,"1CAE",45.6,167
"565","2024","Jan","Block 3",2024-01-11 12:14:00,"974E",41.5,164
"566","2024","Jan","Block 3",2024-01-11 12:14:00,"1682",24,141
"567","2024","Jan","Block 3",2024-01-11 12:14:00,"1658",16.8,126
"568","2024","Jan","Block 3",2024-01-11 12:14:00,"1AEA",35.8,144
"569","2024","Jan","Block 3",2024-01-11 12:14:00,"16CE",58.6,170
"570","2024","Jan","Block 3",2024-01-11 12:14:00,"9682",69.6,179
"571","2024","Jan","Block 3",2024-01-11 15:20:00,"15D0",37.2,160
"572","2024","Jan","Block 3",2024-01-11 15:20:00,"96F9",36.7,157
"573","2024","Jan","Block 3",2024-01-11 15:20:00,"A43A",45.5,169
"574","2024","Jan","Block 3",2024-01-11 15:20:00,"1578",33.4,155
"575","2024","Jan","Block 3",2024-01-11 15:20:00,"1530",29.4,144
"576","2024","Jan","Block 3",2024-01-11 15:20:00,"A445",17.4,134
"577","2024","Jan","Block 3",2024-01-11 15:20:00,"1590",33.2,155
"578","2024","Jan","Block 3",2024-01-11 15:20:00,"A448",64.2,185
"579","2024","Jan","Block 3",2024-01-11 15:20:00,"1716",41.4,150
"580","2024","Jan","Block 3",2024-01-11 15:20:00,"1B36",37.6,156
"581","2024","Jan","Block 3",2024-01-11 18:09:00,"16F6",19,127
"582","2024","Jan","Block 3",2024-01-11 18:09:00,"1464",21.3,135
"583","2024","Jan","Block 3",2024-01-11 18:09:00,"96B3",21.4,124
"584","2024","Jan","Block 3",2024-01-11 18:09:00,"1518",42.6,155
"585","2024","Jan","Block 3",2024-01-11 18:09:00,"1474",45.8,165
"586","2024","Jan","Block 3",2024-01-11 18:09:00,"15C2",38.1,155
"587","2024","Jan","Block 3",2024-01-11 18:09:00,"A417",46.5,160
"588","2024","Jan","Block 3",2024-01-11 18:09:00,"144C",17,132
"589","2024","Jan","Block 3",2024-01-11 18:09:00,"15C8",35.6,150
"590","2024","Jan","Block 3",2024-01-11 18:09:00,"1D66",53.4,173
"591","2024","Jan","Block 3",2024-01-11 21:07:00,"16C8",28.9,147
"592","2024","Jan","Block 3",2024-01-11 21:07:00,"150C",58.7,174
"593","2024","Jan","Block 3",2024-01-11 21:07:00,"96E1",43.3,169
"594","2024","Jan","Block 3",2024-01-11 21:07:00,"A44E",26.8,132
"595","2024","Jan","Block 3",2024-01-11 21:07:00,"9757",70.4,187
"596","2024","Jan","Block 3",2024-01-11 21:07:00,"974B",15.5,125
"597","2024","Jan","Block 3",2024-01-11 21:07:00,"1D46",32.8,147
"598","2024","Jan","Block 3",2024-01-11 21:07:00,"14C2",52.6,177
"599","2024","Jan","Block 3",2024-01-11 21:07:00,"1CAB",45.7,159
"600","2024","Jan","Block 3",2024-01-11 21:07:00,"A468",60.6,174
"601","2024","Jan","Block 3",2024-01-12 00:11:00,"15FA",61.3,180
"602","2024","Jan","Block 3",2024-01-12 00:11:00,"1632",38.7,156
"603","2024","Jan","Block 3",2024-01-12 00:11:00,"1ACD",30.6,149
"604","2024","Jan","Block 3",2024-01-12 00:11:00,"149E",47.2,170
"605","2024","Jan","Block 3",2024-01-12 00:11:00,"1A8C",43.2,167
"606","2024","Jan","Block 3",2024-01-12 00:11:00,"1646",52.3,174
"607","2024","Jan","Block 3",2024-01-12 00:11:00,"972E",11.2,124
"608","2024","Jan","Block 3",2024-01-12 00:11:00,"A44C",73.2,194
"609","2024","Jan","Block 3",2024-01-12 00:11:00,"14FA",28.1,142
"610","2024","Jan","Block 3",2024-01-12 00:11:00,"1DA2",33.1,157
"611","2024","Jan","Block 3",2024-01-12 03:09:00,"1B4A",33.6,145
"612","2024","Jan","Block 3",2024-01-12 03:09:00,"A3BD",33.2,145
"613","2024","Jan","Block 3",2024-01-12 03:09:00,"16DC",49.8,175
"614","2024","Jan","Block 3",2024-01-12 03:09:00,"1AD6",17.4,132
"615","2024","Jan","Block 3",2024-01-12 03:09:00,"A462",38.1,140
"616","2024","Jan","Block 3",2024-01-12 03:09:00,"1B6A",24.3,142
"617","2024","Jan","Block 3",2024-01-12 03:09:00,"A409",71.5,187
"618","2024","Jan","Block 3",2024-01-12 03:09:00,"970D",45.1,165
"619","2024","Jan","Block 3",2024-01-12 03:09:00,"159E",40.9,161
"620","2024","Jan","Block 3",2024-01-12 03:09:00,"14C4",42.8,165
"621","2024","Jan","Block 3",2024-01-12 06:11:00,"A450",51.9,165
"622","2024","Jan","Block 3",2024-01-12 06:11:00,"1AB1",62.4,185
"623","2024","Jan","Block 3",2024-01-12 06:11:00,"1B6E",26.7,152
"624","2024","Jan","Block 3",2024-01-12 06:11:00,"14D0",31.6,145
"625","2024","Jan","Block 3",2024-01-12 06:11:00,"A45D",36.9,149
"626","2024","Jan","Block 3",2024-01-12 06:11:00,"14E2",31.8,143
"627","2024","Jan","Block 3",2024-01-12 06:11:00,"975D",36.4,164
"628","2024","Jan","Block 3",2024-01-12 06:11:00,"1D35",34.3,156
"629","2024","Jan","Block 3",2024-01-12 06:11:00,"1744",15.9,130
"630","2024","Jan","Block 3",2024-01-12 06:11:00,"A428",69.4,187
"631","2024","Jan","Block 3",2024-01-12 09:13:00,"96A3",44,167
"632","2024","Jan","Block 3",2024-01-12 09:13:00,"14CE",49.3,172
"633","2024","Jan","Block 3",2024-01-12 09:13:00,"1BDA",16.4,122
"634","2024","Jan","Block 3",2024-01-12 09:13:00,"1742",19.2,130
"635","2024","Jan","Block 3",2024-01-12 09:13:00,"14BE",29,147
"636","2024","Jan","Block 3",2024-01-12 09:13:00,"1476",30.3,146
"637","2024","Jan","Block 3",2024-01-12 09:13:00,"A46B",20.1,134
"638","2024","Jan","Block 3",2024-01-12 09:13:00,"9714",55.7,185
"639","2024","Jan","Block 3",2024-01-12 09:13:00,"145C",52.4,178
"640","2024","Jan","Block 3",2024-01-12 09:13:00,"159C",27.7,151
"641","2024","Jan","Block 3",2024-01-12 12:14:00,"96BB",59.4,180
"642","2024","Jan","Block 3",2024-01-12 12:14:00,"166E",40,161
"643","2024","Jan","Block 3",2024-01-12 12:14:00,"975F",37.8,162
"644","2024","Jan","Block 3",2024-01-12 12:14:00,"15F4",62.4,184
"645","2024","Jan","Block 3",2024-01-12 12:14:00,"1634",64.2,185
"646","2024","Jan","Block 3",2024-01-12 12:14:00,"A41B",44.4,167
"647","2024","Jan","Block 3",2024-01-12 12:14:00,"16F2",34,155
"648","2024","Jan","Block 3",2024-01-12 12:14:00,"1436",52.1,173
"649","2024","Jan","Block 3",2024-01-12 12:14:00,"96F1",45.3,160
"650","2024","Jan","Block 3",2024-01-12 12:14:00,"A3B7",38.4,146
"651","2024","Jan","Block 3",2024-01-12 15:08:00,"9742",39.3,163
"652","2024","Jan","Block 3",2024-01-12 15:08:00,"16DE",65.2,175
"653","2024","Jan","Block 3",2024-01-12 15:08:00,"16C2",19.6,131
"654","2024","Jan","Block 3",2024-01-12 15:08:00,"1768",17,127
"655","2024","Jan","Block 3",2024-01-12 15:08:00,"A43D",37,148
"656","2024","Jan","Block 3",2024-01-12 15:08:00,"971A",31.4,150
"657","2024","Jan","Block 3",2024-01-12 15:08:00,"15C6",58.4,180
"658","2024","Jan","Block 3",2024-01-12 15:08:00,"96D7",18.9,116
"659","2024","Jan","Block 3",2024-01-12 15:08:00,"14EC",37,163
"660","2024","Jan","Block 3",2024-01-12 15:08:00,"96FB",51.5,173
"661","2024","Jan","Block 3",2024-01-12 18:09:00,"A42D",54.2,167
"662","2024","Jan","Block 3",2024-01-12 18:09:00,"1624",44.5,170
"663","2024","Jan","Block 3",2024-01-12 18:09:00,"968B",51.9,175
"664","2024","Jan","Block 3",2024-01-12 18:09:00,"1D14",50.8,173
"665","2024","Jan","Block 3",2024-01-12 18:09:00,"1D34",52.2,177
"666","2024","Jan","Block 3",2024-01-12 18:09:00,"1582",46.5,170
"667","2024","Jan","Block 3",2024-01-12 18:09:00,"1D56",46.7,170
"668","2024","Jan","Block 3",2024-01-12 18:09:00,"143A",18.3,114
"669","2024","Jan","Block 3",2024-01-12 18:09:00,"9732",30,150
"670","2024","Jan","Block 3",2024-01-12 18:09:00,"968A",22.6,135
"671","2024","Jan","Block 3",2024-01-12 21:16:00,"9709",25.8,132
"672","2024","Jan","Block 3",2024-01-12 21:16:00,"15E2",28.3,150
"673","2024","Jan","Block 3",2024-01-12 21:16:00,"169C",27,145
"674","2024","Jan","Block 3",2024-01-12 21:16:00,"1758",31.8,152
"675","2024","Jan","Block 3",2024-01-12 21:16:00,"171A",39,158
"676","2024","Jan","Block 3",2024-01-12 21:16:00,"161A",39.7,162
"677","2024","Jan","Block 3",2024-01-12 21:16:00,"A3EB",50,174
"678","2024","Jan","Block 3",2024-01-12 21:16:00,"146E",46.2,155
"679","2024","Jan","Block 3",2024-01-12 21:16:00,"1504",39.8,163
"680","2024","Jan","Block 3",2024-01-12 21:16:00,"1648",31,150
"681","2024","Jan","Block 3",2024-01-13 00:10:00,"1584",26.2,150
"682","2024","Jan","Block 3",2024-01-13 00:10:00,"A46C",36.3,165
"683","2024","Jan","Block 3",2024-01-13 00:10:00,"9687",76.5,189
"684","2024","Jan","Block 3",2024-01-13 00:10:00,"1676",75.4,201
"685","2024","Jan","Block 3",2024-01-13 00:10:00,"96CC",36.1,163
"686","2024","Jan","Block 3",2024-01-13 00:10:00,"96F2",25.3,133
"687","2024","Jan","Block 3",2024-01-13 00:10:00,"1540",44,164
"688","2024","Jan","Block 3",2024-01-13 00:10:00,"1510",29.4,150
"689","2024","Jan","Block 3",2024-01-13 00:10:00,"976C",42.8,169
"690","2024","Jan","Block 3",2024-01-13 00:10:00,"9759",55.1,183
"691","2024","Jan","Block 3",2024-01-13 03:10:00,"1712",44.3,171
"692","2024","Jan","Block 3",2024-01-13 03:10:00,"1486",28.3,148
"693","2024","Jan","Block 3",2024-01-13 03:10:00,"15BC",25.7,141
"694","2024","Jan","Block 3",2024-01-13 03:10:00,"15E8",47.2,178
"695","2024","Jan","Block 3",2024-01-13 03:10:00,"15CC",23.9,144
"696","2024","Jan","Block 3",2024-01-13 03:10:00,"96D9",37.3,160
"697","2024","Jan","Block 3",2024-01-13 03:10:00,"1766",28.9,152
"698","2024","Jan","Block 3",2024-01-13 03:10:00,"9677",27.7,145
"699","2024","Jan","Block 3",2024-01-13 03:10:00,"9753",45.5,164
"700","2024","Jan","Block 3",2024-01-13 03:10:00,"969D",26.8,147
"701","2024","Jan","Block 3",2024-01-13 06:10:00,"9749",29.2,154
"702","2024","Jan","Block 3",2024-01-13 06:10:00,"16BE",44.9,170
"703","2024","Jan","Block 3",2024-01-13 06:10:00,"1746",44.2,167
"704","2024","Jan","Block 3",2024-01-13 06:10:00,"2510",39.1,163
"705","2024","Jan","Block 3",2024-01-13 06:10:00,"165E",36.9,164
"706","2024","Jan","Block 3",2024-01-13 06:10:00,"9694",48.7,180
"707","2024","Jan","Block 3",2024-01-13 06:10:00,"1D49",23.8,145
"708","2024","Jan","Block 3",2024-01-13 06:10:00,"A45B",34.7,159
"709","2024","Jan","Block 3",2024-01-13 06:10:00,"9671",36.9,168
"710","2024","Jan","Block 3",2024-01-13 06:10:00,"14DE",40.3,164
"711","2024","Jan","Block 4",2024-01-17 09:11:00,"168C",36.9,157
"712","2024","Jan","Block 4",2024-01-17 09:11:00,"16EC",24,140
"713","2024","Jan","Block 4",2024-01-17 09:11:00,"1779",25.9,148
"714","2024","Jan","Block 4",2024-01-17 09:11:00,"1A87",36,162
"715","2024","Jan","Block 4",2024-01-17 09:11:00,"1DAC",20,120
"716","2024","Jan","Block 4",2024-01-17 09:11:00,"1628",17.9,128
"717","2024","Jan","Block 4",2024-01-17 09:11:00,"166C",23.7,143
"718","2024","Jan","Block 4",2024-01-17 09:11:00,"1D2C",21.2,135
"719","2024","Jan","Block 4",2024-01-17 09:11:00,"1588",67.7,187
"720","2024","Jan","Block 4",2024-01-17 09:11:00,"96C2",49.2,163
"721","2024","Jan","Block 4",2024-01-17 12:09:00,"16E6",43.9,167
"722","2024","Jan","Block 4",2024-01-17 12:09:00,"968C",40.7,156
"723","2024","Jan","Block 4",2024-01-17 12:09:00,"1762",34.1,152
"724","2024","Jan","Block 4",2024-01-17 12:09:00,"1D2B",29.8,155
"725","2024","Jan","Block 4",2024-01-17 12:09:00,"96AA",30.9,139
"726","2024","Jan","Block 4",2024-01-17 12:09:00,"9692",13.8,121
"727","2024","Jan","Block 4",2024-01-17 12:09:00,"1432",29.8,152
"728","2024","Jan","Block 4",2024-01-17 12:09:00,"9769",48.3,165
"729","2024","Jan","Block 4",2024-01-17 12:09:00,"14BC",45.8,163
"730","2024","Jan","Block 4",2024-01-17 12:09:00,"1732",33.6,145
"731","2024","Jan","Block 4",2024-01-17 15:14:00,"1DAA",48.3,167
"732","2024","Jan","Block 4",2024-01-17 15:14:00,"96E5",38.5,160
"733","2024","Jan","Block 4",2024-01-17 15:14:00,"1498",28,147
"734","2024","Jan","Block 4",2024-01-17 15:14:00,"1D65",27.4,149
"735","2024","Jan","Block 4",2024-01-17 15:14:00,"1442",78,186
"736","2024","Jan","Block 4",2024-01-17 15:14:00,"9736",43.2,167
"737","2024","Jan","Block 4",2024-01-17 15:14:00,"1CA5",37.5,155
"738","2024","Jan","Block 4",2024-01-17 15:14:00,"A425",61,183
"739","2024","Jan","Block 4",2024-01-17 15:14:00,"150E",58.8,183
"740","2024","Jan","Block 4",2024-01-17 15:14:00,"A3BA",53.6,165
"741","2024","Jan","Block 4",2024-01-17 18:10:00,"1D12",50.4,175
"742","2024","Jan","Block 4",2024-01-17 18:10:00,"96A2",47.1,167
"743","2024","Jan","Block 4",2024-01-17 18:10:00,"1664",27.1,140
"744","2024","Jan","Block 4",2024-01-17 18:10:00,"1668",32.7,153
"745","2024","Jan","Block 4",2024-01-17 18:10:00,"96EF",30.8,144
"746","2024","Jan","Block 4",2024-01-17 18:10:00,"164E",38.6,147
"747","2024","Jan","Block 4",2024-01-17 18:10:00,"1448",37.8,149
"748","2024","Jan","Block 4",2024-01-17 18:10:00,"1726",47.9,173
"749","2024","Jan","Block 4",2024-01-17 18:10:00,"1AB4",88.4,192
"750","2024","Jan","Block 4",2024-01-17 18:10:00,"A3D1",42.1,155
"751","2024","Jan","Block 4",2024-01-17 21:09:00,"96B0",23.1,141
"752","2024","Jan","Block 4",2024-01-17 21:09:00,"1444",41.2,157
"753","2024","Jan","Block 4",2024-01-17 21:09:00,"1D92",52.3,172
"754","2024","Jan","Block 4",2024-01-17 21:09:00,"1482",62.2,192
"755","2024","Jan","Block 4",2024-01-17 21:09:00,"168E",47.3,171
"756","2024","Jan","Block 4",2024-01-17 21:09:00,"A416",42.1,167
"757","2024","Jan","Block 4",2024-01-17 21:09:00,"16EE",82,200
"758","2024","Jan","Block 4",2024-01-17 21:09:00,"1AF2",39.3,167
"759","2024","Jan","Block 4",2024-01-17 21:09:00,"15F2",65.2,184
"760","2024","Jan","Block 4",2024-01-17 21:09:00,"972D",35.4,147
"761","2024","Jan","Block 4",2024-01-18 00:18:00,"A447",35.3,148
"762","2024","Jan","Block 4",2024-01-18 00:18:00,"172C",38.5,165
"763","2024","Jan","Block 4",2024-01-18 00:18:00,"A44A",44.5,160
"764","2024","Jan","Block 4",2024-01-18 00:18:00,"9697",23.4,132
"765","2024","Jan","Block 4",2024-01-18 00:18:00,"A463",31.3,152
"766","2024","Jan","Block 4",2024-01-18 00:18:00,"1B66",35.1,143
"767","2024","Jan","Block 4",2024-01-18 00:18:00,"1466",22.6,135
"768","2024","Jan","Block 4",2024-01-18 00:18:00,"9758",20.3,125
"769","2024","Jan","Block 4",2024-01-18 00:18:00,"1714",29.6,155
"770","2024","Jan","Block 4",2024-01-18 00:18:00,"1D95",58.3,180
"771","2024","Jan","Block 4",2024-01-18 03:08:00,"1570",32.2,145
"772","2024","Jan","Block 4",2024-01-18 03:08:00,"160A",23,125
"773","2024","Jan","Block 4",2024-01-18 03:08:00,"1642",21.5,139
"774","2024","Jan","Block 4",2024-01-18 03:08:00,"A3B9",43.2,165
"775","2024","Jan","Block 4",2024-01-18 03:08:00,"14E8",32.5,149
"776","2024","Jan","Block 4",2024-01-18 03:08:00,"96A5",57.1,187
"777","2024","Jan","Block 4",2024-01-18 03:08:00,"A442",40.3,155
"778","2024","Jan","Block 4",2024-01-18 03:08:00,"9729",29,142
"779","2024","Jan","Block 4",2024-01-18 03:08:00,"96D0",29.7,144
"780","2024","Jan","Block 4",2024-01-18 03:08:00,"1D5B",28.1,149
"781","2024","Jan","Block 4",2024-01-18 06:07:00,"A464",41,157
"782","2024","Jan","Block 4",2024-01-18 06:07:00,"1662",41.3,161
"783","2024","Jan","Block 4",2024-01-18 06:07:00,"1B32",25.1,134
"784","2024","Jan","Block 4",2024-01-18 06:07:00,"1CAD",26.2,145
"785","2024","Jan","Block 4",2024-01-18 06:07:00,"15EC",53,167
"786","2024","Jan","Block 4",2024-01-18 06:07:00,"1DA8",52.8,185
"787","2024","Jan","Block 4",2024-01-18 06:07:00,"14EE",26.8,135
"788","2024","Jan","Block 4",2024-01-18 06:07:00,"969B",27.8,140
"789","2024","Jan","Block 4",2024-01-18 06:07:00,"1736",20,124
"790","2024","Jan","Block 4",2024-01-18 06:07:00,"1B46",28.1,140
"791","2024","Jan","Block 4",2024-01-18 09:15:00,"969E",9.7,113
"792","2024","Jan","Block 4",2024-01-18 09:15:00,"2215",46.9,177
"793","2024","Jan","Block 4",2024-01-18 09:15:00,"975B",14.8,126
"794","2024","Jan","Block 4",2024-01-18 09:15:00,"9711",23.5,134
"795","2024","Jan","Block 4",2024-01-18 09:15:00,"A40D",56.2,183
"796","2024","Jan","Block 4",2024-01-18 09:15:00,"A414",40.2,168
"797","2024","Jan","Block 4",2024-01-18 09:15:00,"158C",73.7,190
"798","2024","Jan","Block 4",2024-01-18 09:15:00,"1688",18.3,132
"799","2024","Jan","Block 4",2024-01-18 09:15:00,"968D",9.9,111
"800","2024","Jan","Block 4",2024-01-18 09:15:00,"1AA5",32.1,147
"801","2024","Jan","Block 4",2024-01-18 12:14:00,"A3F5",15.2,123
"802","2024","Jan","Block 4",2024-01-18 12:14:00,"1D32",28.1,146
"803","2024","Jan","Block 4",2024-01-18 12:14:00,"A3C5",23.3,140
"804","2024","Jan","Block 4",2024-01-18 12:14:00,"9698",32.7,155
"805","2024","Jan","Block 4",2024-01-18 12:14:00,"165C",19.4,135
"806","2024","Jan","Block 4",2024-01-18 12:14:00,"1D72",24.6,144
"807","2024","Jan","Block 4",2024-01-18 12:14:00,"15BE",14.3,123
"808","2024","Jan","Block 4",2024-01-18 12:14:00,"974F",15,111
"809","2024","Jan","Block 4",2024-01-18 12:14:00,"975E",31.1,152
"810","2024","Jan","Block 4",2024-01-18 12:14:00,"2553",29.5,155
"811","2024","Jan","Block 4",2024-01-18 15:09:00,"1598",18.4,135
"812","2024","Jan","Block 4",2024-01-18 15:09:00,"14C8",30.6,143
"813","2024","Jan","Block 4",2024-01-18 15:09:00,"174C",24.9,147
"814","2024","Jan","Block 4",2024-01-18 15:09:00,"1D1A",34.8,153
"815","2024","Jan","Block 4",2024-01-18 15:09:00,"1428",24.6,135
"816","2024","Jan","Block 4",2024-01-18 15:09:00,"967D",17.6,133
"817","2024","Jan","Block 4",2024-01-18 15:09:00,"966F",24.4,135
"818","2024","Jan","Block 4",2024-01-18 15:09:00,"96AF",50,179
"819","2024","Jan","Block 4",2024-01-18 15:09:00,"A3D6",14.8,124
"820","2024","Jan","Block 4",2024-01-18 15:09:00,"157E",34,149
"821","2024","Jan","Block 4",2024-01-18 18:14:00,"1BA6",20.6,126
"822","2024","Jan","Block 4",2024-01-18 18:14:00,"9724",26.3,147
"823","2024","Jan","Block 4",2024-01-18 18:14:00,"9685",30.6,150
"824","2024","Jan","Block 4",2024-01-18 18:14:00,"1AF6",17.3,130
"825","2024","Jan","Block 4",2024-01-18 18:14:00,"A441",34.1,158
"826","2024","Jan","Block 4",2024-01-18 18:14:00,"14CC",55,180
"827","2024","Jan","Block 4",2024-01-18 18:14:00,"16A0",12,109
"828","2024","Jan","Block 4",2024-01-18 18:14:00,"1764",54.9,167
"829","2024","Jan","Block 4",2024-01-18 18:14:00,"A423",21.3,145
"830","2024","Jan","Block 4",2024-01-18 18:14:00,"A431",40.3,153
"831","2024","Jan","Block 4",2024-01-18 21:12:00,"16E8",40.1,168
"832","2024","Jan","Block 4",2024-01-18 21:12:00,"9745",21.3,123
"833","2024","Jan","Block 4",2024-01-18 21:12:00,"164C",47.6,180
"834","2024","Jan","Block 4",2024-01-18 21:12:00,"14F4",31.2,155
"835","2024","Jan","Block 4",2024-01-18 21:12:00,"1CA6",28.8,151
"836","2024","Jan","Block 4",2024-01-18 21:12:00,"144E",19.4,130
"837","2024","Jan","Block 4",2024-01-18 21:12:00,"96ED",22.7,140
"838","2024","Jan","Block 4",2024-01-18 21:12:00,"96A4",28.3,137
"839","2024","Jan","Block 4",2024-01-18 21:12:00,"9705",50.7,178
"840","2024","Jan","Block 4",2024-01-18 21:12:00,"1672",23.4,148
"841","2024","Jan","Block 4",2024-01-19 00:12:00,"149C",49.1,177
"842","2024","Jan","Block 4",2024-01-19 00:12:00,"1458",15.7,129
"843","2024","Jan","Block 4",2024-01-19 00:12:00,"96F4",75.2,191
"844","2024","Jan","Block 4",2024-01-19 00:12:00,"970A",48.3,182
"845","2024","Jan","Block 4",2024-01-19 00:12:00,"1424",40.2,168
"846","2024","Jan","Block 4",2024-01-19 00:12:00,"976E",37.6,157
"847","2024","Jan","Block 4",2024-01-19 00:12:00,"A3CB",32.6,148
"848","2024","Jan","Block 4",2024-01-19 00:12:00,"148C",27,136
"849","2024","Jan","Block 4",2024-01-19 00:12:00,"A424",66.7,193
"850","2024","Jan","Block 4",2024-01-19 00:12:00,"1644",26.9,148
"851","2024","Jan","Block 4",2024-01-19 03:19:00,"96A7",23.6,145
"852","2024","Jan","Block 4",2024-01-19 03:19:00,"1D94",19.2,135
"853","2024","Jan","Block 4",2024-01-19 03:19:00,"1D36",24.8,137
"854","2024","Jan","Block 4",2024-01-19 03:19:00,"9751",25.6,143
"855","2024","Jan","Block 4",2024-01-19 03:19:00,"1CEA",24.6,137
"856","2024","Jan","Block 4",2024-01-19 03:19:00,"1690",20.8,142
"857","2024","Jan","Block 4",2024-01-19 03:19:00,"15C4",63.9,196
"858","2024","Jan","Block 4",2024-01-19 03:19:00,"1616",17.3,128
"859","2024","Jan","Block 4",2024-01-19 03:19:00,"15B0",39.7,168
"860","2024","Jan","Block 4",2024-01-19 03:19:00,"1A96",27.5,150
"861","2024","Jan","Block 4",2024-01-19 06:12:00,"96C7",19,130
"862","2024","Jan","Block 4",2024-01-19 06:12:00,"14D8",20,137
"863","2024","Jan","Block 4",2024-01-19 06:12:00,"1422",73.5,192
"864","2024","Jan","Block 4",2024-01-19 06:12:00,"1CD4",47.5,175
"865","2024","Jan","Block 4",2024-01-19 06:12:00,"9723",32.5,156
"866","2024","Jan","Block 4",2024-01-19 06:12:00,"A437",8.6,95
"867","2024","Jan","Block 4",2024-01-19 06:12:00,"1B2A",15.6,132
"868","2024","Jan","Block 4",2024-01-19 06:12:00,"146C",21.3,140
"869","2024","Jan","Block 4",2024-01-19 06:12:00,"9691",31.8,160
"870","2024","Jan","Block 4",2024-01-19 06:12:00,"968E",25.7,150
"871","2024","Jan","Block 4",2024-01-19 08:55:00,"1560",13.8,120
"872","2024","Jan","Block 4",2024-01-19 08:55:00,"15A0",35.2,164
"873","2024","Jan","Block 4",2024-01-19 08:55:00,"A3B1",15.4,125
"874","2024","Jan","Block 4",2024-01-19 08:55:00,"1734",18.2,130
"875","2024","Jan","Block 4",2024-01-19 08:55:00,"15EE",11,117
"876","2024","Jan","Block 4",2024-01-19 08:55:00,"9693",35.1,150
"877","2024","Jan","Block 4",2024-01-19 08:55:00,"1CA2",29.7,152
"878","2024","Jan","Block 4",2024-01-19 08:55:00,"9761",36.1,160
"879","2024","Jan","Block 4",2024-01-19 08:55:00,"1612",16.6,126
"880","2024","Jan","Block 4",2024-01-19 08:55:00,"A451",51.9,174
"881","2024","Jan","Block 4",2024-01-19 11:42:00,"170A",21.8,137
"882","2024","Jan","Block 4",2024-01-19 11:42:00,"1D5A",40.5,164
"883","2024","Jan","Block 4",2024-01-19 11:42:00,"96E3",35,158
"884","2024","Jan","Block 4",2024-01-19 11:42:00,"142C",18.5,134
"885","2024","Jan","Block 4",2024-01-19 11:42:00,"1AA8",34.4,147
"886","2024","Jan","Block 4",2024-01-19 11:42:00,"A435",22.2,137
"887","2024","Jan","Block 4",2024-01-19 11:42:00,"1698",55,173
"888","2024","Jan","Block 4",2024-01-19 11:42:00,"15F6",54.9,173
"889","2024","Jan","Block 4",2024-01-19 11:42:00,"148E",60.8,188
"890","2024","Jan","Block 4",2024-01-19 11:42:00,"1D52",24.2,144
"891","2024","Jan","Block 4",2024-01-19 15:00:00,"162E",45.1,171
"892","2024","Jan","Block 4",2024-01-19 15:00:00,"153C",38.8,168
"893","2024","Jan","Block 4",2024-01-19 15:00:00,"169E",49.2,173
"894","2024","Jan","Block 4",2024-01-19 15:00:00,"96FA",40.7,167
"895","2024","Jan","Block 4",2024-01-19 15:00:00,"1636",14,120
"896","2024","Jan","Block 4",2024-01-19 15:00:00,"96CF",35.9,161
"897","2024","Jan","Block 4",2024-01-19 15:00:00,"9716",35.5,160
"898","2024","Jan","Block 4",2024-01-19 15:00:00,"1BA9",46.9,173
"899","2024","Jan","Block 4",2024-01-19 15:00:00,"A3DD",25.6,147
"900","2024","Jan","Block 4",2024-01-19 15:00:00,"1666",33.3,156
"901","2024","Jan","Block 4",2024-01-19 17:22:00,"A44D",32.7,151
"902","2024","Jan","Block 4",2024-01-19 17:22:00,"9690",35.6,160
"903","2024","Jan","Block 4",2024-01-19 17:22:00,"A453",24.2,141
"904","2024","Jan","Block 4",2024-01-19 17:22:00,"1506",28.7,141
"905","2024","Jan","Block 4",2024-01-19 17:22:00,"16BC",19.8,135
"906","2024","Jan","Block 4",2024-01-19 17:22:00,"96DB",27.8,150
"907","2024","Jan","Block 4",2024-01-19 17:22:00,"9721",37.4,148
"908","2024","Jan","Block 4",2024-01-19 17:22:00,"14C6",40.2,167
"909","2024","Jan","Block 4",2024-01-19 17:22:00,"14A0",16.1,122
"910","2024","Jan","Block 4",2024-01-19 17:22:00,"A44B",39.4,155
"911","2024","Jan","Block 4",2024-01-19 21:07:00,"176C",32.9,158
"912","2024","Jan","Block 4",2024-01-19 21:07:00,"9713",45.1,180
"913","2024","Jan","Block 4",2024-01-19 21:07:00,"1DAE",45.9,168
"914","2024","Jan","Block 4",2024-01-19 21:07:00,"96F7",26,145
"915","2024","Jan","Block 4",2024-01-19 21:07:00,"1508",46,178
"916","2024","Jan","Block 4",2024-01-19 21:07:00,"16D0",48.4,175
"917","2024","Jan","Block 4",2024-01-19 21:07:00,"A444",36.6,150
"918","2024","Jan","Block 4",2024-01-19 21:07:00,"1434",25.8,143
"919","2024","Jan","Block 4",2024-01-19 21:07:00,"1674",33.1,157
"920","2024","Jan","Block 4",2024-01-19 21:07:00,"9696",24.1,144
"921","2024","Jan","Block 4",2024-01-20 00:07:00,"A41D",23.3,147
"922","2024","Jan","Block 4",2024-01-20 00:07:00,"9766",61.3,190
"923","2024","Jan","Block 4",2024-01-20 00:07:00,"974C",37,166
"924","2024","Jan","Block 4",2024-01-20 00:07:00,"1C5A",19.4,130
"925","2024","Jan","Block 4",2024-01-20 00:07:00,"976B",26.2,155
"926","2024","Jan","Block 4",2024-01-20 00:07:00,"1AA0",42.7,163
"927","2024","Jan","Block 4",2024-01-20 00:07:00,"1C9A",27.2,139
"928","2024","Jan","Block 4",2024-01-20 00:07:00,"1A81",41.2,163
"929","2024","Jan","Block 4",2024-01-20 00:07:00,"1D51",45.9,170
"930","2024","Jan","Block 4",2024-01-20 00:07:00,"16C4",37.1,155
"931","2024","Jan","Block 4",2024-01-20 03:10:00,"A3B3",43.7,171
"932","2024","Jan","Block 4",2024-01-20 03:10:00,"1468",48.6,176
"933","2024","Jan","Block 4",2024-01-20 03:10:00,"16D8",30.8,155
"934","2024","Jan","Block 4",2024-01-20 03:10:00,"1650",49,174
"935","2024","Jan","Block 4",2024-01-20 03:10:00,"1484",22.2,144
"936","2024","Jan","Block 4",2024-01-20 03:10:00,"96D3",26.3,145
"937","2024","Jan","Block 4",2024-01-20 03:10:00,"1614",41.2,162
"938","2024","Jan","Block 4",2024-01-20 03:10:00,"16CC",42.8,175
"939","2024","Jan","Block 4",2024-01-20 03:10:00,"15E6",22.1,138
"940","2024","Jan","Block 4",2024-01-20 03:10:00,"1776",42.6,169
"941","2024","Jan","Block 4",2024-01-20 06:15:00,"1D7A",21.4,140
"942","2024","Jan","Block 4",2024-01-20 06:15:00,"1490",44.3,167
"943","2024","Jan","Block 4",2024-01-20 06:15:00,"A3BB",37.6,163
"944","2024","Jan","Block 4",2024-01-20 06:15:00,"973A",37.7,162
"945","2024","Jan","Block 4",2024-01-20 06:15:00,"1D4E",27.2,144
"946","2024","Jan","Block 4",2024-01-20 06:15:00,"9748",23.1,145
"947","2024","Jan","Block 4",2024-01-20 06:15:00,"972B",31,162
"948","2024","Jan","Block 4",2024-01-20 06:15:00,"265A",20.3,135
"949","2024","Jan","Block 4",2024-01-20 06:15:00,"2159",33.8,158
"950","2024","Jan","Block 4",2024-01-20 06:15:00,"2691",38,165
"951","2024","Feb","Block 5",2024-02-14 09:14:00,"9543",14.7,125
"952","2024","Feb","Block 5",2024-02-14 09:14:00,"9539",42.5,171
"953","2024","Feb","Block 5",2024-02-14 09:14:00,"94F7",32.7,145
"954","2024","Feb","Block 5",2024-02-14 09:14:00,"9535",79.7,193
"955","2024","Feb","Block 5",2024-02-14 09:14:00,"95B1",19.1,127
"956","2024","Feb","Block 5",2024-02-14 09:14:00,"957A",19.1,137
"957","2024","Feb","Block 5",2024-02-14 09:14:00,"95D1",15.3,130
"958","2024","Feb","Block 5",2024-02-14 09:14:00,"9576",18.8,130
"959","2024","Feb","Block 5",2024-02-14 09:14:00,"94FB",56.3,171
"960","2024","Feb","Block 5",2024-02-14 09:14:00,"9504",15.1,117
"961","2024","Feb","Block 5",2024-02-14 12:12:00,"950B",27.1,152
"962","2024","Feb","Block 5",2024-02-14 12:12:00,"94DE",11.8,107
"963","2024","Feb","Block 5",2024-02-14 12:12:00,"957F",27.3,145
"964","2024","Feb","Block 5",2024-02-14 12:12:00,"958E",19.8,137
"965","2024","Feb","Block 5",2024-02-14 12:12:00,"95C8",16,122
"966","2024","Feb","Block 5",2024-02-14 12:12:00,"95D8",32.4,160
"967","2024","Feb","Block 5",2024-02-14 12:12:00,"95C2",24,158
"968","2024","Feb","Block 5",2024-02-14 12:12:00,"95B8",18.3,127
"969","2024","Feb","Block 5",2024-02-14 12:12:00,"9533",66.8,184
"970","2024","Feb","Block 5",2024-02-14 12:12:00,"9534",34.1,160
"971","2024","Feb","Block 5",2024-02-14 15:15:00,"95D6",13.3,115
"972","2024","Feb","Block 5",2024-02-14 15:15:00,"9548",21.1,145
"973","2024","Feb","Block 5",2024-02-14 15:15:00,"9517",9.1,105
"974","2024","Feb","Block 5",2024-02-14 15:15:00,"9592",16.1,123
"975","2024","Feb","Block 5",2024-02-14 15:15:00,"959D",44.5,155
"976","2024","Feb","Block 5",2024-02-14 15:15:00,"94F4",56.4,175
"977","2024","Feb","Block 5",2024-02-14 15:15:00,"958A",22.5,150
"978","2024","Feb","Block 5",2024-02-14 15:15:00,"9552",10.8,103
"979","2024","Feb","Block 5",2024-02-14 15:15:00,"95E8",31.4,145
"980","2024","Feb","Block 5",2024-02-14 15:15:00,"94F6",42.5,162
"981","2024","Feb","Block 5",2024-02-14 18:00:00,"94EF",17.7,134
"982","2024","Feb","Block 5",2024-02-14 18:00:00,"94FA",40.7,155
"983","2024","Feb","Block 5",2024-02-14 18:00:00,"9513",22.3,134
"984","2024","Feb","Block 5",2024-02-14 18:00:00,"95CC",32.9,152
"985","2024","Feb","Block 5",2024-02-14 18:00:00,"9556",31.6,142
"986","2024","Feb","Block 5",2024-02-14 18:00:00,"95C4",16.5,114
"987","2024","Feb","Block 5",2024-02-14 18:00:00,"9594",20.3,124
"988","2024","Feb","Block 5",2024-02-14 18:00:00,"95DC",18.6,122
"989","2024","Feb","Block 5",2024-02-14 18:00:00,"9518",20.2,123
"990","2024","Feb","Block 5",2024-02-14 18:00:00,"95C3",20.9,121
"991","2024","Feb","Block 5",2024-02-14 21:14:00,"95C1",26.5,139
"992","2024","Feb","Block 5",2024-02-14 21:14:00,"95ED",50.3,181
"993","2024","Feb","Block 5",2024-02-14 21:14:00,"95D9",56.8,178
"994","2024","Feb","Block 5",2024-02-14 21:14:00,"9585",45.5,175
"995","2024","Feb","Block 5",2024-02-14 21:14:00,"954E",40.3,155
"996","2024","Feb","Block 5",2024-02-14 21:14:00,"952A",19.2,138
"997","2024","Feb","Block 5",2024-02-14 21:14:00,"959B",32.7,156
"998","2024","Feb","Block 5",2024-02-14 21:14:00,"94D7",43.1,170
"999","2024","Feb","Block 5",2024-02-14 21:14:00,"95CA",46.7,178
"1000","2024","Feb","Block 5",2024-02-14 21:14:00,"9582",16.9,143
"1001","2024","Feb","Block 5",2024-02-15 00:05:00,"953D",44,175
"1002","2024","Feb","Block 5",2024-02-15 00:05:00,"94E9",20.4,145
"1003","2024","Feb","Block 5",2024-02-15 00:05:00,"959E",40.7,159
"1004","2024","Feb","Block 5",2024-02-15 00:05:00,"952C",33.6,148
"1005","2024","Feb","Block 5",2024-02-15 00:05:00,"955E",35.9,154
"1006","2024","Feb","Block 5",2024-02-15 00:05:00,"9599",53.8,187
"1007","2024","Feb","Block 5",2024-02-15 00:05:00,"9583",54.7,187
"1008","2024","Feb","Block 5",2024-02-15 00:05:00,"9546",24.3,145
"1009","2024","Feb","Block 5",2024-02-15 00:05:00,"950F",61.2,178
"1010","2024","Feb","Block 5",2024-02-15 00:05:00,"954B",78,196
"1011","2024","Feb","Block 5",2024-02-15 03:11:00,"9516",55.7,180
"1012","2024","Feb","Block 5",2024-02-15 03:11:00,"9536",22.1,124
"1013","2024","Feb","Block 5",2024-02-15 03:11:00,"9562",52.8,179
"1014","2024","Feb","Block 5",2024-02-15 03:11:00,"9558",46.2,164
"1015","2024","Feb","Block 5",2024-02-15 03:11:00,"95E1",70.6,184
"1016","2024","Feb","Block 5",2024-02-15 03:11:00,"9540",71.3,185
"1017","2024","Feb","Block 5",2024-02-15 03:11:00,"951E",39.1,169
"1018","2024","Feb","Block 5",2024-02-15 03:11:00,"94ED",61.5,182
"1019","2024","Feb","Block 5",2024-02-15 03:11:00,"956E",29.9,138
"1020","2024","Feb","Block 5",2024-02-15 03:11:00,"958D",34.3,145
"1021","2024","Feb","Block 5",2024-02-15 06:08:00,"9577",43.7,170
"1022","2024","Feb","Block 5",2024-02-15 06:08:00,"95AF",32.1,150
"1023","2024","Feb","Block 5",2024-02-15 06:08:00,"955F",33.9,163
"1024","2024","Feb","Block 5",2024-02-15 06:08:00,"94EE",26.3,136
"1025","2024","Feb","Block 5",2024-02-15 06:08:00,"9507",44.2,164
"1026","2024","Feb","Block 5",2024-02-15 06:08:00,"951F",55.4,169
"1027","2024","Feb","Block 5",2024-02-15 06:08:00,"9514",53.1,173
"1028","2024","Feb","Block 5",2024-02-15 06:08:00,"953E",84.4,197
"1029","2024","Feb","Block 5",2024-02-15 06:08:00,"9561",81.1,196
"1030","2024","Feb","Block 5",2024-02-15 06:08:00,"95BB",23.5,145
"1031","2024","Feb","Block 5",2024-02-15 09:15:00,"950E",26.7,154
"1032","2024","Feb","Block 5",2024-02-15 09:15:00,"94DB",63.2,187
"1033","2024","Feb","Block 5",2024-02-15 09:15:00,"94EA",49.7,163
"1034","2024","Feb","Block 5",2024-02-15 09:15:00,"9502",24.6,134
"1035","2024","Feb","Block 5",2024-02-15 09:15:00,"956A",50.6,165
"1036","2024","Feb","Block 5",2024-02-15 09:15:00,"95EF",90,200
"1037","2024","Feb","Block 5",2024-02-15 09:15:00,"94D4",48.5,175
"1038","2024","Feb","Block 5",2024-02-15 09:15:00,"953B",22.1,140
"1039","2024","Feb","Block 5",2024-02-15 09:15:00,"9532",38.5,172
"1040","2024","Feb","Block 5",2024-02-15 09:15:00,"9588",76.3,189
"1041","2024","Feb","Block 5",2024-02-15 12:02:00,"953F",69.4,182
"1042","2024","Feb","Block 5",2024-02-15 12:02:00,"95F1",41,156
"1043","2024","Feb","Block 5",2024-02-15 12:02:00,"94D6",30.2,153
"1044","2024","Feb","Block 5",2024-02-15 12:02:00,"9566",38.8,162
"1045","2024","Feb","Block 5",2024-02-15 12:02:00,"95D2",69.6,178
"1046","2024","Feb","Block 5",2024-02-15 12:02:00,"94FD",53.2,177
"1047","2024","Feb","Block 5",2024-02-15 12:02:00,"95E2",34.3,143
"1048","2024","Feb","Block 5",2024-02-15 12:02:00,"958C",37,165
"1049","2024","Feb","Block 5",2024-02-15 12:02:00,"9584",36.2,145
"1050","2024","Feb","Block 5",2024-02-15 12:02:00,"95AA",94.3,197
"1051","2024","Feb","Block 5",2024-02-15 14:53:00,"9554",43.2,167
"1052","2024","Feb","Block 5",2024-02-15 14:53:00,"9522",22,130
"1053","2024","Feb","Block 5",2024-02-15 14:53:00,"95D7",48.6,161
"1054","2024","Feb","Block 5",2024-02-15 14:53:00,"956F",41.2,172
"1055","2024","Feb","Block 5",2024-02-15 14:53:00,"9544",48.7,161
"1056","2024","Feb","Block 5",2024-02-15 14:53:00,"95C5",20.2,136
"1057","2024","Feb","Block 5",2024-02-15 14:53:00,"95E5",118.2,211
"1058","2024","Feb","Block 5",2024-02-15 14:53:00,"95EC",74.1,181
"1059","2024","Feb","Block 5",2024-02-15 14:53:00,"95D3",82.9,194
"1060","2024","Feb","Block 5",2024-02-15 14:53:00,"958B",83.8,191
"1061","2024","Feb","Block 5",2024-02-15 18:07:00,"9530",19.4,145
"1062","2024","Feb","Block 5",2024-02-15 18:07:00,"95B7",83.7,187
"1063","2024","Feb","Block 5",2024-02-15 18:07:00,"9564",26.4,144
"1064","2024","Feb","Block 5",2024-02-15 18:07:00,"95A7",33,141
"1065","2024","Feb","Block 5",2024-02-15 18:07:00,"954C",26.5,149
"1066","2024","Feb","Block 5",2024-02-15 18:07:00,"955A",64.8,180
"1067","2024","Feb","Block 5",2024-02-15 18:07:00,"9512",52.1,160
"1068","2024","Feb","Block 5",2024-02-15 18:07:00,"95A6",66.8,172
"1069","2024","Feb","Block 5",2024-02-15 18:07:00,"94E7",47,155
"1070","2024","Feb","Block 5",2024-02-15 18:07:00,"9574",34.7,152
"1071","2024","Feb","Block 5",2024-02-15 21:10:00,"9587",18.6,153
"1072","2024","Feb","Block 5",2024-02-15 21:10:00,"9597",47.3,173
"1073","2024","Feb","Block 5",2024-02-15 21:10:00,"959A",40,158
"1074","2024","Feb","Block 5",2024-02-15 21:10:00,"9501",56.2,173
"1075","2024","Feb","Block 5",2024-02-15 21:10:00,"953C",82.9,195
"1076","2024","Feb","Block 5",2024-02-15 21:10:00,"957E",60.1,176
"1077","2024","Feb","Block 5",2024-02-15 21:10:00,"95A2",46.1,165
"1078","2024","Feb","Block 5",2024-02-15 21:10:00,"9567",23.3,149
"1079","2024","Feb","Block 5",2024-02-15 21:10:00,"95E4",57.9,185
"1080","2024","Feb","Block 5",2024-02-15 21:10:00,"9572",22.3,147
"1081","2024","Feb","Block 5",2024-02-16 00:11:00,"95A4",42.6,167
"1082","2024","Feb","Block 5",2024-02-16 00:11:00,"9508",41.4,159
"1083","2024","Feb","Block 5",2024-02-16 00:11:00,"94F3",59.2,182
"1084","2024","Feb","Block 5",2024-02-16 00:11:00,"95B9",100.2,210
"1085","2024","Feb","Block 5",2024-02-16 00:11:00,"9560",65.2,182
"1086","2024","Feb","Block 5",2024-02-16 00:11:00,"958F",40,166
"1087","2024","Feb","Block 5",2024-02-16 00:11:00,"95EE",26,158
"1088","2024","Feb","Block 5",2024-02-16 00:11:00,"94E3",23.6,150
"1089","2024","Feb","Block 5",2024-02-16 00:11:00,"95CB",64.3,180
"1090","2024","Feb","Block 5",2024-02-16 00:11:00,"9550",71.5,189
"1091","2024","Feb","Block 5",2024-02-16 03:07:00,"957B",49.9,173
"1092","2024","Feb","Block 5",2024-02-16 03:07:00,"95C6",25.1,146
"1093","2024","Feb","Block 5",2024-02-16 03:07:00,"9505",36.1,163
"1094","2024","Feb","Block 5",2024-02-16 03:07:00,"959F",92.1,204
"1095","2024","Feb","Block 5",2024-02-16 03:07:00,"95C7",99.6,210
"1096","2024","Feb","Block 5",2024-02-16 03:07:00,"952E",52.5,189
"1097","2024","Feb","Block 5",2024-02-16 03:07:00,"954A",52.2,183
"1098","2024","Feb","Block 5",2024-02-16 03:07:00,"953A",97.3,204
"1099","2024","Feb","Block 5",2024-02-16 03:07:00,"956C",20.3,140
"1100","2024","Feb","Block 5",2024-02-16 03:07:00,"95DD",108,212
"1101","2024","Feb","Block 5",2024-02-16 06:11:00,"9570",25.7,135
"1102","2024","Feb","Block 5",2024-02-16 06:11:00,"95B6",52.2,164
"1103","2024","Feb","Block 5",2024-02-16 06:11:00,"9531",54,167
"1104","2024","Feb","Block 5",2024-02-16 06:11:00,"9511",55.3,170
"1105","2024","Feb","Block 5",2024-02-16 06:11:00,"94D8",55.2,190
"1106","2024","Feb","Block 5",2024-02-16 06:11:00,"95D0",33.4,160
"1107","2024","Feb","Block 5",2024-02-16 06:11:00,"9541",45.2,163
"1108","2024","Feb","Block 5",2024-02-16 06:11:00,"95D4",40.9,160
"1109","2024","Feb","Block 5",2024-02-16 06:11:00,"94F9",36.5,164
"1110","2024","Feb","Block 5",2024-02-16 06:11:00,"9506",31.8,170
"1111","2024","Feb","Block 5",2024-02-16 08:55:00,"95BC",41.5,168
"1112","2024","Feb","Block 5",2024-02-16 08:55:00,"9596",41.6,152
"1113","2024","Feb","Block 5",2024-02-16 08:55:00,"95E7",30.9,140
"1114","2024","Feb","Block 5",2024-02-16 08:55:00,"95B3",30.4,155
"1115","2024","Feb","Block 5",2024-02-16 08:55:00,"94DF",14.1,120
"1116","2024","Feb","Block 5",2024-02-16 08:55:00,"9538",38,167
"1117","2024","Feb","Block 5",2024-02-16 08:55:00,"951D",44.7,169
"1118","2024","Feb","Block 5",2024-02-16 08:55:00,"9542",27.9,152
"1119","2024","Feb","Block 5",2024-02-16 08:55:00,"9589",112.7,211
"1120","2024","Feb","Block 5",2024-02-16 08:55:00,"95DE",42.6,155
"1121","2024","Feb","Block 5",2024-02-16 12:23:00,"959C",48.3,170
"1122","2024","Feb","Block 5",2024-02-16 12:23:00,"95DB",40.4,154
"1123","2024","Feb","Block 5",2024-02-16 12:23:00,"95BF",61.4,171
"1124","2024","Feb","Block 5",2024-02-16 12:23:00,"9586",49.2,163
"1125","2024","Feb","Block 5",2024-02-16 12:23:00,"95C9",40.3,168
"1126","2024","Feb","Block 5",2024-02-16 12:23:00,"95E3",39.1,163
"1127","2024","Feb","Block 5",2024-02-16 12:23:00,"955C",37.5,152
"1128","2024","Feb","Block 5",2024-02-16 12:23:00,"95CF",22.4,148
"1129","2024","Feb","Block 5",2024-02-16 12:23:00,"95BE",56.2,165
"1130","2024","Feb","Block 5",2024-02-16 12:23:00,"95CE",38.6,166
"1131","2024","Feb","Block 5",2024-02-16 15:13:00,"A28D",44.4,160
"1132","2024","Feb","Block 5",2024-02-16 15:13:00,"A373",48.6,178
"1133","2024","Feb","Block 5",2024-02-16 15:13:00,"A2A1",49.4,175
"1134","2024","Feb","Block 5",2024-02-16 15:13:00,"9668",21,145
"1135","2024","Feb","Block 5",2024-02-16 15:13:00,"963D",28.8,152
"1136","2024","Feb","Block 5",2024-02-16 15:13:00,"A1A9",31.5,156
"1137","2024","Feb","Block 5",2024-02-16 15:13:00,"A358",24.8,148
"1138","2024","Feb","Block 5",2024-02-16 15:13:00,"9665",111.2,209
"1139","2024","Feb","Block 5",2024-02-16 15:13:00,"A091",32.2,164
"1140","2024","Feb","Block 5",2024-02-16 15:13:00,"A209",64,177
"1141","2024","Feb","Block 5",2024-02-16 18:12:00,"A0AD",50.6,163
"1142","2024","Feb","Block 5",2024-02-16 18:12:00,"9624",62,175
"1143","2024","Feb","Block 5",2024-02-16 18:12:00,"962C",29.1,139
"1144","2024","Feb","Block 5",2024-02-16 18:12:00,"A244",32.4,154
"1145","2024","Feb","Block 5",2024-02-16 18:12:00,"A375",34.1,159
"1146","2024","Feb","Block 5",2024-02-16 18:12:00,"299A",64.3,172
"1147","2024","Feb","Block 5",2024-02-16 18:12:00,"A334",46.4,170
"1148","2024","Feb","Block 5",2024-02-16 18:12:00,"A377",32.6,143
"1149","2024","Feb","Block 5",2024-02-16 18:12:00,"A0D2",27.9,135
"1150","2024","Feb","Block 5",2024-02-16 18:12:00,"29AE",87.4,195
"1151","2024","Feb","Block 5",2024-02-16 21:10:00,"9F75",19.4,150
"1152","2024","Feb","Block 5",2024-02-16 21:10:00,"A3AD",17.4,136
"1153","2024","Feb","Block 5",2024-02-16 21:10:00,"A223",22.4,154
"1154","2024","Feb","Block 5",2024-02-16 21:10:00,"A391",61.7,195
"1155","2024","Feb","Block 5",2024-02-16 21:10:00,"A1A1",45.5,180
"1156","2024","Feb","Block 5",2024-02-16 21:10:00,"A243",20.1,142
"1157","2024","Feb","Block 5",2024-02-16 21:10:00,"A1CA",41.3,158
"1158","2024","Feb","Block 5",2024-02-16 21:10:00,"A0AB",36.2,147
"1159","2024","Feb","Block 5",2024-02-16 21:10:00,"A2EE",45.4,160
"1160","2024","Feb","Block 5",2024-02-16 21:10:00,"A309",27.4,145
"1161","2024","Feb","Block 5",2024-02-17 00:09:00,"A267",42.8,152
"1162","2024","Feb","Block 5",2024-02-17 00:09:00,"9657",28.1,150
"1163","2024","Feb","Block 5",2024-02-17 00:09:00,"A2D9",79.3,195
"1164","2024","Feb","Block 5",2024-02-17 00:09:00,"A376",35.9,152
"1165","2024","Feb","Block 5",2024-02-17 00:09:00,"A236",59.3,180
"1166","2024","Feb","Block 5",2024-02-17 00:09:00,"A3A8",37.2,172
"1167","2024","Feb","Block 5",2024-02-17 00:09:00,"A394",20.6,145
"1168","2024","Feb","Block 5",2024-02-17 00:09:00,"A2A0",30.8,143
"1169","2024","Feb","Block 5",2024-02-17 00:09:00,"A1D2",51.5,170
"1170","2024","Feb","Block 5",2024-02-17 00:09:00,"A226",35.4,172
"1171","2024","Feb","Block 5",2024-02-17 03:17:00,"A116",23.9,153
"1172","2024","Feb","Block 5",2024-02-17 03:17:00,"95FD",41.6,160
"1173","2024","Feb","Block 5",2024-02-17 03:17:00,"A31A",33.4,167
"1174","2024","Feb","Block 5",2024-02-17 03:17:00,"A2E8",91.8,204
"1175","2024","Feb","Block 5",2024-02-17 03:17:00,"A339",25.7,153
"1176","2024","Feb","Block 5",2024-02-17 03:17:00,"A395",49.5,184
"1177","2024","Feb","Block 5",2024-02-17 03:17:00,"9653",30.5,165
"1178","2024","Feb","Block 5",2024-02-17 03:17:00,"A1D7",29.1,144
"1179","2024","Feb","Block 5",2024-02-17 03:17:00,"9659",57,178
"1180","2024","Feb","Block 5",2024-02-17 03:17:00,"A22E",37.7,160
"1181","2024","Feb","Block 5",2024-02-17 06:14:00,"9666",53.9,178
"1182","2024","Feb","Block 5",2024-02-17 06:14:00,"9644",18.2,119
"1183","2024","Feb","Block 5",2024-02-17 06:14:00,"A389",18.2,140
"1184","2024","Feb","Block 5",2024-02-17 06:14:00,"9626",22.6,144
"1185","2024","Feb","Block 5",2024-02-17 06:14:00,"A24D",14.3,132
"1186","2024","Feb","Block 5",2024-02-17 06:14:00,"A23B",72.6,190
"1187","2024","Feb","Block 5",2024-02-17 06:14:00,"A2BF",57.2,180
"1188","2024","Feb","Block 5",2024-02-17 06:14:00,"A189",64.6,190
"1189","2024","Feb","Block 5",2024-02-17 06:14:00,"9662",21.5,146
"1190","2024","Feb","Block 5",2024-02-17 06:14:00,"A39B",32,155
"1191","2024","Apr","Block 6",2024-04-17 09:13:00,"945A",5,78
"1192","2024","Apr","Block 6",2024-04-17 09:13:00,"94BF",9.5,95
"1193","2024","Apr","Block 6",2024-04-17 09:13:00,"93A1",9.6,93
"1194","2024","Apr","Block 6",2024-04-17 09:13:00,"92F9",7.7,94
"1195","2024","Apr","Block 6",2024-04-17 09:13:00,"9488",11.3,99
"1196","2024","Apr","Block 6",2024-04-17 09:13:00,"9C52",8.9,94
"1197","2024","Apr","Block 6",2024-04-17 09:13:00,"93DD",9.9,96
"1198","2024","Apr","Block 6",2024-04-17 09:13:00,"9432",7.4,88
"1199","2024","Apr","Block 6",2024-04-17 09:13:00,"9419",8.7,92
"1200","2024","Apr","Block 6",2024-04-17 09:13:00,"9446",8,91
"1201","2024","Apr","Block 6",2024-04-17 12:11:00,"936C",8.3,90
"1202","2024","Apr","Block 6",2024-04-17 12:11:00,"9B6F",6.8,81
"1203","2024","Apr","Block 6",2024-04-17 12:11:00,"92D4",6.2,80
"1204","2024","Apr","Block 6",2024-04-17 12:11:00,"9431",8.8,90
"1205","2024","Apr","Block 6",2024-04-17 12:11:00,"92F4",8.2,87
"1206","2024","Apr","Block 6",2024-04-17 12:11:00,"937B",11.4,100
"1207","2024","Apr","Block 6",2024-04-17 12:11:00,"9379",9,93
"1208","2024","Apr","Block 6",2024-04-17 12:11:00,"934D",8.1,89
"1209","2024","Apr","Block 6",2024-04-17 12:11:00,"92C4",10.3,95
"1210","2024","Apr","Block 6",2024-04-17 12:11:00,"94CB",9.3,95
"1211","2024","Apr","Block 6",2024-04-17 15:13:00,"9361",6.8,85
"1212","2024","Apr","Block 6",2024-04-17 15:13:00,"9321",8.8,92
"1213","2024","Apr","Block 6",2024-04-17 15:13:00,"9B32",9.5,91
"1214","2024","Apr","Block 6",2024-04-17 15:13:00,"9BC5",12.6,100
"1215","2024","Apr","Block 6",2024-04-17 15:13:00,"9B74",8.6,91
"1216","2024","Apr","Block 6",2024-04-17 15:13:00,"933B",5.5,77
"1217","2024","Apr","Block 6",2024-04-17 15:13:00,"948E",9.4,97
"1218","2024","Apr","Block 6",2024-04-17 15:13:00,"9288",7.1,85
"1219","2024","Apr","Block 6",2024-04-17 15:13:00,"9327",9.9,96
"1220","2024","Apr","Block 6",2024-04-17 15:13:00,"9394",9,88
"1221","2024","Apr","Block 6",2024-04-17 18:08:00,"9352",8.9,91
"1222","2024","Apr","Block 6",2024-04-17 18:08:00,"935B",7.6,86
"1223","2024","Apr","Block 6",2024-04-17 18:08:00,"92F3",8.7,91
"1224","2024","Apr","Block 6",2024-04-17 18:08:00,"949B",12.7,102
"1225","2024","Apr","Block 6",2024-04-17 18:08:00,"92E9",9.3,91
"1226","2024","Apr","Block 6",2024-04-17 18:08:00,"94B4",8.8,90
"1227","2024","Apr","Block 6",2024-04-17 18:08:00,"92BF",9.1,92
"1228","2024","Apr","Block 6",2024-04-17 18:08:00,"92F1",7.2,83
"1229","2024","Apr","Block 6",2024-04-17 18:08:00,"934A",5.3,79
"1230","2024","Apr","Block 6",2024-04-17 18:08:00,"9454",7.2,87
"1231","2024","Apr","Block 6",2024-04-17 21:21:00,"9319",8.9,90
"1232","2024","Apr","Block 6",2024-04-17 21:21:00,"9313",9.5,94
"1233","2024","Apr","Block 6",2024-04-17 21:21:00,"9498",8.3,93
"1234","2024","Apr","Block 6",2024-04-17 21:21:00,"9B39",9,94
"1235","2024","Apr","Block 6",2024-04-17 21:21:00,"94A7",12.6,102
"1236","2024","Apr","Block 6",2024-04-17 21:21:00,"944F",10.2,96
"1237","2024","Apr","Block 6",2024-04-17 21:21:00,"9B68",9.4,91
"1238","2024","Apr","Block 6",2024-04-17 21:21:00,"9497",9,93
"1239","2024","Apr","Block 6",2024-04-17 21:21:00,"9367",8.3,86
"1240","2024","Apr","Block 6",2024-04-17 21:21:00,"928C",7.5,88
"1241","2024","Apr","Block 6",2024-04-18 00:12:00,"92A4",8.2,92
"1242","2024","Apr","Block 6",2024-04-18 00:12:00,"93E5",10.1,96
"1243","2024","Apr","Block 6",2024-04-18 00:12:00,"9BA2",6.8,84
"1244","2024","Apr","Block 6",2024-04-18 00:12:00,"9298",7.8,85
"1245","2024","Apr","Block 6",2024-04-18 00:12:00,"9BB3",7.6,90
"1246","2024","Apr","Block 6",2024-04-18 00:12:00,"932D",12,102
"1247","2024","Apr","Block 6",2024-04-18 00:12:00,"9316",9.8,97
"1248","2024","Apr","Block 6",2024-04-18 00:12:00,"9336",9.8,95
"1249","2024","Apr","Block 6",2024-04-18 00:12:00,"93B3",5.4,78
"1250","2024","Apr","Block 6",2024-04-18 00:12:00,"92A0",7.5,90
"1251","2024","Apr","Block 6",2024-04-18 03:18:00,"936E",6.2,83
"1252","2024","Apr","Block 6",2024-04-18 03:18:00,"9391",10.3,94
"1253","2024","Apr","Block 6",2024-04-18 03:18:00,"9BAD",7.5,92
"1254","2024","Apr","Block 6",2024-04-18 03:18:00,"9459",7.6,89
"1255","2024","Apr","Block 6",2024-04-18 03:18:00,"9B8A",8.2,90
"1256","2024","Apr","Block 6",2024-04-18 03:18:00,"9C56",7.2,89
"1257","2024","Apr","Block 6",2024-04-18 03:18:00,"92E3",7.7,88
"1258","2024","Apr","Block 6",2024-04-18 03:18:00,"9B92",8.9,93
"1259","2024","Apr","Block 6",2024-04-18 03:18:00,"9C5A",9.5,93
"1260","2024","Apr","Block 6",2024-04-18 03:18:00,"9BBD",5.2,79
"1261","2024","Apr","Block 6",2024-04-18 06:17:00,"92CD",10.4,96
"1262","2024","Apr","Block 6",2024-04-18 06:17:00,"9311",4.4,77
"1263","2024","Apr","Block 6",2024-04-18 06:17:00,"936A",5.4,86
"1264","2024","Apr","Block 6",2024-04-18 06:17:00,"9B5B",9.7,95
"1265","2024","Apr","Block 6",2024-04-18 06:17:00,"9B69",8,92
"1266","2024","Apr","Block 6",2024-04-18 06:17:00,"942D",5,79
"1267","2024","Apr","Block 6",2024-04-18 06:17:00,"932C",6.7,83
"1268","2024","Apr","Block 6",2024-04-18 06:17:00,"9392",8.1,89
"1269","2024","Apr","Block 6",2024-04-18 06:17:00,"9B53",9.4,94
"1270","2024","Apr","Block 6",2024-04-18 06:17:00,"92EF",4.3,82
"1271","2024","Apr","Block 6",2024-04-18 09:10:00,"9487",11.7,97
"1272","2024","Apr","Block 6",2024-04-18 09:10:00,"9371",7.8,88
"1273","2024","Apr","Block 6",2024-04-18 09:10:00,"9369",10.3,92
"1274","2024","Apr","Block 6",2024-04-18 09:10:00,"9B37",8.3,88
"1275","2024","Apr","Block 6",2024-04-18 09:10:00,"9425",10.7,96
"1276","2024","Apr","Block 6",2024-04-18 09:10:00,"9417",11.8,97
"1277","2024","Apr","Block 6",2024-04-18 09:10:00,"940A",11.8,101
"1278","2024","Apr","Block 6",2024-04-18 09:10:00,"93B2",6.9,82
"1279","2024","Apr","Block 6",2024-04-18 09:10:00,"9C2A",9.6,96
"1280","2024","Apr","Block 6",2024-04-18 09:10:00,"92D8",5.4,81
"1281","2024","Apr","Block 6",2024-04-18 12:10:00,"9B2E",9.9,97
"1282","2024","Apr","Block 6",2024-04-18 12:10:00,"93D5",9.4,87
"1283","2024","Apr","Block 6",2024-04-18 12:10:00,"93A3",9.7,94
"1284","2024","Apr","Block 6",2024-04-18 12:10:00,"92E7",7.9,87
"1285","2024","Apr","Block 6",2024-04-18 12:10:00,"92F7",7.1,89
"1286","2024","Apr","Block 6",2024-04-18 12:10:00,"9326",9.2,89
"1287","2024","Apr","Block 6",2024-04-18 12:10:00,"9345",9.4,92
"1288","2024","Apr","Block 6",2024-04-18 12:10:00,"9325",9.2,93
"1289","2024","Apr","Block 6",2024-04-18 12:10:00,"946A",7.7,87
"1290","2024","Apr","Block 6",2024-04-18 12:10:00,"931B",9.1,90
"1291","2024","Apr","Block 6",2024-04-18 15:17:00,"9290",5,78
"1292","2024","Apr","Block 6",2024-04-18 15:17:00,"9465",8.6,89
"1293","2024","Apr","Block 6",2024-04-18 15:17:00,"936D",9.3,94
"1294","2024","Apr","Block 6",2024-04-18 15:17:00,"9293",8,88
"1295","2024","Apr","Block 6",2024-04-18 15:17:00,"9332",9.6,95
"1296","2024","Apr","Block 6",2024-04-18 15:17:00,"9397",11.8,100
"1297","2024","Apr","Block 6",2024-04-18 15:17:00,"928A",9.3,90
"1298","2024","Apr","Block 6",2024-04-18 15:17:00,"9389",8.8,93
"1299","2024","Apr","Block 6",2024-04-18 15:17:00,"9B59",11.4,98
"1300","2024","Apr","Block 6",2024-04-18 15:17:00,"9447",6.8,84
"1301","2024","Apr","Block 6",2024-04-18 18:08:00,"93B6",8.7,91
"1302","2024","Apr","Block 6",2024-04-18 18:08:00,"9347",10.9,95
"1303","2024","Apr","Block 6",2024-04-18 18:08:00,"941B",8.9,91
"1304","2024","Apr","Block 6",2024-04-18 18:08:00,"932E",10,94
"1305","2024","Apr","Block 6",2024-04-18 18:08:00,"944B",9.2,95
"1306","2024","Apr","Block 6",2024-04-18 18:08:00,"9C35",10.2,100
"1307","2024","Apr","Block 6",2024-04-18 18:08:00,"9366",7.9,85
"1308","2024","Apr","Block 6",2024-04-18 18:08:00,"9C55",9.4,96
"1309","2024","Apr","Block 6",2024-04-18 18:08:00,"940D",6,84
"1310","2024","Apr","Block 6",2024-04-18 18:08:00,"94D1",7.4,87
"1311","2024","Apr","Block 6",2024-04-18 21:16:00,"9376",11.1,98
"1312","2024","Apr","Block 6",2024-04-18 21:16:00,"939B",7.6,83
"1313","2024","Apr","Block 6",2024-04-18 21:16:00,"9412",9,95
"1314","2024","Apr","Block 6",2024-04-18 21:16:00,"92A7",8.1,89
"1315","2024","Apr","Block 6",2024-04-18 21:16:00,"93E9",7.5,93
"1316","2024","Apr","Block 6",2024-04-18 21:16:00,"93AB",10,94
"1317","2024","Apr","Block 6",2024-04-18 21:16:00,"930A",10,96
"1318","2024","Apr","Block 6",2024-04-18 21:16:00,"9B2B",7.1,89
"1319","2024","Apr","Block 6",2024-04-18 21:16:00,"92D3",8.3,89
"1320","2024","Apr","Block 6",2024-04-18 21:16:00,"9415",9.3,95
"1321","2024","Apr","Block 6",2024-04-19 00:08:00,"926A",6.2,85
"1322","2024","Apr","Block 6",2024-04-19 00:08:00,"9B42",7.3,88
"1323","2024","Apr","Block 6",2024-04-19 00:08:00,"9439",9.1,97
"1324","2024","Apr","Block 6",2024-04-19 00:08:00,"92CF",8.5,89
"1325","2024","Apr","Block 6",2024-04-19 00:08:00,"A232",10.3,96
"1326","2024","Apr","Block 6",2024-04-19 00:08:00,"94AF",7.1,83
"1327","2024","Apr","Block 6",2024-04-19 00:08:00,"9463",9.9,94
"1328","2024","Apr","Block 6",2024-04-19 00:08:00,"9359",10.4,94
"1329","2024","Apr","Block 6",2024-04-19 00:08:00,"93A4",8.9,92
"1330","2024","Apr","Block 6",2024-04-19 00:08:00,"9BBB",6.8,83
"1331","2024","Apr","Block 6",2024-04-19 03:16:00,"9276",7.7,82
"1332","2024","Apr","Block 6",2024-04-19 03:16:00,"9274",9.7,96
"1333","2024","Apr","Block 6",2024-04-19 03:16:00,"94D2",9,90
"1334","2024","Apr","Block 6",2024-04-19 03:16:00,"938B",8.5,95
"1335","2024","Apr","Block 6",2024-04-19 03:16:00,"9B51",6.4,88
"1336","2024","Apr","Block 6",2024-04-19 03:16:00,"92D6",8.8,94
"1337","2024","Apr","Block 6",2024-04-19 03:16:00,"9C59",9.7,97
"1338","2024","Apr","Block 6",2024-04-19 03:16:00,"935C",9.3,93
"1339","2024","Apr","Block 6",2024-04-19 03:16:00,"92F2",8.4,95
"1340","2024","Apr","Block 6",2024-04-19 03:16:00,"92D1",9.6,97
"1341","2024","Apr","Block 6",2024-04-19 06:15:00,"9B63",7.9,90
"1342","2024","Apr","Block 6",2024-04-19 06:15:00,"92AA",12.5,102
"1343","2024","Apr","Block 6",2024-04-19 06:15:00,"9B9D",7.4,94
"1344","2024","Apr","Block 6",2024-04-19 06:15:00,"92DB",4.8,83
"1345","2024","Apr","Block 6",2024-04-19 06:15:00,"945F",6.2,80
"1346","2024","Apr","Block 6",2024-04-19 06:15:00,"9355",6.6,81
"1347","2024","Apr","Block 6",2024-04-19 06:15:00,"9B49",6.9,84
"1348","2024","Apr","Block 6",2024-04-19 06:15:00,"9B6D",7.6,86
"1349","2024","Apr","Block 6",2024-04-19 06:15:00,"927D",8.4,92
"1350","2024","Apr","Block 6",2024-04-19 06:15:00,"9284",8.8,98
"1351","2024","Apr","Block 6",2024-04-19 09:20:00,"92C7",5.8,82
"1352","2024","Apr","Block 6",2024-04-19 09:20:00,"931A",10.8,90
"1353","2024","Apr","Block 6",2024-04-19 09:20:00,"944C",10,95
"1354","2024","Apr","Block 6",2024-04-19 09:20:00,"9B57",9,91
"1355","2024","Apr","Block 6",2024-04-19 09:20:00,"942F",6.7,86
"1356","2024","Apr","Block 6",2024-04-19 09:20:00,"9B65",7.6,86
"1357","2024","Apr","Block 6",2024-04-19 09:20:00,"9B33",8.4,91
"1358","2024","Apr","Block 6",2024-04-19 09:20:00,"9457",4.6,75
"1359","2024","Apr","Block 6",2024-04-19 09:20:00,"9344",8.1,89
"1360","2024","Apr","Block 6",2024-04-19 09:20:00,"943A",9.1,91
"1361","2024","Apr","Block 6",2024-04-19 12:12:00,"935D",7.6,87
"1362","2024","Apr","Block 6",2024-04-19 12:12:00,"9456",8.3,87
"1363","2024","Apr","Block 6",2024-04-19 12:12:00,"9BA4",10.7,99
"1364","2024","Apr","Block 6",2024-04-19 12:12:00,"93AC",9.8,95
"1365","2024","Apr","Block 6",2024-04-19 12:12:00,"9416",8.6,88
"1366","2024","Apr","Block 6",2024-04-19 12:12:00,"9C25",9.5,95
"1367","2024","Apr","Block 6",2024-04-19 12:12:00,"9422",9.8,95
"1368","2024","Apr","Block 6",2024-04-19 12:12:00,"9346",13.9,105
"1369","2024","Apr","Block 6",2024-04-19 12:12:00,"9B73",10,96
"1370","2024","Apr","Block 6",2024-04-19 12:12:00,"9396",7.8,87
"1371","2024","Apr","Block 6",2024-04-19 15:06:00,"9477",8.3,90
"1372","2024","Apr","Block 6",2024-04-19 15:06:00,"92EA",11.6,97
"1373","2024","Apr","Block 6",2024-04-19 15:06:00,"946F",10.6,95
"1374","2024","Apr","Block 6",2024-04-19 15:06:00,"9B8B",10.9,95
"1375","2024","Apr","Block 6",2024-04-19 15:06:00,"93CD",8.3,95
"1376","2024","Apr","Block 6",2024-04-19 15:06:00,"92FB",7.6,90
"1377","2024","Apr","Block 6",2024-04-19 15:06:00,"9B76",8.9,89
"1378","2024","Apr","Block 6",2024-04-19 15:06:00,"93ED",9,92
"1379","2024","Apr","Block 6",2024-04-19 15:06:00,"934C",10.8,100
"1380","2024","Apr","Block 6",2024-04-19 15:06:00,"9373",10.7,95
"1381","2024","Apr","Block 6",2024-04-19 18:08:00,"9BA7",5.8,80
"1382","2024","Apr","Block 6",2024-04-19 18:08:00,"928B",7.2,84
"1383","2024","Apr","Block 6",2024-04-19 18:08:00,"9287",6,85
"1384","2024","Apr","Block 6",2024-04-19 18:08:00,"9B50",10.6,97
"1385","2024","Apr","Block 6",2024-04-19 18:08:00,"9B99",7.7,90
"1386","2024","Apr","Block 6",2024-04-19 18:08:00,"928F",11.1,101
"1387","2024","Apr","Block 6",2024-04-19 18:08:00,"9296",9.4,91
"1388","2024","Apr","Block 6",2024-04-19 18:08:00,"A37A",11.5,100
"1389","2024","Apr","Block 6",2024-04-19 18:08:00,"936F",8.4,89
"1390","2024","Apr","Block 6",2024-04-19 18:08:00,"9C51",8.1,86
"1391","2024","Apr","Block 6",2024-04-19 21:12:00,"92DD",10.1,95
"1392","2024","Apr","Block 6",2024-04-19 21:12:00,"937A",7.3,85
"1393","2024","Apr","Block 6",2024-04-19 21:12:00,"9BCA",9.5,95
"1394","2024","Apr","Block 6",2024-04-19 21:12:00,"9414",8.6,91
"1395","2024","Apr","Block 6",2024-04-19 21:12:00,"9B77",7.7,94
"1396","2024","Apr","Block 6",2024-04-19 21:12:00,"929B",8.7,92
"1397","2024","Apr","Block 6",2024-04-19 21:12:00,"9434",8.3,93
"1398","2024","Apr","Block 6",2024-04-19 21:12:00,"939D",7.7,92
"1399","2024","Apr","Block 6",2024-04-19 21:12:00,"9B72",13.1,105
"1400","2024","Apr","Block 6",2024-04-19 21:12:00,"9B5D",7.8,86
"1401","2024","Apr","Block 6",2024-04-20 00:19:00,"9385",8.6,90
"1402","2024","Apr","Block 6",2024-04-20 00:19:00,"93A6",8,85
"1403","2024","Apr","Block 6",2024-04-20 00:19:00,"94BB",8.9,95
"1404","2024","Apr","Block 6",2024-04-20 00:19:00,"9341",8.8,89
"1405","2024","Apr","Block 6",2024-04-20 00:19:00,"9395",7.7,89
"1406","2024","Apr","Block 6",2024-04-20 00:19:00,"93A2",9.6,94
"1407","2024","Apr","Block 6",2024-04-20 00:19:00,"94C2",10.4,96
"1408","2024","Apr","Block 6",2024-04-20 00:19:00,"930B",4.5,72
"1409","2024","Apr","Block 6",2024-04-20 00:19:00,"948C",8.9,93
"1410","2024","Apr","Block 6",2024-04-20 00:19:00,"93A5",9.1,94
"1411","2024","Apr","Block 6",2024-04-20 03:11:00,"928E",8.3,93
"1412","2024","Apr","Block 6",2024-04-20 03:11:00,"9350",7.1,86
"1413","2024","Apr","Block 6",2024-04-20 03:11:00,"9C53",9.1,86
"1414","2024","Apr","Block 6",2024-04-20 03:11:00,"92D2",8.7,97
"1415","2024","Apr","Block 6",2024-04-20 03:11:00,"93B1",5.9,89
"1416","2024","Apr","Block 6",2024-04-20 03:11:00,"9324",9.8,94
"1417","2024","Apr","Block 6",2024-04-20 03:11:00,"947D",10.1,96
"1418","2024","Apr","Block 6",2024-04-20 03:11:00,"9339",9.1,95
"1419","2024","Apr","Block 6",2024-04-20 03:11:00,"93BA",9.5,95
"1420","2024","Apr","Block 6",2024-04-20 03:11:00,"933A",8.9,90
"1421","2024","Apr","Block 6",2024-04-20 06:14:00,"9322",9.8,98
"1422","2024","Apr","Block 6",2024-04-20 06:14:00,"93C9",9.2,93
"1423","2024","Apr","Block 6",2024-04-20 06:14:00,"9399",7.2,94
"1424","2024","Apr","Block 6",2024-04-20 06:14:00,"9358",8.5,90
"1425","2024","Apr","Block 6",2024-04-20 06:14:00,"9364",8.5,94
"1426","2024","Apr","Block 6",2024-04-20 06:14:00,"938D",8.6,90
"1427","2024","Apr","Block 6",2024-04-20 06:14:00,"94AA",8.8,94
"1428","2024","Apr","Block 6",2024-04-20 06:14:00,"9411",9,92
"1429","2024","Apr","Block 6",2024-04-20 06:14:00,"9372",7.8,88
"1430","2024","Apr","Block 6",2024-04-20 06:14:00,"9353",8.2,93
"1431","2024","Apr","Block 7",2024-04-24 09:20:00,"92DE",9.2,96
"1432","2024","Apr","Block 7",2024-04-24 09:20:00,"9342",8.1,97
"1433","2024","Apr","Block 7",2024-04-24 09:20:00,"92CE",11.5,102
"1434","2024","Apr","Block 7",2024-04-24 09:20:00,"93AF",8.8,95
"1435","2024","Apr","Block 7",2024-04-24 09:20:00,"9DAD",8.4,94
"1436","2024","Apr","Block 7",2024-04-24 09:20:00,"9B4E",7.4,90
"1437","2024","Apr","Block 7",2024-04-24 09:20:00,"9474",12.8,106
"1438","2024","Apr","Block 7",2024-04-24 09:20:00,"9309",10.6,97
"1439","2024","Apr","Block 7",2024-04-24 09:20:00,"9BA9",6.7,88
"1440","2024","Apr","Block 7",2024-04-24 09:20:00,"935E",10.3,99
"1441","2024","Apr","Block 7",2024-04-24 12:15:00,"9305",12.8,104
"1442","2024","Apr","Block 7",2024-04-24 12:15:00,"92C3",11.6,99
"1443","2024","Apr","Block 7",2024-04-24 12:15:00,"935F",13.7,109
"1444","2024","Apr","Block 7",2024-04-24 12:15:00,"92D7",7.8,87
"1445","2024","Apr","Block 7",2024-04-24 12:15:00,"928D",7.7,92
"1446","2024","Apr","Block 7",2024-04-24 12:15:00,"9B6E",12.7,101
"1447","2024","Apr","Block 7",2024-04-24 12:15:00,"934B",10,96
"1448","2024","Apr","Block 7",2024-04-24 12:15:00,"9B66",10.7,95
"1449","2024","Apr","Block 7",2024-04-24 12:15:00,"9B45",12.2,105
"1450","2024","Apr","Block 7",2024-04-24 12:15:00,"945C",8.5,95
"1451","2024","Apr","Block 7",2024-04-24 15:12:00,"9B61",11.3,106
"1452","2024","Apr","Block 7",2024-04-24 15:12:00,"934F",11.1,100
"1453","2024","Apr","Block 7",2024-04-24 15:12:00,"948F",7.6,91
"1454","2024","Apr","Block 7",2024-04-24 15:12:00,"93C5",8.2,95
"1455","2024","Apr","Block 7",2024-04-24 15:12:00,"9277",9.8,98
"1456","2024","Apr","Block 7",2024-04-24 15:12:00,"935A",8.6,96
"1457","2024","Apr","Block 7",2024-04-24 15:12:00,"9349",10.1,99
"1458","2024","Apr","Block 7",2024-04-24 15:12:00,"9323",11.4,97
"1459","2024","Apr","Block 7",2024-04-24 15:12:00,"92DF",7.8,89
"1460","2024","Apr","Block 7",2024-04-24 15:12:00,"9343",9.2,97
"1461","2024","Apr","Block 7",2024-04-24 18:07:00,"9BAF",9.3,94
"1462","2024","Apr","Block 7",2024-04-24 18:07:00,"9BF5",8.3,94
"1463","2024","Apr","Block 7",2024-04-24 18:07:00,"945D",7.5,89
"1464","2024","Apr","Block 7",2024-04-24 18:07:00,"930D",9.1,94
"1465","2024","Apr","Block 7",2024-04-24 18:07:00,"9424",8.6,87
"1466","2024","Apr","Block 7",2024-04-24 18:07:00,"93AD",6.1,85
"1467","2024","Apr","Block 7",2024-04-24 18:07:00,"92F6",8.4,93
"1468","2024","Apr","Block 7",2024-04-24 18:07:00,"92BB",9.4,95
"1469","2024","Apr","Block 7",2024-04-24 18:07:00,"92B4",7.5,89
"1470","2024","Apr","Block 7",2024-04-24 18:07:00,"92AF",13,105
"1471","2024","Apr","Block 7",2024-04-24 21:11:00,"93DA",10,104
"1472","2024","Apr","Block 7",2024-04-24 21:11:00,"938A",14.1,107
"1473","2024","Apr","Block 7",2024-04-24 21:11:00,"9BE9",11.3,102
"1474","2024","Apr","Block 7",2024-04-24 21:11:00,"9C57",9.5,94
"1475","2024","Apr","Block 7",2024-04-24 21:11:00,"9479",9.7,95
"1476","2024","Apr","Block 7",2024-04-24 21:11:00,"932A",10.5,105
"1477","2024","Apr","Block 7",2024-04-24 21:11:00,"9449",9.1,98
"1478","2024","Apr","Block 7",2024-04-24 21:11:00,"9B94",8.3,93
"1479","2024","Apr","Block 7",2024-04-24 21:11:00,"9B71",11.8,106
"1480","2024","Apr","Block 7",2024-04-24 21:11:00,"934E",9.6,96
"1481","2024","Apr","Block 7",2024-04-25 00:10:00,"92C2",10.6,97
"1482","2024","Apr","Block 7",2024-04-25 00:10:00,"92FD",10.4,100
"1483","2024","Apr","Block 7",2024-04-25 00:10:00,"94C4",13.9,108
"1484","2024","Apr","Block 7",2024-04-25 00:10:00,"A35B",9,95
"1485","2024","Apr","Block 7",2024-04-25 00:10:00,"A281",7,95
"1486","2024","Apr","Block 7",2024-04-25 00:10:00,"944A",12.9,107
"1487","2024","Apr","Block 7",2024-04-25 00:10:00,"9351",7,85
"1488","2024","Apr","Block 7",2024-04-25 00:10:00,"92CB",10.7,99
"1489","2024","Apr","Block 7",2024-04-25 00:10:00,"9365",10.6,101
"1490","2024","Apr","Block 7",2024-04-25 00:10:00,"944D",10.3,99
"1491","2024","Apr","Block 7",2024-04-25 03:10:00,"9D23",10.2,98
"1492","2024","Apr","Block 7",2024-04-25 03:10:00,"9B3A",11,97
"1493","2024","Apr","Block 7",2024-04-25 03:10:00,"9B44",13.4,104
"1494","2024","Apr","Block 7",2024-04-25 03:10:00,"9466",16.6,113
"1495","2024","Apr","Block 7",2024-04-25 03:10:00,"94C7",5,81
"1496","2024","Apr","Block 7",2024-04-25 03:10:00,"9B7A",10.1,104
"1497","2024","Apr","Block 7",2024-04-25 03:10:00,"9448",8.5,95
"1498","2024","Apr","Block 7",2024-04-25 03:10:00,"92A8",12.6,104
"1499","2024","Apr","Block 7",2024-04-25 03:10:00,"926F",9.6,96
"1500","2024","Apr","Block 7",2024-04-25 03:10:00,"92FA",9.6,95
"1501","2024","Apr","Block 7",2024-04-25 06:10:00,"9297",9.3,95
"1502","2024","Apr","Block 7",2024-04-25 06:10:00,"9CF5",9.1,94
"1503","2024","Apr","Block 7",2024-04-25 06:10:00,"9F69",11.5,103
"1504","2024","Apr","Block 7",2024-04-25 06:10:00,"9443",11.8,106
"1505","2024","Apr","Block 7",2024-04-25 06:10:00,"29B4",10,100
"1506","2024","Apr","Block 7",2024-04-25 06:10:00,"9B89",10.7,96
"1507","2024","Apr","Block 7",2024-04-25 06:10:00,"9D9B",9.3,94
"1508","2024","Apr","Block 7",2024-04-25 06:10:00,"94CE",9.7,95
"1509","2024","Apr","Block 7",2024-04-25 06:10:00,"9D67",9.1,98
"1510","2024","Apr","Block 7",2024-04-25 06:10:00,"9CCA",8.6,93
"1511","2024","Apr","Block 7",2024-04-25 09:08:00,"9D77",11.2,96
"1512","2024","Apr","Block 7",2024-04-25 09:08:00,"9B6B",9.4,93
"1513","2024","Apr","Block 7",2024-04-25 09:08:00,"29E5",10.5,97
"1514","2024","Apr","Block 7",2024-04-25 09:08:00,"9D2C",10.1,92
"1515","2024","Apr","Block 7",2024-04-25 09:08:00,"9CAC",10.1,94
"1516","2024","Apr","Block 7",2024-04-25 09:08:00,"9D29",9.1,94
"1517","2024","Apr","Block 7",2024-04-25 09:08:00,"9CBB",9,92
"1518","2024","Apr","Block 7",2024-04-25 09:08:00,"9E2A",5.5,80
"1519","2024","Apr","Block 7",2024-04-25 09:08:00,"2A23",6.6,85
"1520","2024","Apr","Block 7",2024-04-25 09:08:00,"9F5B",12.5,102
"1521","2024","Apr","Block 7",2024-04-25 12:08:00,"9F59",10.8,102
"1522","2024","Apr","Block 7",2024-04-25 12:08:00,"2A36",10,98
"1523","2024","Apr","Block 7",2024-04-25 12:08:00,"9C94",11.7,104
"1524","2024","Apr","Block 7",2024-04-25 12:08:00,"9B29",13.1,102
"1525","2024","Apr","Block 7",2024-04-25 12:08:00,"9C9D",14,107
"1526","2024","Apr","Block 7",2024-04-25 12:08:00,"9D26",9.2,93
"1527","2024","Apr","Block 7",2024-04-25 12:08:00,"9D16",9.8,95
"1528","2024","Apr","Block 7",2024-04-25 12:08:00,"944E",10.8,95
"1529","2024","Apr","Block 7",2024-04-25 12:08:00,"948B",10.7,97
"1530","2024","Apr","Block 7",2024-04-25 12:08:00,"9CAB",9.6,92
"1531","2024","Apr","Block 7",2024-04-25 15:10:00,"9CBA",8.2,94
"1532","2024","Apr","Block 7",2024-04-25 15:10:00,"9B46",11.6,106
"1533","2024","Apr","Block 7",2024-04-25 15:10:00,"9B5C",10.7,95
"1534","2024","Apr","Block 7",2024-04-25 15:10:00,"9BD1",12.2,101
"1535","2024","Apr","Block 7",2024-04-25 15:10:00,"9441",9.9,97
"1536","2024","Apr","Block 7",2024-04-25 15:10:00,"9BD5",10.9,97
"1537","2024","Apr","Block 7",2024-04-25 15:10:00,"9D21",12.5,105
"1538","2024","Apr","Block 7",2024-04-25 15:10:00,"9E56",11.2,100
"1539","2024","Apr","Block 7",2024-04-25 15:10:00,"9D32",15.7,110
"1540","2024","Apr","Block 7",2024-04-25 15:10:00,"943B",12.3,102
"1541","2024","Apr","Block 7",2024-04-25 18:02:00,"9DAC",9.5,95
"1542","2024","Apr","Block 7",2024-04-25 18:02:00,"9D8B",13.3,103
"1543","2024","Apr","Block 7",2024-04-25 18:02:00,"9D12",11.4,100
"1544","2024","Apr","Block 7",2024-04-25 18:02:00,"9D42",9.9,95
"1545","2024","Apr","Block 7",2024-04-25 18:02:00,"9C69",10.4,96
"1546","2024","Apr","Block 7",2024-04-25 18:02:00,"9D57",12.6,104
"1547","2024","Apr","Block 7",2024-04-25 18:02:00,"9B96",12.5,102
"1548","2024","Apr","Block 7",2024-04-25 18:02:00,"2A3D",14.6,106
"1549","2024","Apr","Block 7",2024-04-25 18:02:00,"9D0B",11.2,97
"1550","2024","Apr","Block 7",2024-04-25 18:02:00,"94A8",7.9,85
"1551","2024","Apr","Block 7",2024-04-25 21:18:00,"9CB7",11.3,100
"1552","2024","Apr","Block 7",2024-04-25 21:18:00,"9D37",11.2,104
"1553","2024","Apr","Block 7",2024-04-25 21:18:00,"94CD",11.8,108
"1554","2024","Apr","Block 7",2024-04-25 21:18:00,"9436",9.2,96
"1555","2024","Apr","Block 7",2024-04-25 21:18:00,"9CB3",9.3,95
"1556","2024","Apr","Block 7",2024-04-25 21:18:00,"9DD2",10,98
"1557","2024","Apr","Block 7",2024-04-25 21:18:00,"9B7D",7.1,85
"1558","2024","Apr","Block 7",2024-04-25 21:18:00,"9E52",10.5,97
"1559","2024","Apr","Block 7",2024-04-25 21:18:00,"9C9A",8.9,90
"1560","2024","Apr","Block 7",2024-04-25 21:18:00,"9BAE",10.4,98
"1561","2024","Apr","Block 7",2024-04-26 00:12:00,"9F52",11.8,100
"1562","2024","Apr","Block 7",2024-04-26 00:12:00,"9BB7",9.8,96
"1563","2024","Apr","Block 7",2024-04-26 00:12:00,"9D4D",12.1,98
"1564","2024","Apr","Block 7",2024-04-26 00:12:00,"9C6D",11.4,99
"1565","2024","Apr","Block 7",2024-04-26 00:12:00,"9BBA",9.8,96
"1566","2024","Apr","Block 7",2024-04-26 00:12:00,"9B36",11.1,96
"1567","2024","Apr","Block 7",2024-04-26 00:12:00,"9E29",11.8,102
"1568","2024","Apr","Block 7",2024-04-26 00:12:00,"9CC5",15.7,113
"1569","2024","Apr","Block 7",2024-04-26 00:12:00,"9D96",10.2,96
"1570","2024","Apr","Block 7",2024-04-26 00:12:00,"94A0",9.3,93
"1571","2024","Apr","Block 7",2024-04-26 03:13:00,"9CA8",12.5,103
"1572","2024","Apr","Block 7",2024-04-26 03:13:00,"9BB5",8.8,96
"1573","2024","Apr","Block 7",2024-04-26 03:13:00,"948D",8.1,88
"1574","2024","Apr","Block 7",2024-04-26 03:13:00,"9E35",9.8,98
"1575","2024","Apr","Block 7",2024-04-26 03:13:00,"9CA1",8.3,93
"1576","2024","Apr","Block 7",2024-04-26 03:13:00,"9467",9.8,98
"1577","2024","Apr","Block 7",2024-04-26 03:13:00,"9DCA",6.6,80
"1578","2024","Apr","Block 7",2024-04-26 03:13:00,"9F51",9.9,96
"1579","2024","Apr","Block 7",2024-04-26 03:13:00,"9F4B",9.3,93
"1580","2024","Apr","Block 7",2024-04-26 03:13:00,"9D0A",10.5,98
"1581","2024","Apr","Block 7",2024-04-26 06:12:00,"9DA9",9.7,97
"1582","2024","Apr","Block 7",2024-04-26 06:12:00,"9ED9",10.6,98
"1583","2024","Apr","Block 7",2024-04-26 06:12:00,"9DE9",12.8,104
"1584","2024","Apr","Block 7",2024-04-26 06:12:00,"9B28",8.3,91
"1585","2024","Apr","Block 7",2024-04-26 06:12:00,"9CD3",12.5,104
"1586","2024","Apr","Block 7",2024-04-26 06:12:00,"9CB6",8.2,84
"1587","2024","Apr","Block 7",2024-04-26 06:12:00,"9DAE",9.8,99
"1588","2024","Apr","Block 7",2024-04-26 06:12:00,"9F55",9,94
"1589","2024","Apr","Block 7",2024-04-26 06:12:00,"9CA2",10.7,100
"1590","2024","Apr","Block 7",2024-04-26 06:12:00,"9C4B",10.8,96
"1591","2024","Apr","Block 7",2024-04-26 09:14:00,"9D89",9.9,97
"1592","2024","Apr","Block 7",2024-04-26 09:14:00,"29B9",10.7,97
"1593","2024","Apr","Block 7",2024-04-26 09:14:00,"9E51",8.3,85
"1594","2024","Apr","Block 7",2024-04-26 09:14:00,"9D24",8.4,92
"1595","2024","Apr","Block 7",2024-04-26 09:14:00,"9BD4",10.9,94
"1596","2024","Apr","Block 7",2024-04-26 09:14:00,"9EF5",10.1,95
"1597","2024","Apr","Block 7",2024-04-26 09:14:00,"29D1",11.1,95
"1598","2024","Apr","Block 7",2024-04-26 09:14:00,"9F25",12.7,104
"1599","2024","Apr","Block 7",2024-04-26 09:14:00,"9442",12.5,102
"1600","2024","Apr","Block 7",2024-04-26 09:14:00,"94CF",15.4,106
"1601","2024","Apr","Block 7",2024-04-26 12:07:00,"9D71",9.6,95
"1602","2024","Apr","Block 7",2024-04-26 12:07:00,"9DC9",12.7,102
"1603","2024","Apr","Block 7",2024-04-26 12:07:00,"9E4B",11.8,95
"1604","2024","Apr","Block 7",2024-04-26 12:07:00,"9B62",12.6,102
"1605","2024","Apr","Block 7",2024-04-26 12:07:00,"9D2E",9.4,94
"1606","2024","Apr","Block 7",2024-04-26 12:07:00,"9BA5",14.8,102
"1607","2024","Apr","Block 7",2024-04-26 12:07:00,"9D1A",9.5,95
"1608","2024","Apr","Block 7",2024-04-26 12:07:00,"9D19",9.1,94
"1609","2024","Apr","Block 7",2024-04-26 12:07:00,"9444",8.9,93
"1610","2024","Apr","Block 7",2024-04-26 12:07:00,"9D65",11.9,98
"1611","2024","Apr","Block 7",2024-04-26 15:07:00,"9BAC",12.4,100
"1612","2024","Apr","Block 7",2024-04-26 15:07:00,"29D0",11.2,97
"1613","2024","Apr","Block 7",2024-04-26 15:07:00,"9B79",12.6,102
"1614","2024","Apr","Block 7",2024-04-26 15:07:00,"29AF",11.4,99
"1615","2024","Apr","Block 7",2024-04-26 15:07:00,"9CD1",13.1,99
"1616","2024","Apr","Block 7",2024-04-26 15:07:00,"9B75",9.4,95
"1617","2024","Apr","Block 7",2024-04-26 15:07:00,"29BB",9.4,95
"1618","2024","Apr","Block 7",2024-04-26 15:07:00,"9452",8.4,89
"1619","2024","Apr","Block 7",2024-04-26 15:07:00,"9B27",13,100
"1620","2024","Apr","Block 7",2024-04-26 15:07:00,"9C75",15.2,110
"1621","2024","Apr","Block 7",2024-04-26 18:00:00,"9E59",7.2,90
"1622","2024","Apr","Block 7",2024-04-26 18:00:00,"9C9B",10.4,94
"1623","2024","Apr","Block 7",2024-04-26 18:00:00,"9D2D",10.6,97
"1624","2024","Apr","Block 7",2024-04-26 18:00:00,"9E5A",9.5,95
"1625","2024","Apr","Block 7",2024-04-26 18:00:00,"9D9A",10.6,98
"1626","2024","Apr","Block 7",2024-04-26 18:00:00,"9BAB",10.1,95
"1627","2024","Apr","Block 7",2024-04-26 18:00:00,"9E57",11.1,100
"1628","2024","Apr","Block 7",2024-04-26 18:00:00,"9CC9",14.3,110
"1629","2024","Apr","Block 7",2024-04-26 18:00:00,"9B35",10.1,95
"1630","2024","Apr","Block 7",2024-04-26 18:00:00,"9C96",11.2,97
"1631","2024","Apr","Block 7",2024-04-26 21:15:00,"9DA4",13.9,107
"1632","2024","Apr","Block 7",2024-04-26 21:15:00,"9CD9",8.7,91
"1633","2024","Apr","Block 7",2024-04-26 21:15:00,"9CD4",11.4,99
"1634","2024","Apr","Block 7",2024-04-26 21:15:00,"9D47",9.3,100
"1635","2024","Apr","Block 7",2024-04-26 21:15:00,"9486",11,102
"1636","2024","Apr","Block 7",2024-04-26 21:15:00,"9BD9",6.4,89
"1637","2024","Apr","Block 7",2024-04-26 21:15:00,"9DA1",7.6,92
"1638","2024","Apr","Block 7",2024-04-26 21:15:00,"9DB2",6.5,85
"1639","2024","Apr","Block 7",2024-04-26 21:15:00,"94C3",11.1,101
"1640","2024","Apr","Block 7",2024-04-26 21:15:00,"9493",13.4,106
"1641","2024","Apr","Block 7",2024-04-27 00:18:00,"9B85",10.9,104
"1642","2024","Apr","Block 7",2024-04-27 00:18:00,"9CD5",7.8,91
"1643","2024","Apr","Block 7",2024-04-27 00:18:00,"9F57",12,100
"1644","2024","Apr","Block 7",2024-04-27 00:18:00,"9CAF",11,96
"1645","2024","Apr","Block 7",2024-04-27 00:18:00,"29BC",11.8,101
"1646","2024","Apr","Block 7",2024-04-27 00:18:00,"9E55",12.6,103
"1647","2024","Apr","Block 7",2024-04-27 00:18:00,"9426",16.4,113
"1648","2024","Apr","Block 7",2024-04-27 00:18:00,"9CA4",12.2,106
"1649","2024","Apr","Block 7",2024-04-27 00:18:00,"941A",10.1,98
"1650","2024","Apr","Block 7",2024-04-27 00:18:00,"9D5E",10.9,99
"1651","2024","Apr","Block 7",2024-04-27 03:12:00,"9DA5",6.6,85
"1652","2024","Apr","Block 7",2024-04-27 03:12:00,"9F5A",16.1,115
"1653","2024","Apr","Block 7",2024-04-27 03:12:00,"29B3",13.7,104
"1654","2024","Apr","Block 7",2024-04-27 03:12:00,"9CA6",12,103
"1655","2024","Apr","Block 7",2024-04-27 03:12:00,"9C92",13.5,105
"1656","2024","Apr","Block 7",2024-04-27 03:12:00,"9EE9",10.3,95
"1657","2024","Apr","Block 7",2024-04-27 03:12:00,"9F53",7.3,89
"1658","2024","Apr","Block 7",2024-04-27 03:12:00,"9DB7",11.4,98
"1659","2024","Apr","Block 7",2024-04-27 03:12:00,"9B3B",9.2,96
"1660","2024","Apr","Block 7",2024-04-27 03:12:00,"9DF5",13.3,103
"1661","2024","Apr","Block 7",2024-04-27 06:13:00,"9476",11,104
"1662","2024","Apr","Block 7",2024-04-27 06:13:00,"9D99",14.8,109
"1663","2024","Apr","Block 7",2024-04-27 06:13:00,"9435",10.7,98
"1664","2024","Apr","Block 7",2024-04-27 06:13:00,"9CA5",10.1,95
"1665","2024","Apr","Block 7",2024-04-27 06:13:00,"9D63",8.5,95
"1666","2024","Apr","Block 7",2024-04-27 06:13:00,"9D3D",13.1,102
"1667","2024","Apr","Block 7",2024-04-27 06:13:00,"9D44",10.2,98
"1668","2024","Apr","Block 7",2024-04-27 06:13:00,"2A04",9.4,97
"1669","2024","Apr","Block 7",2024-04-27 06:13:00,"29B1",14.4,105
"1670","2024","Apr","Block 7",2024-04-27 06:13:00,"9D6B",13.4,104
"1671","2025","Dec","Block 1",2024-12-04 09:31:00,"4536",39.8,156
"1672","2025","Dec","Block 1",2024-12-04 09:31:00,"4979",56.1,172
"1673","2025","Dec","Block 1",2024-12-04 09:31:00,"4595",26,138
"1674","2025","Dec","Block 1",2024-12-04 09:31:00,"46A9",45.6,163
"1675","2025","Dec","Block 1",2024-12-04 09:31:00,"4975",57.1,171
"1676","2025","Dec","Block 1",2024-12-04 09:31:00,"4893",46.4,160
"1677","2025","Dec","Block 1",2024-12-04 09:31:00,"45A1",38.2,151
"1678","2025","Dec","Block 1",2024-12-04 09:31:00,"4869",28,137
"1679","2025","Dec","Block 1",2024-12-04 09:31:00,"4918",34.1,150
"1680","2025","Dec","Block 1",2024-12-04 09:31:00,"46D1",46.3,160
"1681","2025","Dec","Block 1",2024-12-04 12:11:00,"457B",32,147
"1682","2025","Dec","Block 1",2024-12-04 12:11:00,"451D",46.5,164
"1683","2025","Dec","Block 1",2024-12-04 12:11:00,"48EA",35.7,152
"1684","2025","Dec","Block 1",2024-12-04 12:11:00,"452D",45.4,162
"1685","2025","Dec","Block 1",2024-12-04 12:11:00,"4856",34.9,150
"1686","2025","Dec","Block 1",2024-12-04 12:11:00,"4528",44.1,159
"1687","2025","Dec","Block 1",2024-12-04 12:11:00,"4892",42.1,160
"1688","2025","Dec","Block 1",2024-12-04 12:11:00,"4857",56.8,167
"1689","2025","Dec","Block 1",2024-12-04 12:11:00,"4517",49.5,160
"1690","2025","Dec","Block 1",2024-12-04 12:11:00,"48AE",38,150
"1691","2025","Dec","Block 1",2024-12-04 15:11:00,"45A9",35.8,151
"1692","2025","Dec","Block 1",2024-12-04 15:11:00,"4905",52.9,168
"1693","2025","Dec","Block 1",2024-12-04 15:11:00,"4896",41.4,157
"1694","2025","Dec","Block 1",2024-12-04 15:11:00,"46EB",32.1,144
"1695","2025","Dec","Block 1",2024-12-04 15:11:00,"4845",41.9,158
"1696","2025","Dec","Block 1",2024-12-04 15:11:00,"48DA",44.4,161
"1697","2025","Dec","Block 1",2024-12-04 15:11:00,"47A9",35.2,151
"1698","2025","Dec","Block 1",2024-12-04 15:11:00,"4953",28.7,144
"1699","2025","Dec","Block 1",2024-12-04 15:11:00,"4579",64.2,180
"1700","2025","Dec","Block 1",2024-12-04 15:11:00,"4534",33.6,148
"1701","2025","Dec","Block 1",2024-12-04 18:16:00,"48B9",73.1,177
"1702","2025","Dec","Block 1",2024-12-04 18:16:00,"4749",23.9,131
"1703","2025","Dec","Block 1",2024-12-04 18:16:00,"4911",40.1,157
"1704","2025","Dec","Block 1",2024-12-04 18:16:00,"4689",35.5,144
"1705","2025","Dec","Block 1",2024-12-04 18:16:00,"46B2",67.9,183
"1706","2025","Dec","Block 1",2024-12-04 18:16:00,"493A",42.8,157
"1707","2025","Dec","Block 1",2024-12-04 18:16:00,"4931",46.3,153
"1708","2025","Dec","Block 1",2024-12-04 18:16:00,"4568",53.8,170
"1709","2025","Dec","Block 1",2024-12-04 18:16:00,"46D2",38,152
"1710","2025","Dec","Block 1",2024-12-04 18:16:00,"4859",35.1,150
"1711","2025","Dec","Block 1",2024-12-04 21:25:00,"4522",49.1,164
"1712","2025","Dec","Block 1",2024-12-04 21:25:00,"48D2",29.1,140
"1713","2025","Dec","Block 1",2024-12-04 21:25:00,"46BB",35.8,147
"1714","2025","Dec","Block 1",2024-12-04 21:25:00,"4929",17.5,118
"1715","2025","Dec","Block 1",2024-12-04 21:25:00,"4934",46.7,160
"1716","2025","Dec","Block 1",2024-12-04 21:25:00,"485A",64.3,175
"1717","2025","Dec","Block 1",2024-12-04 21:25:00,"45B2",47.5,162
"1718","2025","Dec","Block 1",2024-12-04 21:25:00,"4754",61,170
"1719","2025","Dec","Block 1",2024-12-04 21:25:00,"48AD",55.5,167
"1720","2025","Dec","Block 1",2024-12-04 21:25:00,"46D9",48,164
"1721","2025","Dec","Block 1",2024-12-05 00:24:00,"4669",42.3,160
"1722","2025","Dec","Block 1",2024-12-05 00:24:00,"490B",53.3,168
"1723","2025","Dec","Block 1",2024-12-05 00:24:00,"4933",35.5,152
"1724","2025","Dec","Block 1",2024-12-05 00:24:00,"4875",31.2,140
"1725","2025","Dec","Block 1",2024-12-05 00:24:00,"454F",38.4,153
"1726","2025","Dec","Block 1",2024-12-05 00:24:00,"459B",25.2,137
"1727","2025","Dec","Block 1",2024-12-05 00:24:00,"488B",40.2,157
"1728","2025","Dec","Block 1",2024-12-05 00:24:00,"48CA",58.7,168
"1729","2025","Dec","Block 1",2024-12-05 00:24:00,"49A7",20.5,126
"1730","2025","Dec","Block 1",2024-12-05 00:24:00,"45AB",33.1,145
"1731","2025","Dec","Block 1",2024-12-05 03:23:00,"475B",53.2,167
"1732","2025","Dec","Block 1",2024-12-05 03:23:00,"509A",26.6,132
"1733","2025","Dec","Block 1",2024-12-05 03:23:00,"486D",42.4,156
"1734","2025","Dec","Block 1",2024-12-05 03:23:00,"45B5",27.9,133
"1735","2025","Dec","Block 1",2024-12-05 03:23:00,"46E5",38.4,154
"1736","2025","Dec","Block 1",2024-12-05 03:23:00,"4958",52.1,163
"1737","2025","Dec","Block 1",2024-12-05 03:23:00,"48D4",72.9,183
"1738","2025","Dec","Block 1",2024-12-05 03:23:00,"4942",47.3,160
"1739","2025","Dec","Block 1",2024-12-05 03:23:00,"499B",20.8,130
"1740","2025","Dec","Block 1",2024-12-05 03:23:00,"4997",64.8,175
"1741","2025","Dec","Block 1",2024-12-05 06:18:00,"46B1",24.9,134
"1742","2025","Dec","Block 1",2024-12-05 06:18:00,"4545",35.3,150
"1743","2025","Dec","Block 1",2024-12-05 06:18:00,"494E",52.7,169
"1744","2025","Dec","Block 1",2024-12-05 06:18:00,"45A4",25.6,133
"1745","2025","Dec","Block 1",2024-12-05 06:18:00,"4769",53.7,172
"1746","2025","Dec","Block 1",2024-12-05 06:18:00,"488D",43,158
"1747","2025","Dec","Block 1",2024-12-05 06:18:00,"48A6",31.8,146
"1748","2025","Dec","Block 1",2024-12-05 06:18:00,"49A1",38,154
"1749","2025","Dec","Block 1",2024-12-05 06:18:00,"4935",69.5,178
"1750","2025","Dec","Block 1",2024-12-05 06:18:00,"46D4",34.5,145
"1751","2025","Dec","Block 1",2024-12-05 09:23:00,"4575",33,143
"1752","2025","Dec","Block 1",2024-12-05 09:23:00,"4729",23.5,135
"1753","2025","Dec","Block 1",2024-12-05 09:23:00,"4735",19,126
"1754","2025","Dec","Block 1",2024-12-05 09:23:00,"4519",43.1,160
"1755","2025","Dec","Block 1",2024-12-05 09:23:00,"4759",59.6,170
"1756","2025","Dec","Block 1",2024-12-05 09:23:00,"48D5",20.1,127
"1757","2025","Dec","Block 1",2024-12-05 09:23:00,"489A",41.6,160
"1758","2025","Dec","Block 1",2024-12-05 09:23:00,"47AA",24.4,131
"1759","2025","Dec","Block 1",2024-12-05 09:23:00,"4977",28.7,141
"1760","2025","Dec","Block 1",2024-12-05 09:23:00,"46AE",32.1,145
"1761","2025","Dec","Block 1",2024-12-05 12:14:00,"4853",30.5,140
"1762","2025","Dec","Block 1",2024-12-05 12:14:00,"46D5",23.5,134
"1763","2025","Dec","Block 1",2024-12-05 12:14:00,"46EA",21.5,128
"1764","2025","Dec","Block 1",2024-12-05 12:14:00,"453A",52.1,171
"1765","2025","Dec","Block 1",2024-12-05 12:14:00,"46B5",54.3,165
"1766","2025","Dec","Block 1",2024-12-05 12:14:00,"4928",54.3,166
"1767","2025","Dec","Block 1",2024-12-05 12:14:00,"4917",32.2,149
"1768","2025","Dec","Block 1",2024-12-05 12:14:00,"4855",63.4,177
"1769","2025","Dec","Block 1",2024-12-05 12:14:00,"4691",46.3,162
"1770","2025","Dec","Block 1",2024-12-05 12:14:00,"4577",11.1,104
"1771","2025","Dec","Block 1",2024-12-05 15:14:00,"4599",22.7,134
"1772","2025","Dec","Block 1",2024-12-05 15:14:00,"4751",34.7,147
"1773","2025","Dec","Block 1",2024-12-05 15:14:00,"48BA",37.9,155
"1774","2025","Dec","Block 1",2024-12-05 15:14:00,"48D9",29.6,142
"1775","2025","Dec","Block 1",2024-12-05 15:14:00,"466A",25.3,138
"1776","2025","Dec","Block 1",2024-12-05 15:14:00,"45B4",41.2,151
"1777","2025","Dec","Block 1",2024-12-05 15:14:00,"46ED",27.3,137
"1778","2025","Dec","Block 1",2024-12-05 15:14:00,"468D",39.3,152
"1779","2025","Dec","Block 1",2024-12-05 15:14:00,"48CD",37.6,153
"1780","2025","Dec","Block 1",2024-12-05 15:14:00,"4535",17.9,119
"1781","2025","Dec","Block 1",2024-12-05 18:08:00,"48B1",47.8,164
"1782","2025","Dec","Block 1",2024-12-05 18:08:00,"4527",33.5,144
"1783","2025","Dec","Block 1",2024-12-05 18:08:00,"4555",43.7,158
"1784","2025","Dec","Block 1",2024-12-05 18:08:00,"4597",23.6,137
"1785","2025","Dec","Block 1",2024-12-05 18:08:00,"4775",38.9,154
"1786","2025","Dec","Block 1",2024-12-05 18:08:00,"46C9",36.8,153
"1787","2025","Dec","Block 1",2024-12-05 18:08:00,"45A5",55.1,170
"1788","2025","Dec","Block 1",2024-12-05 18:08:00,"4675",14,110
"1789","2025","Dec","Block 1",2024-12-05 18:08:00,"4571",30.8,144
"1790","2025","Dec","Block 1",2024-12-05 18:08:00,"4971",39,151
"1791","2025","Dec","Block 1",2024-12-05 21:17:00,"4944",28.1,142
"1792","2025","Dec","Block 1",2024-12-05 21:17:00,"48E5",21.7,126
"1793","2025","Dec","Block 1",2024-12-05 21:17:00,"486B",47.8,163
"1794","2025","Dec","Block 1",2024-12-05 21:17:00,"48B6",35.3,149
"1795","2025","Dec","Block 1",2024-12-05 21:17:00,"4968",47.9,164
"1796","2025","Dec","Block 1",2024-12-05 21:17:00,"45EB",46.6,164
"1797","2025","Dec","Block 1",2024-12-05 21:17:00,"4652",23.5,133
"1798","2025","Dec","Block 1",2024-12-05 21:17:00,"492D",29.3,140
"1799","2025","Dec","Block 1",2024-12-05 21:17:00,"453D",34.6,158
"1800","2025","Dec","Block 1",2024-12-05 21:17:00,"4889",45.9,163
"1801","2025","Dec","Block 1",2024-12-06 00:20:00,"492C",32.7,143
"1802","2025","Dec","Block 1",2024-12-06 00:20:00,"4921",41.5,152
"1803","2025","Dec","Block 1",2024-12-06 00:20:00,"472A",67.7,171
"1804","2025","Dec","Block 1",2024-12-06 00:20:00,"48DB",55.8,174
"1805","2025","Dec","Block 1",2024-12-06 00:20:00,"4945",20.7,129
"1806","2025","Dec","Block 1",2024-12-06 00:20:00,"474D",46.1,160
"1807","2025","Dec","Block 1",2024-12-06 00:20:00,"497B",28.2,143
"1808","2025","Dec","Block 1",2024-12-06 00:20:00,"49A5",27.8,147
"1809","2025","Dec","Block 1",2024-12-06 00:20:00,"482A",49,164
"1810","2025","Dec","Block 1",2024-12-06 00:20:00,"451A",31,145
"1811","2025","Dec","Block 1",2024-12-06 03:19:00,"489D",34.9,149
"1812","2025","Dec","Block 1",2024-12-06 03:19:00,"4915",63.1,176
"1813","2025","Dec","Block 1",2024-12-06 03:19:00,"4539",51.8,167
"1814","2025","Dec","Block 1",2024-12-06 03:19:00,"46B9",55.5,170
"1815","2025","Dec","Block 1",2024-12-06 03:19:00,"4937",55.1,164
"1816","2025","Dec","Block 1",2024-12-06 03:19:00,"4925",31.9,141
"1817","2025","Dec","Block 1",2024-12-06 03:19:00,"4865",38.1,155
"1818","2025","Dec","Block 1",2024-12-06 03:19:00,"48ED",36.5,152
"1819","2025","Dec","Block 1",2024-12-06 03:19:00,"4543",46.8,162
"1820","2025","Dec","Block 1",2024-12-06 03:19:00,"4591",29.7,139
"1821","2025","Dec","Block 1",2024-12-06 06:27:00,"4524",33.2,146
"1822","2025","Dec","Block 1",2024-12-06 06:27:00,"465A",28.2,136
"1823","2025","Dec","Block 1",2024-12-06 06:27:00,"4665",24.1,135
"1824","2025","Dec","Block 1",2024-12-06 06:27:00,"451B",37.7,152
"1825","2025","Dec","Block 1",2024-12-06 06:27:00,"46B4",26.4,140
"1826","2025","Dec","Block 1",2024-12-06 06:27:00,"452E",58.4,168
"1827","2025","Dec","Block 1",2024-12-06 06:27:00,"45C5",31.7,145
"1828","2025","Dec","Block 1",2024-12-06 06:27:00,"45C9",41.3,151
"1829","2025","Dec","Block 1",2024-12-06 06:27:00,"45E9",52.7,163
"1830","2025","Dec","Block 1",2024-12-06 06:27:00,"4521",25.7,133
"1831","2025","Dec","Block 1",2024-12-06 09:13:00,"45AE",13.4,111
"1832","2025","Dec","Block 1",2024-12-06 09:13:00,"4516",44.6,159
"1833","2025","Dec","Block 1",2024-12-06 09:13:00,"4755",38.5,161
"1834","2025","Dec","Block 1",2024-12-06 09:13:00,"46DB",23.7,134
"1835","2025","Dec","Block 1",2024-12-06 09:13:00,"482B",30.4,143
"1836","2025","Dec","Block 1",2024-12-06 09:13:00,"45AD",63,171
"1837","2025","Dec","Block 1",2024-12-06 09:13:00,"48AF",19.7,122
"1838","2025","Dec","Block 1",2024-12-06 09:13:00,"490D",14.3,114
"1839","2025","Dec","Block 1",2024-12-06 09:13:00,"475D",44.2,157
"1840","2025","Dec","Block 1",2024-12-06 09:13:00,"4725",32.1,137
"1841","2025","Dec","Block 1",2024-12-06 12:09:00,"48D6",22.2,131
"1842","2025","Dec","Block 1",2024-12-06 12:09:00,"4765",45.3,145
"1843","2025","Dec","Block 1",2024-12-06 12:09:00,"4523",17.6,118
"1844","2025","Dec","Block 1",2024-12-06 12:09:00,"4715",24.1,130
"1845","2025","Dec","Block 1",2024-12-06 12:09:00,"4939",30.4,136
"1846","2025","Dec","Block 1",2024-12-06 12:09:00,"4957",25.4,131
"1847","2025","Dec","Block 1",2024-12-06 12:09:00,"4752",36.5,152
"1848","2025","Dec","Block 1",2024-12-06 12:09:00,"453B",60.4,143
"1849","2025","Dec","Block 1",2024-12-06 12:09:00,"4895",27.1,140
"1850","2025","Dec","Block 1",2024-12-06 12:09:00,"48AB",63.8,175
"1851","2025","Dec","Block 1",2024-12-06 15:04:00,"4559",23.6,133
"1852","2025","Dec","Block 1",2024-12-06 15:04:00,"4D7B",49.6,160
"1853","2025","Dec","Block 1",2024-12-06 15:04:00,"4DA6",25.4,133
"1854","2025","Dec","Block 1",2024-12-06 15:04:00,"4D3D",38.6,151
"1855","2025","Dec","Block 1",2024-12-06 15:04:00,"4EE5",47.4,161
"1856","2025","Dec","Block 1",2024-12-06 15:04:00,"4ECA",56.8,170
"1857","2025","Dec","Block 1",2024-12-06 15:04:00,"4A37",30.1,139
"1858","2025","Dec","Block 1",2024-12-06 15:04:00,"5093",23.7,130
"1859","2025","Dec","Block 1",2024-12-06 15:04:00,"49B5",24.6,134
"1860","2025","Dec","Block 1",2024-12-06 15:04:00,"4D39",31.4,144
"1861","2025","Dec","Block 1",2024-12-06 18:06:00,"4AC7",24,134
"1862","2025","Dec","Block 1",2024-12-06 18:06:00,"4D37",39.3,150
"1863","2025","Dec","Block 1",2024-12-06 18:06:00,"4CD2",49,162
"1864","2025","Dec","Block 1",2024-12-06 18:06:00,"50B2",44.7,152
"1865","2025","Dec","Block 1",2024-12-06 18:06:00,"4D58",26.7,134
"1866","2025","Dec","Block 1",2024-12-06 18:06:00,"4CDD",31.6,146
"1867","2025","Dec","Block 1",2024-12-06 18:06:00,"4F56",17.9,121
"1868","2025","Dec","Block 1",2024-12-06 18:06:00,"4C5D",22.9,130
"1869","2025","Dec","Block 1",2024-12-06 18:06:00,"4BA7",30.4,142
"1870","2025","Dec","Block 1",2024-12-06 18:06:00,"5045",21,128
"1871","2025","Dec","Block 1",2024-12-06 21:18:00,"4A44",23.3,136
"1872","2025","Dec","Block 1",2024-12-06 21:18:00,"4999",32.9,148
"1873","2025","Dec","Block 1",2024-12-06 21:18:00,"4B6B",33.8,146
"1874","2025","Dec","Block 1",2024-12-06 21:18:00,"4F2B",42.3,159
"1875","2025","Dec","Block 1",2024-12-06 21:18:00,"4D45",44.9,163
"1876","2025","Dec","Block 1",2024-12-06 21:18:00,"4A77",36.7,150
"1877","2025","Dec","Block 1",2024-12-06 21:18:00,"5233",26.3,137
"1878","2025","Dec","Block 1",2024-12-06 21:18:00,"4CBB",32.1,147
"1879","2025","Dec","Block 1",2024-12-06 21:18:00,"5155",29.2,143
"1880","2025","Dec","Block 1",2024-12-06 21:18:00,"4CD4",30.4,146
"1881","2025","Dec","Block 1",NA,NA,NA,NA
"1882","2025","Dec","Block 1",2024-12-07 00:13:00,"5117",20.3,127
"1883","2025","Dec","Block 1",2024-12-07 00:13:00,"4D0A",12.7,107
"1884","2025","Dec","Block 1",2024-12-07 00:13:00,"4E75",47.7,164
"1885","2025","Dec","Block 1",2024-12-07 00:13:00,"5234",29.9,145
"1886","2025","Dec","Block 1",2024-12-07 00:13:00,"4D17",33.5,150
"1887","2025","Dec","Block 1",2024-12-07 00:13:00,"4EA2",41.4,156
"1888","2025","Dec","Block 1",2024-12-07 00:13:00,"4D89",37.1,149
"1889","2025","Dec","Block 1",2024-12-07 00:13:00,"49A8",58.6,177
"1890","2025","Dec","Block 1",2024-12-07 00:13:00,"4A43",21.3,129
"1891","2025","Dec","Block 1",2024-12-07 03:13:00,"4D2D",38.3,149
"1892","2025","Dec","Block 1",2024-12-07 03:13:00,"4EDD",14.9,112
"1893","2025","Dec","Block 1",2024-12-07 03:13:00,"521D",29.8,137
"1894","2025","Dec","Block 1",2024-12-07 03:13:00,"4BC9",40.3,153
"1895","2025","Dec","Block 1",2024-12-07 03:13:00,"5145",29.2,138
"1896","2025","Dec","Block 1",2024-12-07 03:13:00,"4D28",28.8,143
"1897","2025","Dec","Block 1",2024-12-07 03:13:00,"508D",12,109
"1898","2025","Dec","Block 1",2024-12-07 03:13:00,"4EB2",21.2,138
"1899","2025","Dec","Block 1",2024-12-07 03:13:00,"4D6B",24.8,133
"1900","2025","Dec","Block 1",2024-12-07 03:13:00,"4BA3",24.5,134
"1901","2025","Dec","Block 1",2024-12-07 06:12:00,"50EB",10.2,103
"1902","2025","Dec","Block 1",2024-12-07 06:12:00,"4AC9",23.6,135
"1903","2025","Dec","Block 1",2024-12-07 06:12:00,"4DB6",20.2,130
"1904","2025","Dec","Block 1",2024-12-07 06:12:00,"50BD",33.2,149
"1905","2025","Dec","Block 1",2024-12-07 06:12:00,"4A9E",24.3,141
"1906","2025","Dec","Block 1",2024-12-07 06:12:00,"4F52",25,137
"1907","2025","Dec","Block 1",2024-12-07 06:12:00,"524F",27.1,137
"1908","2025","Dec","Block 1",2024-12-07 06:12:00,"4AA9",40.4,154
"1909","2025","Dec","Block 1",2024-12-07 06:12:00,"512D",50.6,165
"1910","2025","Dec","Block 1",2024-12-07 06:12:00,"5241",22,128
"1911","2025","Dec","Block 2",2024-12-11 09:05:00,"50D5",23.5,130
"1912","2025","Dec","Block 2",2024-12-11 09:05:00,"4BB5",17.4,116
"1913","2025","Dec","Block 2",2024-12-11 09:05:00,"5152",54.5,170
"1914","2025","Dec","Block 2",2024-12-11 09:05:00,"4EF5",55.6,167
"1915","2025","Dec","Block 2",2024-12-11 09:05:00,"4D99",25.1,133
"1916","2025","Dec","Block 2",2024-12-11 09:05:00,"5232",32.5,146
"1917","2025","Dec","Block 2",2024-12-11 09:05:00,"5133",24.5,140
"1918","2025","Dec","Block 2",2024-12-11 09:05:00,"50AE",68.8,181
"1919","2025","Dec","Block 2",2024-12-11 09:05:00,"4D0D",63.6,178
"1920","2025","Dec","Block 2",2024-12-11 09:05:00,"5129",54.8,167
"1921","2025","Dec","Block 2",2024-12-11 11:58:00,"4FA9",14.8,117
"1922","2025","Dec","Block 2",2024-12-11 11:58:00,"523B",43.7,160
"1923","2025","Dec","Block 2",2024-12-11 11:58:00,"510A",21.8,123
"1924","2025","Dec","Block 2",2024-12-11 11:58:00,"4CD1",23.2,131
"1925","2025","Dec","Block 2",2024-12-11 11:58:00,"4CDB",38.2,151
"1926","2025","Dec","Block 2",2024-12-11 11:58:00,"4D9D",22.6,132
"1927","2025","Dec","Block 2",2024-12-11 11:58:00,"512C",18.6,121
"1928","2025","Dec","Block 2",2024-12-11 11:58:00,"4BB4",28.4,142
"1929","2025","Dec","Block 2",2024-12-11 11:58:00,"4F15",63.8,176
"1930","2025","Dec","Block 2",2024-12-11 11:58:00,"50D2",52.8,165
"1931","2025","Dec","Block 2",2024-12-11 14:58:00,"4F6A",58.5,171
"1932","2025","Dec","Block 2",2024-12-11 14:58:00,"5239",32.6,148
"1933","2025","Dec","Block 2",2024-12-11 14:58:00,"50CD",19.8,125
"1934","2025","Dec","Block 2",2024-12-11 14:58:00,"4AED",29.7,141
"1935","2025","Dec","Block 2",2024-12-11 14:58:00,"4CAE",27.6,131
"1936","2025","Dec","Block 2",2024-12-11 14:58:00,"5223",52.3,160
"1937","2025","Dec","Block 2",2024-12-11 14:58:00,"522B",22.5,129
"1938","2025","Dec","Block 2",2024-12-11 14:58:00,"5128",46.7,160
"1939","2025","Dec","Block 2",2024-12-11 14:58:00,"521B",33,147
"1940","2025","Dec","Block 2",2024-12-11 14:58:00,"510B",43.1,160
"1941","2025","Dec","Block 2",2024-12-11 17:59:00,"5231",33.6,151
"1942","2025","Dec","Block 2",2024-12-11 17:59:00,"508B",35.9,150
"1943","2025","Dec","Block 2",2024-12-11 17:59:00,"4D9B",31.1,146
"1944","2025","Dec","Block 2",2024-12-11 17:59:00,"4CEA",22.7,132
"1945","2025","Dec","Block 2",2024-12-11 17:59:00,"4C51",23,131
"1946","2025","Dec","Block 2",2024-12-11 17:59:00,"4D05",35.6,146
"1947","2025","Dec","Block 2",2024-12-11 17:59:00,"5127",56.8,174
"1948","2025","Dec","Block 2",2024-12-11 17:59:00,"49A9",29.3,142
"1949","2025","Dec","Block 2",2024-12-11 17:59:00,"513D",34.5,150
"1950","2025","Dec","Block 2",2024-12-11 17:59:00,"4A39",48.2,162
"1951","2025","Dec","Block 2",2024-12-11 21:06:00,"4D11",37.8,148
"1952","2025","Dec","Block 2",2024-12-11 21:06:00,"49D9",40.1,148
"1953","2025","Dec","Block 2",2024-12-11 21:06:00,"522E",15.8,122
"1954","2025","Dec","Block 2",2024-12-11 21:06:00,"4EB5",37.9,149
"1955","2025","Dec","Block 2",2024-12-11 21:06:00,"49B4",27.7,146
"1956","2025","Dec","Block 2",2024-12-11 21:06:00,"50DB",47.6,165
"1957","2025","Dec","Block 2",2024-12-11 21:06:00,"4DB7",23.3,133
"1958","2025","Dec","Block 2",2024-12-11 21:06:00,"502A",36.7,147
"1959","2025","Dec","Block 2",2024-12-11 21:06:00,"524B",34.6,150
"1960","2025","Dec","Block 2",2024-12-11 21:06:00,"4ED1",31.5,142
"1961","2025","Dec","Block 2",2024-12-12 00:03:00,"4F5D",28.1,138
"1962","2025","Dec","Block 2",2024-12-12 00:03:00,"5022",32,149
"1963","2025","Dec","Block 2",2024-12-12 00:03:00,"4BBD",31.6,147
"1964","2025","Dec","Block 2",2024-12-12 00:03:00,"4AC3",50.1,168
"1965","2025","Dec","Block 2",2024-12-12 00:03:00,"4CB1",40.2,157
"1966","2025","Dec","Block 2",2024-12-12 00:03:00,"4AE8",24.5,128
"1967","2025","Dec","Block 2",2024-12-12 00:03:00,"50C9",35.5,142
"1968","2025","Dec","Block 2",2024-12-12 00:03:00,"5219",23.4,130
"1969","2025","Dec","Block 2",2024-12-12 00:03:00,"50B6",43.5,152
"1970","2025","Dec","Block 2",2024-12-12 00:03:00,"5134",35.7,151
"1971","2025","Dec","Block 2",2024-12-12 03:01:00,"5221",49.5,166
"1972","2025","Dec","Block 2",2024-12-12 03:01:00,"4D77",64.4,177
"1973","2025","Dec","Block 2",2024-12-12 03:01:00,"4D29",21.2,127
"1974","2025","Dec","Block 2",2024-12-12 03:01:00,"5243",34.7,150
"1975","2025","Dec","Block 2",2024-12-12 03:01:00,"49BD",24.2,135
"1976","2025","Dec","Block 2",2024-12-12 03:01:00,"4AA7",28.1,142
"1977","2025","Dec","Block 2",2024-12-12 03:01:00,"4A19",34,153
"1978","2025","Dec","Block 2",2024-12-12 03:01:00,"5121",31.3,145
"1979","2025","Dec","Block 2",2024-12-12 03:01:00,"4E5A",47.4,167
"1980","2025","Dec","Block 2",2024-12-12 03:01:00,"510D",33.9,147
"1981","2025","Dec","Block 2",2024-12-12 06:06:00,"4BAE",21.5,123
"1982","2025","Dec","Block 2",2024-12-12 06:06:00,"5246",20.1,126
"1983","2025","Dec","Block 2",2024-12-12 06:06:00,"4A96",26.8,137
"1984","2025","Dec","Block 2",2024-12-12 06:06:00,"4A95",18.9,123
"1985","2025","Dec","Block 2",2024-12-12 06:06:00,"5248",41.9,160
"1986","2025","Dec","Block 2",2024-12-12 06:06:00,"5249",37.5,147
"1987","2025","Dec","Block 2",2024-12-12 06:06:00,"4EAB",27.3,130
"1988","2025","Dec","Block 2",2024-12-12 06:06:00,"4EB6",44.5,157
"1989","2025","Dec","Block 2",2024-12-12 06:06:00,"4ED2",24.5,134
"1990","2025","Dec","Block 2",2024-12-12 06:06:00,"4C35",42.7,159
"1991","2025","Dec","Block 2",2024-12-12 08:59:00,"4EDA",35.6,154
"1992","2025","Dec","Block 2",2024-12-12 08:59:00,"4BAB",58.6,172
"1993","2025","Dec","Block 2",2024-12-12 08:59:00,"4A57",21,127
"1994","2025","Dec","Block 2",2024-12-12 08:59:00,"4CEB",42.5,159
"1995","2025","Dec","Block 2",2024-12-12 08:59:00,"4B9A",57.2,171
"1996","2025","Dec","Block 2",2024-12-12 08:59:00,"4E91",64,175
"1997","2025","Dec","Block 2",2024-12-12 08:59:00,"4A74",26.1,139
"1998","2025","Dec","Block 2",2024-12-12 08:59:00,"4D33",54.2,171
"1999","2025","Dec","Block 2",2024-12-12 08:59:00,"4D97",29.1,139
"2000","2025","Dec","Block 2",2024-12-12 08:59:00,"4EBD",60.1,142
"2001","2025","Dec","Block 2",2024-12-12 12:00:00,"51A9",40.4,157
"2002","2025","Dec","Block 2",2024-12-12 12:00:00,"4FAA",46,162
"2003","2025","Dec","Block 2",2024-12-12 12:00:00,"5111",33.4,144
"2004","2025","Dec","Block 2",2024-12-12 12:00:00,"5057",37.8,154
"2005","2025","Dec","Block 2",2024-12-12 12:00:00,"505A",35.1,150
"2006","2025","Dec","Block 2",2024-12-12 12:00:00,"4D55",23.4,126
"2007","2025","Dec","Block 2",2024-12-12 12:00:00,"4A8C",37.4,156
"2008","2025","Dec","Block 2",2024-12-12 12:00:00,"4FA6",39.9,150
"2009","2025","Dec","Block 2",2024-12-12 12:00:00,"506D",34.8,150
"2010","2025","Dec","Block 2",2024-12-12 12:00:00,"4CC9",28.1,141
"2011","2025","Dec","Block 2",2024-12-12 14:59:00,"4BA9",70.3,178
"2012","2025","Dec","Block 2",2024-12-12 14:59:00,"4DCA",44.1,160
"2013","2025","Dec","Block 2",2024-12-12 14:59:00,"4E52",26,139
"2014","2025","Dec","Block 2",2024-12-12 14:59:00,"524E",38.9,151
"2015","2025","Dec","Block 2",2024-12-12 14:59:00,"4DAC",32.6,146
"2016","2025","Dec","Block 2",2024-12-12 14:59:00,"5245",42.5,150
"2017","2025","Dec","Block 2",2024-12-12 14:59:00,"5053",39.8,158
"2018","2025","Dec","Block 2",2024-12-12 14:59:00,"4A98",29.2,143
"2019","2025","Dec","Block 2",2024-12-12 14:59:00,"5095",41.1,160
"2020","2025","Dec","Block 2",2024-12-12 14:59:00,"4D0B",35.3,153
"2021","2025","Dec","Block 2",2024-12-12 18:58:00,"4AB1",22.7,131
"2022","2025","Dec","Block 2",2024-12-12 18:58:00,"4AA0",38.5,128
"2023","2025","Dec","Block 2",2024-12-12 18:58:00,"4B2E",25.4,132
"2024","2025","Dec","Block 2",2024-12-12 18:58:00,"51AD",58.6,169
"2025","2025","Dec","Block 2",2024-12-12 18:58:00,"4D5B",49.7,163
"2026","2025","Dec","Block 2",2024-12-12 18:58:00,"4A4D",29.8,141
"2027","2025","Dec","Block 2",2024-12-12 18:58:00,"5065",39.4,159
"2028","2025","Dec","Block 2",2024-12-12 18:58:00,"4F2A",31.1,140
"2029","2025","Dec","Block 2",2024-12-12 18:58:00,"4CB9",22.9,131
"2030","2025","Dec","Block 2",2024-12-12 18:58:00,"522D",18.1,120
"2031","2025","Dec","Block 2",2024-12-12 21:05:00,"4D44",34.9,144
"2032","2025","Dec","Block 2",2024-12-12 21:05:00,"5242",28.7,139
"2033","2025","Dec","Block 2",2024-12-12 21:05:00,"514E",51.4,165
"2034","2025","Dec","Block 2",2024-12-12 21:05:00,"4F53",20.8,129
"2035","2025","Dec","Block 2",2024-12-12 21:05:00,"4AEF",24.9,133
"2036","2025","Dec","Block 2",2024-12-12 21:05:00,"4A7B",36.1,146
"2037","2025","Dec","Block 2",2024-12-12 21:05:00,"50CA",44.1,154
"2038","2025","Dec","Block 2",2024-12-12 21:05:00,"4C65",32.3,148
"2039","2025","Dec","Block 2",2024-12-12 21:05:00,"4A41",30.3,143
"2040","2025","Dec","Block 2",2024-12-12 21:05:00,"4E6A",51.7,168
"2041","2025","Dec","Block 2",2024-12-13 00:05:00,"49E5",28.7,139
"2042","2025","Dec","Block 2",2024-12-13 00:05:00,"5142",29.9,140
"2043","2025","Dec","Block 2",2024-12-13 00:05:00,"50BA",55.5,166
"2044","2025","Dec","Block 2",2024-12-13 00:05:00,"5229",23.3,132
"2045","2025","Dec","Block 2",2024-12-13 00:05:00,"50E4",19.6,129
"2046","2025","Dec","Block 2",2024-12-13 00:05:00,"4EE9",29.4,140
"2047","2025","Dec","Block 2",2024-12-13 00:05:00,"5236",46.1,163
"2048","2025","Dec","Block 2",2024-12-13 00:05:00,"4CA1",41.5,156
"2049","2025","Dec","Block 2",2024-12-13 00:05:00,"4A7A",21.6,128
"2050","2025","Dec","Block 2",2024-12-13 00:05:00,"50A6",46.8,166
"2051","2025","Dec","Block 2",2024-12-13 03:01:00,"4F4A",35.6,150
"2052","2025","Dec","Block 2",2024-12-13 03:01:00,"4F55",21.3,128
"2053","2025","Dec","Block 2",2024-12-13 03:01:00,"49AB",64.6,173
"2054","2025","Dec","Block 2",2024-12-13 03:01:00,"5226",17,123
"2055","2025","Dec","Block 2",2024-12-13 03:01:00,"4EAF",28,140
"2056","2025","Dec","Block 2",2024-12-13 03:01:00,"5125",29.9,145
"2057","2025","Dec","Block 2",2024-12-13 03:01:00,"50D6",37.3,147
"2058","2025","Dec","Block 2",2024-12-13 03:01:00,"5092",42.1,161
"2059","2025","Dec","Block 2",2024-12-13 03:01:00,"4D79",27.9,141
"2060","2025","Dec","Block 2",2024-12-13 03:01:00,"5055",24.9,128
"2061","2025","Dec","Block 2",2024-12-13 06:00:00,"5225",31.3,145
"2062","2025","Dec","Block 2",2024-12-13 06:00:00,"5250",49.2,164
"2063","2025","Dec","Block 2",2024-12-13 06:00:00,"4D42",33.1,143
"2064","2025","Dec","Block 2",2024-12-13 06:00:00,"4D93",30.9,144
"2065","2025","Dec","Block 2",2024-12-13 06:00:00,"522F",41.4,159
"2066","2025","Dec","Block 2",2024-12-13 06:00:00,"523D",32.5,150
"2067","2025","Dec","Block 2",2024-12-13 06:00:00,"4A35",34,140
"2068","2025","Dec","Block 2",2024-12-13 06:00:00,"5091",46,164
"2069","2025","Dec","Block 2",2024-12-13 06:00:00,"506B",42.2,159
"2070","2025","Dec","Block 2",2024-12-13 06:00:00,"5224",36.3,151
"2071","2025","Dec","Block 2",2024-12-13 09:08:00,"5139",41.9,149
"2072","2025","Dec","Block 2",2024-12-13 09:08:00,"4D4F",39.3,156
"2073","2025","Dec","Block 2",2024-12-13 09:08:00,"50B9",45.7,167
"2074","2025","Dec","Block 2",2024-12-13 09:08:00,"4D8A",71.8,188
"2075","2025","Dec","Block 2",2024-12-13 09:08:00,"4F65",42.9,160
"2076","2025","Dec","Block 2",2024-12-13 09:08:00,"513A",38.6,150
"2077","2025","Dec","Block 2",2024-12-13 09:08:00,"50DA",33.5,150
"2078","2025","Dec","Block 2",2024-12-13 09:08:00,"4E8D",46,164
"2079","2025","Dec","Block 2",2024-12-13 09:08:00,"50E8",29.1,143
"2080","2025","Dec","Block 2",2024-12-13 09:08:00,"5105",37.3,150
"2081","2025","Dec","Block 2",2024-12-13 11:57:00,"49EA",26.6,134
"2082","2025","Dec","Block 2",2024-12-13 11:57:00,"4D35",53.9,164
"2083","2025","Dec","Block 2",2024-12-13 11:57:00,"5144",35.6,153
"2084","2025","Dec","Block 2",2024-12-13 11:57:00,"5069",38.7,160
"2085","2025","Dec","Block 2",2024-12-13 11:57:00,"50ED",39.7,154
"2086","2025","Dec","Block 2",2024-12-13 11:57:00,"4C69",37.4,157
"2087","2025","Dec","Block 2",2024-12-13 11:57:00,"4A67",30.2,144
"2088","2025","Dec","Block 2",2024-12-13 11:57:00,"49AD",23.8,141
"2089","2025","Dec","Block 2",2024-12-13 11:57:00,"4D15",32.6,140
"2090","2025","Dec","Block 2",2024-12-13 11:57:00,"4A51",30.3,149
"2091","2025","Dec","Block 2",2024-12-13 15:04:00,"4B8A",49.3,164
"2092","2025","Dec","Block 2",2024-12-13 15:04:00,"49C9",34.9,150
"2093","2025","Dec","Block 2",2024-12-13 15:04:00,"4F51",29,141
"2094","2025","Dec","Block 2",2024-12-13 15:04:00,"5096",27.6,140
"2095","2025","Dec","Block 2",2024-12-13 15:04:00,"49B2",37.6,151
"2096","2025","Dec","Block 2",2024-12-13 15:04:00,"4DDB",36.4,152
"2097","2025","Dec","Block 2",2024-12-13 15:04:00,"4AA3",44,162
"2098","2025","Dec","Block 2",2024-12-13 15:04:00,"4A29",29.4,144
"2099","2025","Dec","Block 2",2024-12-13 15:04:00,"4DA9",13.8,110
"2100","2025","Dec","Block 2",2024-12-13 15:04:00,"4EEB",22.4,134
"2101","2025","Dec","Block 2",2024-12-13 17:54:00,"5167",20.6,130
"2102","2025","Dec","Block 2",2024-12-13 17:54:00,"4EED",39.4,156
"2103","2025","Dec","Block 2",2024-12-13 17:54:00,"524D",33.9,150
"2104","2025","Dec","Block 2",2024-12-13 17:54:00,"523A",34.5,144
"2105","2025","Dec","Block 2",2024-12-13 17:54:00,"50AB",38.4,155
"2106","2025","Dec","Block 2",2024-12-13 17:54:00,"502B",36.4,152
"2107","2025","Dec","Block 2",2024-12-13 17:54:00,"5059",37.4,156
"2108","2025","Dec","Block 2",2024-12-13 17:54:00,"5115",24.8,137
"2109","2025","Dec","Block 2",2024-12-13 17:54:00,"50AD",44.4,152
"2110","2025","Dec","Block 2",2024-12-13 17:54:00,"50D9",33.5,142
"2111","2025","Dec","Block 2",2024-12-13 22:59:00,"4B21",40.5,148
"2112","2025","Dec","Block 2",2024-12-13 22:59:00,"4D21",44.7,163
"2113","2025","Dec","Block 2",2024-12-13 22:59:00,"4D73",25.2,138
"2114","2025","Dec","Block 2",2024-12-13 22:59:00,"4DAF",40.3,155
"2115","2025","Dec","Block 2",2024-12-13 22:59:00,"522C",46.5,160
"2116","2025","Dec","Block 2",2024-12-13 22:59:00,"5056",29.7,143
"2117","2025","Dec","Block 2",2024-12-13 22:59:00,"4ABB",50.1,167
"2118","2025","Dec","Block 2",2024-12-13 22:59:00,"5137",21.8,127
"2119","2025","Dec","Block 2",2024-12-13 22:59:00,"4A99",26.7,138
"2120","2025","Dec","Block 2",2024-12-13 22:59:00,"4DA7",34.7,152
"2121","2025","Dec","Block 2",2024-12-14 00:01:00,"5135",46.7,161
"2122","2025","Dec","Block 2",2024-12-14 00:01:00,"50E5",37.2,151
"2123","2025","Dec","Block 2",2024-12-14 00:01:00,"4DB4",29.1,145
"2124","2025","Dec","Block 2",2024-12-14 00:01:00,"4DAB",24.4,135
"2125","2025","Dec","Block 2",2024-12-14 00:01:00,"4ED5",37.5,148
"2126","2025","Dec","Block 2",2024-12-14 00:01:00,"4DCB",50.1,168
"2127","2025","Dec","Block 2",2024-12-14 00:01:00,"4D3A",58,170
"2128","2025","Dec","Block 2",2024-12-14 00:01:00,"4D27",32.1,149
"2129","2025","Dec","Block 2",2024-12-14 00:01:00,"5251",37.7,156
"2130","2025","Dec","Block 2",2024-12-14 00:01:00,"4D2C",34.1,150
"2131","2025","Dec","Block 2",2024-12-14 02:58:00,"4F25",16.3,120
"2132","2025","Dec","Block 2",2024-12-14 02:58:00,"4EE4",30.5,142
"2133","2025","Dec","Block 2",2024-12-14 02:58:00,"4F6B",34.6,149
"2134","2025","Dec","Block 2",2024-12-14 02:58:00,"4E89",35.3,150
"2135","2025","Dec","Block 2",2024-12-14 02:58:00,"4CB5",32.1,149
"2136","2025","Dec","Block 2",2024-12-14 02:58:00,"4A83",49.1,161
"2137","2025","Dec","Block 2",2024-12-14 02:58:00,"4A90",42.1,158
"2138","2025","Dec","Block 2",2024-12-14 02:58:00,"50EA",48.9,168
"2139","2025","Dec","Block 2",2024-12-14 02:58:00,"5075",28.9,141
"2140","2025","Dec","Block 2",2024-12-14 02:58:00,"5247",34.9,143
"2141","2025","Dec","Block 2",2024-12-14 05:59:00,"5089",72.5,182
"2142","2025","Dec","Block 2",2024-12-14 05:59:00,"5244",28.9,137
"2143","2025","Dec","Block 2",2024-12-14 05:59:00,"4D25",51.3,165
"2144","2025","Dec","Block 2",2024-12-14 05:59:00,"49C5",55.4,170
"2145","2025","Dec","Block 2",2024-12-14 05:59:00,"4F5A",32.3,150
"2146","2025","Dec","Block 2",2024-12-14 05:59:00,"506A",24.4,138
"2147","2025","Dec","Block 2",2024-12-14 05:59:00,"50D4",32.1,146
"2148","2025","Dec","Block 2",2024-12-14 05:59:00,"4CED",47.3,163
"2149","2025","Dec","Block 2",2024-12-14 05:59:00,"4DAD",31.4,143
"2150","2025","Dec","Block 2",NA,NA,NA,NA
"2151","2025","Jan","Block 3",2025-01-08 09:04:00,"5B39",27.1,140
"2152","2025","Jan","Block 3",2025-01-08 09:04:00,"5EEB",32.1,136
"2153","2025","Jan","Block 3",2025-01-08 09:04:00,"5BCD",27.7,141
"2154","2025","Jan","Block 3",2025-01-08 09:04:00,"5259",43.4,160
"2155","2025","Jan","Block 3",2025-01-08 09:04:00,"54CF",57,169
"2156","2025","Jan","Block 3",2025-01-08 09:04:00,"5685",23.3,133
"2157","2025","Jan","Block 3",2025-01-08 09:04:00,"5479",59.1,180
"2158","2025","Jan","Block 3",2025-01-08 09:04:00,"5DAE",43.1,166
"2159","2025","Jan","Block 3",2025-01-08 09:04:00,"5D96",41.1,159
"2160","2025","Jan","Block 3",2025-01-08 09:04:00,"57B3",41.1,163
"2161","2025","Jan","Block 3",2025-01-08 11:56:00,"52C7",42.1,159
"2162","2025","Jan","Block 3",2025-01-08 11:56:00,"6249",37.5,151
"2163","2025","Jan","Block 3",2025-01-08 11:56:00,"5CD5",15.4,121
"2164","2025","Jan","Block 3",2025-01-08 11:56:00,"5445",37.9,153
"2165","2025","Jan","Block 3",2025-01-08 11:56:00,"590D",19.1,129
"2166","2025","Jan","Block 3",2025-01-08 11:56:00,"6215",29.7,148
"2167","2025","Jan","Block 3",2025-01-08 11:56:00,"5AEE",13.2,116
"2168","2025","Jan","Block 3",2025-01-08 11:56:00,"56EF",55.6,171
"2169","2025","Jan","Block 3",2025-01-08 11:56:00,"5968",59.8,173
"2170","2025","Jan","Block 3",2025-01-08 11:56:00,"52A9",19.6,128
"2171","2025","Jan","Block 3",2025-01-08 15:01:00,"541A",77.6,184
"2172","2025","Jan","Block 3",2025-01-08 15:01:00,"5FAA",38.2,156
"2173","2025","Jan","Block 3",2025-01-08 15:01:00,"5D34",45,167
"2174","2025","Jan","Block 3",2025-01-08 15:01:00,"5DED",37.1,159
"2175","2025","Jan","Block 3",2025-01-08 15:01:00,"52B3",26.1,140
"2176","2025","Jan","Block 3",2025-01-08 15:01:00,"549E",12.9,119
"2177","2025","Jan","Block 3",2025-01-08 15:01:00,"5CB1",28.2,143
"2178","2025","Jan","Block 3",2025-01-08 15:01:00,"5BEA",59.2,170
"2179","2025","Jan","Block 3",2025-01-08 15:01:00,"58DB",50.2,166
"2180","2025","Jan","Block 3",2025-01-08 15:01:00,"52BF",33.5,150
"2181","2025","Jan","Block 3",2025-01-08 17:57:00,"5264",53.1,174
"2182","2025","Jan","Block 3",2025-01-08 17:57:00,"5498",35.1,156
"2183","2025","Jan","Block 3",2025-01-08 17:57:00,"5A3A",53.2,167
"2184","2025","Jan","Block 3",2025-01-08 17:57:00,"5BB4",29.1,140
"2185","2025","Jan","Block 3",2025-01-08 17:57:00,"5B31",69.1,174
"2186","2025","Jan","Block 3",2025-01-08 17:57:00,"612B",69.4,180
"2187","2025","Jan","Block 3",2025-01-08 17:57:00,"52B1",28.9,145
"2188","2025","Jan","Block 3",2025-01-08 17:57:00,"549C",49.7,168
"2189","2025","Jan","Block 3",2025-01-08 17:57:00,"5EB4",35.5,148
"2190","2025","Jan","Block 3",2025-01-08 17:57:00,"57A1",67.1,176
"2191","2025","Jan","Block 3",2025-01-08 20:59:00,"6157",43.1,150
"2192","2025","Jan","Block 3",2025-01-08 20:59:00,"5ACC",27.4,144
"2193","2025","Jan","Block 3",2025-01-08 20:59:00,"58D5",46.2,158
"2194","2025","Jan","Block 3",2025-01-08 20:59:00,"5266",87.3,190
"2195","2025","Jan","Block 3",2025-01-08 20:59:00,"5933",44.9,154
"2196","2025","Jan","Block 3",2025-01-08 20:59:00,"5F69",41.3,149
"2197","2025","Jan","Block 3",2025-01-08 20:59:00,"5F54",29.6,146
"2198","2025","Jan","Block 3",2025-01-08 20:59:00,"54D9",29.8,145
"2199","2025","Jan","Block 3",2025-01-08 20:59:00,"5D4E",32.2,148
"2200","2025","Jan","Block 3",2025-01-08 20:59:00,"6135",76.7,183
"2201","2025","Jan","Block 3",2025-01-08 23:58:00,"5D05",31.9,150
"2202","2025","Jan","Block 3",2025-01-08 23:58:00,"5977",76.6,180
"2203","2025","Jan","Block 3",2025-01-08 23:58:00,"5F65",78.6,187
"2204","2025","Jan","Block 3",2025-01-08 23:58:00,"5869",36,155
"2205","2025","Jan","Block 3",2025-01-08 23:58:00,"5D3D",23.5,137
"2206","2025","Jan","Block 3",2025-01-08 23:58:00,"624A",37.9,148
"2207","2025","Jan","Block 3",2025-01-08 23:58:00,"539A",18.7,126
"2208","2025","Jan","Block 3",2025-01-08 23:58:00,"5ACF",22.7,133
"2209","2025","Jan","Block 3",2025-01-08 23:58:00,"5275",77.3,183
"2210","2025","Jan","Block 3",2025-01-08 23:58:00,"5934",33.9,142
"2211","2025","Jan","Block 3",2025-01-09 03:04:00,"5C8A",25.1,140
"2212","2025","Jan","Block 3",2025-01-09 03:04:00,"5BA9",38.1,145
"2213","2025","Jan","Block 3",2025-01-09 03:04:00,"57EB",24.4,137
"2214","2025","Jan","Block 3",2025-01-09 03:04:00,"5EA9",18.7,124
"2215","2025","Jan","Block 3",2025-01-09 03:04:00,"5985",36.6,156
"2216","2025","Jan","Block 3",2025-01-09 03:04:00,"629A",23.8,137
"2217","2025","Jan","Block 3",2025-01-09 03:04:00,"5299",67.5,171
"2218","2025","Jan","Block 3",2025-01-09 03:04:00,"54D3",69.4,178
"2219","2025","Jan","Block 3",2025-01-09 03:04:00,"52B5",31.5,148
"2220","2025","Jan","Block 3",2025-01-09 03:04:00,"5F6A",42.4,151
"2221","2025","Jan","Block 3",2025-01-09 05:59:00,"552A",37.1,148
"2222","2025","Jan","Block 3",2025-01-09 05:59:00,"5BC6",45.4,170
"2223","2025","Jan","Block 3",2025-01-09 05:59:00,"5269",33.1,146
"2224","2025","Jan","Block 3",2025-01-09 05:59:00,"5295",40.5,149
"2225","2025","Jan","Block 3",2025-01-09 05:59:00,"58E5",79.3,184
"2226","2025","Jan","Block 3",2025-01-09 05:59:00,"53CA",43.9,161
"2227","2025","Jan","Block 3",2025-01-09 05:59:00,"5D33",25.3,135
"2228","2025","Jan","Block 3",2025-01-09 05:59:00,"5444",33.5,151
"2229","2025","Jan","Block 3",2025-01-09 05:59:00,"5F52",36.8,152
"2230","2025","Jan","Block 3",2025-01-09 05:59:00,"58ED",40.4,150
"2231","2025","Jan","Block 3",2025-01-09 09:12:00,"5DDA",55,167
"2232","2025","Jan","Block 3",2025-01-09 09:12:00,"529F",46.8,157
"2233","2025","Jan","Block 3",2025-01-09 09:12:00,"526C",32.2,142
"2234","2025","Jan","Block 3",2025-01-09 09:12:00,"5CB3",42.6,152
"2235","2025","Jan","Block 3",2025-01-09 09:12:00,"597A",30.1,148
"2236","2025","Jan","Block 3",2025-01-09 09:12:00,"5D7A",18.3,130
"2237","2025","Jan","Block 3",2025-01-09 09:12:00,"54CB",36.8,154
"2238","2025","Jan","Block 3",2025-01-09 09:12:00,"5AB3",43.4,139
"2239","2025","Jan","Block 3",2025-01-09 09:12:00,"5D2D",32.5,140
"2240","2025","Jan","Block 3",2025-01-09 09:12:00,"6152",34.1,145
"2241","2025","Jan","Block 3",2025-01-09 11:56:00,"526E",68.9,180
"2242","2025","Jan","Block 3",2025-01-09 11:56:00,"5D79",40,158
"2243","2025","Jan","Block 3",2025-01-09 11:56:00,"5E89",41,165
"2244","2025","Jan","Block 3",2025-01-09 11:56:00,"5EEA",48.7,168
"2245","2025","Jan","Block 3",2025-01-09 11:56:00,"54CC",29.9,140
"2246","2025","Jan","Block 3",2025-01-09 11:56:00,"58B9",50.7,170
"2247","2025","Jan","Block 3",2025-01-09 11:56:00,"5AAF",31.2,150
"2248","2025","Jan","Block 3",2025-01-09 11:56:00,"5AA7",31.1,150
"2249","2025","Jan","Block 3",2025-01-09 11:56:00,"5D31",32.4,140
"2250","2025","Jan","Block 3",2025-01-09 11:56:00,"5C75",36.5,154
"2251","2025","Jan","Block 3",2025-01-09 14:57:00,"5F35",59.1,170
"2252","2025","Jan","Block 3",2025-01-09 14:57:00,"5AB0",25.9,137
"2253","2025","Jan","Block 3",2025-01-09 14:57:00,"5D85",25.9,140
"2254","2025","Jan","Block 3",2025-01-09 14:57:00,"59A9",37.6,151
"2255","2025","Jan","Block 3",2025-01-09 14:57:00,"5C5B",36.1,146
"2256","2025","Jan","Block 3",2025-01-09 14:57:00,"5A5B",36.1,155
"2257","2025","Jan","Block 3",2025-01-09 14:57:00,"5477",50.4,158
"2258","2025","Jan","Block 3",2025-01-09 14:57:00,"57EA",51.3,159
"2259","2025","Jan","Block 3",2025-01-09 14:57:00,"5BA7",22.6,133
"2260","2025","Jan","Block 3",2025-01-09 14:57:00,"5D37",27.8,133
"2261","2025","Jan","Block 3",2025-01-09 17:53:00,"54EB",35.1,150
"2262","2025","Jan","Block 3",2025-01-09 17:53:00,"5D2C",53.7,172
"2263","2025","Jan","Block 3",2025-01-09 17:53:00,"6145",57.6,163
"2264","2025","Jan","Block 3",2025-01-09 17:53:00,"5C68",33.9,146
"2265","2025","Jan","Block 3",2025-01-09 17:53:00,"58A1",32.7,145
"2266","2025","Jan","Block 3",2025-01-09 17:53:00,"5DCA",36.6,152
"2267","2025","Jan","Block 3",2025-01-09 17:53:00,"52CC",41,160
"2268","2025","Jan","Block 3",2025-01-09 17:53:00,"5466",18.7,121
"2269","2025","Jan","Block 3",2025-01-09 17:53:00,"5668",44.1,160
"2270","2025","Jan","Block 3",2025-01-09 17:53:00,"5473",49.5,170
"2271","2025","Jan","Block 3",2025-01-09 21:01:00,"5508",74.6,181
"2272","2025","Jan","Block 3",2025-01-09 21:01:00,"5A8F",27.7,142
"2273","2025","Jan","Block 3",2025-01-09 21:01:00,"5DA2",24.3,139
"2274","2025","Jan","Block 3",2025-01-09 21:01:00,"55C9",38.1,158
"2275","2025","Jan","Block 3",2025-01-09 21:01:00,"5432",24.4,139
"2276","2025","Jan","Block 3",2025-01-09 21:01:00,"5A3B",23.7,133
"2277","2025","Jan","Block 3",2025-01-09 21:01:00,"5A79",17.8,127
"2278","2025","Jan","Block 3",2025-01-09 21:01:00,"56A0",42.2,158
"2279","2025","Jan","Block 3",2025-01-09 21:01:00,"53AB",29.2,142
"2280","2025","Jan","Block 3",2025-01-09 21:01:00,"5925",37.8,153
"2281","2025","Jan","Block 3",2025-01-10 00:04:00,"525E",71.7,175
"2282","2025","Jan","Block 3",2025-01-10 00:04:00,"6265",28.8,143
"2283","2025","Jan","Block 3",2025-01-10 00:04:00,"54D0",24.7,135
"2284","2025","Jan","Block 3",2025-01-10 00:04:00,"5953",19.7,135
"2285","2025","Jan","Block 3",2025-01-10 00:04:00,"5927",52.3,159
"2286","2025","Jan","Block 3",2025-01-10 00:04:00,"59E9",81.8,189
"2287","2025","Jan","Block 3",2025-01-10 00:04:00,"57A7",27.1,134
"2288","2025","Jan","Block 3",2025-01-10 00:04:00,"5DA4",63.3,177
"2289","2025","Jan","Block 3",2025-01-10 00:04:00,"52B7",79.3,185
"2290","2025","Jan","Block 3",2025-01-10 00:04:00,"5C65",56.1,167
"2291","2025","Jan","Block 3",2025-01-10 03:05:00,"5942",14.4,104
"2292","2025","Jan","Block 3",2025-01-10 03:05:00,"590A",45.2,163
"2293","2025","Jan","Block 3",2025-01-10 03:05:00,"5D35",80.5,185
"2294","2025","Jan","Block 3",2025-01-10 03:05:00,"546F",39.2,158
"2295","2025","Jan","Block 3",2025-01-10 03:05:00,"56B3",22.7,124
"2296","2025","Jan","Block 3",2025-01-10 03:05:00,"54D7",22.8,132
"2297","2025","Jan","Block 3",2025-01-10 03:05:00,"5D72",30.2,146
"2298","2025","Jan","Block 3",2025-01-10 03:05:00,"5CEA",18.9,125
"2299","2025","Jan","Block 3",2025-01-10 03:05:00,"59A6",12.7,112
"2300","2025","Jan","Block 3",2025-01-10 03:05:00,"52A0",31.7,140
"2301","2025","Jan","Block 3",2025-01-10 06:01:00,"54C5",19.4,130
"2302","2025","Jan","Block 3",2025-01-10 06:01:00,"5767",31.1,137
"2303","2025","Jan","Block 3",2025-01-10 06:01:00,"56AD",37.4,155
"2304","2025","Jan","Block 3",2025-01-10 06:01:00,"5BA1",51.2,162
"2305","2025","Jan","Block 3",2025-01-10 06:01:00,"5A6B",39.4,157
"2306","2025","Jan","Block 3",2025-01-10 06:01:00,"599B",40.3,155
"2307","2025","Jan","Block 3",2025-01-10 06:01:00,"5872",49.7,167
"2308","2025","Jan","Block 3",2025-01-10 06:01:00,"5EB5",52.1,168
"2309","2025","Jan","Block 3",2025-01-10 06:01:00,"5B3A",30.9,147
"2310","2025","Jan","Block 3",2025-01-10 06:01:00,"5AB1",37.4,155
"2311","2025","Jan","Block 3",2025-01-10 08:59:00,"54D8",36.2,149
"2312","2025","Jan","Block 3",2025-01-10 08:59:00,"5F5D",26.4,137
"2313","2025","Jan","Block 3",2025-01-10 08:59:00,"5AB7",37.3,157
"2314","2025","Jan","Block 3",2025-01-10 08:59:00,"5A77",15.2,120
"2315","2025","Jan","Block 3",2025-01-10 08:59:00,"5976",51.3,166
"2316","2025","Jan","Block 3",2025-01-10 08:59:00,"5917",26.8,142
"2317","2025","Jan","Block 3",2025-01-10 08:59:00,"5CAB",39.1,143
"2318","2025","Jan","Block 3",2025-01-10 08:59:00,"5DA6",35.2,152
"2319","2025","Jan","Block 3",2025-01-10 08:59:00,"626A",37.8,158
"2320","2025","Jan","Block 3",2025-01-10 08:59:00,"59AD",41.2,154
"2321","2025","Jan","Block 3",2025-01-10 11:57:00,"54A7",45.9,156
"2322","2025","Jan","Block 3",2025-01-10 11:57:00,"59B1",58.1,177
"2323","2025","Jan","Block 3",2025-01-10 11:57:00,"56BC",27.5,142
"2324","2025","Jan","Block 3",2025-01-10 11:57:00,"54AD",62.8,170
"2325","2025","Jan","Block 3",2025-01-10 11:57:00,"54A9",34.7,154
"2326","2025","Jan","Block 3",2025-01-10 11:57:00,"5A44",69.2,184
"2327","2025","Jan","Block 3",2025-01-10 11:57:00,"5C6A",25.3,139
"2328","2025","Jan","Block 3",2025-01-10 11:57:00,"57C2",29.1,143
"2329","2025","Jan","Block 3",2025-01-10 11:57:00,"5CB2",12.5,102
"2330","2025","Jan","Block 3",2025-01-10 11:57:00,"53A9",53.5,165
"2331","2025","Jan","Block 3",2025-01-10 14:55:00,"5439",36.2,147
"2332","2025","Jan","Block 3",2025-01-10 14:55:00,"5258",31.9,144
"2333","2025","Jan","Block 3",2025-01-10 14:55:00,"5997",26.5,137
"2334","2025","Jan","Block 3",2025-01-10 14:55:00,"54AC",49.9,162
"2335","2025","Jan","Block 3",2025-01-10 14:55:00,"5996",31.4,150
"2336","2025","Jan","Block 3",2025-01-10 14:55:00,"58B1",37.4,148
"2337","2025","Jan","Block 3",2025-01-10 14:55:00,"625D",28.2,145
"2338","2025","Jan","Block 3",2025-01-10 14:55:00,"5481",23.5,128
"2339","2025","Jan","Block 3",2025-01-10 14:55:00,"62A6",57.2,169
"2340","2025","Jan","Block 3",2025-01-10 14:55:00,"5A57",9.4,100
"2341","2025","Jan","Block 3",2025-01-10 17:59:00,"5A7B",26.2,140
"2342","2025","Jan","Block 3",2025-01-10 17:59:00,"53B3",27.1,139
"2343","2025","Jan","Block 3",2025-01-10 17:59:00,"59AC",20.8,119
"2344","2025","Jan","Block 3",2025-01-10 17:59:00,"529B",49.3,162
"2345","2025","Jan","Block 3",2025-01-10 17:59:00,"5293",16.7,122
"2346","2025","Jan","Block 3",2025-01-10 17:59:00,"5257",66.3,168
"2347","2025","Jan","Block 3",2025-01-10 17:59:00,"54DC",30.6,149
"2348","2025","Jan","Block 3",2025-01-10 17:59:00,"57AB",20.7,118
"2349","2025","Jan","Block 3",2025-01-10 17:59:00,"5494",21.7,137
"2350","2025","Jan","Block 3",2025-01-10 17:59:00,"54B8",24.1,130
"2351","2025","Jan","Block 3",2025-01-10 20:59:00,"5EDD",46.7,165
"2352","2025","Jan","Block 3",2025-01-10 20:59:00,"5289",23.4,135
"2353","2025","Jan","Block 3",2025-01-10 20:59:00,"5B12",22.9,133
"2354","2025","Jan","Block 3",2025-01-10 20:59:00,"52CF",18.1,117
"2355","2025","Jan","Block 3",2025-01-10 20:59:00,"5CB5",26.9,143
"2356","2025","Jan","Block 3",2025-01-10 20:59:00,"525C",14.6,125
"2357","2025","Jan","Block 3",2025-01-10 20:59:00,"5BAD",48.9,169
"2358","2025","Jan","Block 3",2025-01-10 20:59:00,"6296",44.6,157
"2359","2025","Jan","Block 3",2025-01-10 20:59:00,"542A",47.4,162
"2360","2025","Jan","Block 3",2025-01-10 20:59:00,"5D17",34,143
"2361","2025","Jan","Block 3",2025-01-10 23:58:00,"6275",40.3,152
"2362","2025","Jan","Block 3",2025-01-10 23:58:00,"53DA",52.3,163
"2363","2025","Jan","Block 3",2025-01-10 23:58:00,"5CAF",85.5,185
"2364","2025","Jan","Block 3",2025-01-10 23:58:00,"5D25",48.5,167
"2365","2025","Jan","Block 3",2025-01-10 23:58:00,"56AB",57.7,152
"2366","2025","Jan","Block 3",2025-01-10 23:58:00,"5297",57.1,170
"2367","2025","Jan","Block 3",2025-01-10 23:58:00,"5B66",38.2,154
"2368","2025","Jan","Block 3",2025-01-10 23:58:00,"5EA1",25.2,129
"2369","2025","Jan","Block 3",2025-01-10 23:58:00,"58BB",24.8,140
"2370","2025","Jan","Block 3",2025-01-10 23:58:00,"5A9E",38.1,157
"2371","2025","Jan","Block 3",2025-01-11 03:00:00,"57A9",74.7,183
"2372","2025","Jan","Block 3",2025-01-11 03:00:00,"5255",30.1,138
"2373","2025","Jan","Block 3",2025-01-11 03:00:00,"626B",55.2,160
"2374","2025","Jan","Block 3",2025-01-11 03:00:00,"52A3",23.6,133
"2375","2025","Jan","Block 3",2025-01-11 03:00:00,"5262",39.5,148
"2376","2025","Jan","Block 3",2025-01-11 03:00:00,"5939",55.7,173
"2377","2025","Jan","Block 3",2025-01-11 03:00:00,"529C",51.9,168
"2378","2025","Jan","Block 3",2025-01-11 03:00:00,"5BAC",29.6,137
"2379","2025","Jan","Block 3",2025-01-11 03:00:00,"5EB1",58.7,170
"2380","2025","Jan","Block 3",2025-01-11 03:00:00,"59B3",46.4,156
"2381","2025","Jan","Block 3",2025-01-11 06:00:00,"61AA",31.1,148
"2382","2025","Jan","Block 3",2025-01-11 06:00:00,"5CDB",70.7,180
"2383","2025","Jan","Block 3",2025-01-11 06:00:00,"5B2F",28.9,144
"2384","2025","Jan","Block 3",2025-01-11 06:00:00,"5F5B",29.2,137
"2385","2025","Jan","Block 3",2025-01-11 06:00:00,"58EA",12.7,107
"2386","2025","Jan","Block 3",2025-01-11 06:00:00,"622B",44.1,154
"2387","2025","Jan","Block 3",2025-01-11 06:00:00,"5937",58.7,172
"2388","2025","Jan","Block 3",2025-01-11 06:00:00,"5E65",17.9,124
"2389","2025","Jan","Block 3",2025-01-11 06:00:00,"5A59",28.8,147
"2390","2025","Jan","Block 3",2025-01-11 06:00:00,"5253",17.9,127
"2391","2025","Jan","Block 4",2025-01-15 08:57:00,"5493",51.9,170
"2392","2025","Jan","Block 4",2025-01-15 08:57:00,"5D89",33.9,144
"2393","2025","Jan","Block 4",2025-01-15 08:57:00,"54D1",78.3,188
"2394","2025","Jan","Block 4",2025-01-15 08:57:00,"5AC7",25.6,141
"2395","2025","Jan","Block 4",2025-01-15 08:57:00,"53ED",26.5,139
"2396","2025","Jan","Block 4",2025-01-15 08:57:00,"622D",57.7,172
"2397","2025","Jan","Block 4",2025-01-15 08:57:00,"59B4",36.8,160
"2398","2025","Jan","Block 4",2025-01-15 08:57:00,"5286",31.4,141
"2399","2025","Jan","Block 4",2025-01-15 08:57:00,"593C",51.6,171
"2400","2025","Jan","Block 4",2025-01-15 08:57:00,"54B7",42.9,159
"2401","2025","Jan","Block 4",2025-01-15 12:04:00,"5A98",20.8,131
"2402","2025","Jan","Block 4",2025-01-15 12:04:00,"56B9",40.6,150
"2403","2025","Jan","Block 4",2025-01-15 12:04:00,"5BA8",117.6,210
"2404","2025","Jan","Block 4",2025-01-15 12:04:00,"5A50",15.8,119
"2405","2025","Jan","Block 4",2025-01-15 12:04:00,"6289",42.7,152
"2406","2025","Jan","Block 4",2025-01-15 12:04:00,"586D",23.7,135
"2407","2025","Jan","Block 4",2025-01-15 12:04:00,"53AC",28.8,156
"2408","2025","Jan","Block 4",2025-01-15 12:04:00,"5F51",34.3,142
"2409","2025","Jan","Block 4",2025-01-15 12:04:00,"5BA5",50.4,161
"2410","2025","Jan","Block 4",2025-01-15 12:04:00,"5A9B",8.6,98
"2411","2025","Jan","Block 4",2025-01-15 15:01:00,"5CED",37,156
"2412","2025","Jan","Block 4",2025-01-15 15:01:00,"5DA8",41.1,160
"2413","2025","Jan","Block 4",2025-01-15 15:01:00,"551C",40.3,159
"2414","2025","Jan","Block 4",2025-01-15 15:01:00,"5ABD",40.1,160
"2415","2025","Jan","Block 4",2025-01-15 15:01:00,"5455",58.4,170
"2416","2025","Jan","Block 4",2025-01-15 15:01:00,"5A9D",111.3,206
"2417","2025","Jan","Block 4",2025-01-15 15:01:00,"58EB",28.8,141
"2418","2025","Jan","Block 4",2025-01-15 15:01:00,"5A85",20.5,122
"2419","2025","Jan","Block 4",2025-01-15 15:01:00,"5BC5",38.5,150
"2420","2025","Jan","Block 4",2025-01-15 15:01:00,"58B6",58.1,175
"2421","2025","Jan","Block 4",2025-01-15 17:58:00,"543D",79.1,187
"2422","2025","Jan","Block 4",2025-01-15 17:58:00,"5E5A",40.8,152
"2423","2025","Jan","Block 4",2025-01-15 17:58:00,"590B",71.6,176
"2424","2025","Jan","Block 4",2025-01-15 17:58:00,"5CEB",66.1,176
"2425","2025","Jan","Block 4",2025-01-15 17:58:00,"5A7D",48.4,163
"2426","2025","Jan","Block 4",2025-01-15 17:58:00,"5A46",83.1,185
"2427","2025","Jan","Block 4",2025-01-15 17:58:00,"5DA9",28.6,145
"2428","2025","Jan","Block 4",2025-01-15 17:58:00,"5EB9",57.5,167
"2429","2025","Jan","Block 4",2025-01-15 17:58:00,"5265",23.2,130
"2430","2025","Jan","Block 4",2025-01-15 17:58:00,"5B37",32,146
"2431","2025","Jan","Block 4",2025-01-15 21:00:00,"6252",39.9,159
"2432","2025","Jan","Block 4",2025-01-15 21:00:00,"5AA9",13.7,110
"2433","2025","Jan","Block 4",2025-01-15 21:00:00,"59EB",47.8,164
"2434","2025","Jan","Block 4",2025-01-15 21:00:00,"5958",55,165
"2435","2025","Jan","Block 4",2025-01-15 21:00:00,"52AF",17.8,126
"2436","2025","Jan","Block 4",2025-01-15 21:00:00,"6291",51.3,164
"2437","2025","Jan","Block 4",2025-01-15 21:00:00,"5D0A",27.3,146
"2438","2025","Jan","Block 4",2025-01-15 21:00:00,"52A5",41.7,153
"2439","2025","Jan","Block 4",2025-01-15 21:00:00,"5CD1",69.1,182
"2440","2025","Jan","Block 4",2025-01-15 21:00:00,"5D27",16.1,120
"2441","2025","Jan","Block 4",2025-01-15 23:59:00,"5A2B",39.7,148
"2442","2025","Jan","Block 4",2025-01-15 23:59:00,"57A8",34.2,151
"2443","2025","Jan","Block 4",2025-01-15 23:59:00,"5491",78.4,184
"2444","2025","Jan","Block 4",2025-01-15 23:59:00,"5CBA",25.5,140
"2445","2025","Jan","Block 4",2025-01-15 23:59:00,"5ABF",54.9,170
"2446","2025","Jan","Block 4",2025-01-15 23:59:00,"5D45",19.8,123
"2447","2025","Jan","Block 4",2025-01-15 23:59:00,"5279",36.8,147
"2448","2025","Jan","Block 4",2025-01-15 23:59:00,"5CD2",43.4,153
"2449","2025","Jan","Block 4",2025-01-15 23:59:00,"5AA3",55.8,169
"2450","2025","Jan","Block 4",2025-01-15 23:59:00,"56B1",26.9,147
"2451","2025","Jan","Block 4",2025-01-16 03:02:00,"622A",23.6,135
"2452","2025","Jan","Block 4",2025-01-16 03:02:00,"6269",67.2,181
"2453","2025","Jan","Block 4",2025-01-16 03:02:00,"5497",83.7,185
"2454","2025","Jan","Block 4",2025-01-16 03:02:00,"5F55",76.8,186
"2455","2025","Jan","Block 4",2025-01-16 03:02:00,"532D",40.1,158
"2456","2025","Jan","Block 4",2025-01-16 03:02:00,"58C9",57.7,162
"2457","2025","Jan","Block 4",2025-01-16 03:02:00,"56A7",30.9,147
"2458","2025","Jan","Block 4",2025-01-16 03:02:00,"54A3",52.3,161
"2459","2025","Jan","Block 4",2025-01-16 03:02:00,"59A2",32.4,150
"2460","2025","Jan","Block 4",2025-01-16 03:02:00,"58B3",23.1,135
"2461","2025","Jan","Block 4",2025-01-16 06:00:00,"54A0",36.7,153
"2462","2025","Jan","Block 4",2025-01-16 06:00:00,"58AF",48.8,158
"2463","2025","Jan","Block 4",2025-01-16 06:00:00,"543A",28.5,142
"2464","2025","Jan","Block 4",2025-01-16 06:00:00,"599A",27.1,143
"2465","2025","Jan","Block 4",2025-01-16 06:00:00,"54CD",43.9,160
"2466","2025","Jan","Block 4",2025-01-16 06:00:00,"58CD",35.2,141
"2467","2025","Jan","Block 4",2025-01-16 06:00:00,"5698",38,154
"2468","2025","Jan","Block 4",2025-01-16 06:00:00,"625B",20.3,128
"2469","2025","Jan","Block 4",2025-01-16 06:00:00,"6235",39.6,151
"2470","2025","Jan","Block 4",2025-01-16 06:00:00,"5D92",46.5,167
"2471","2025","Jan","Block 4",2025-01-16 09:00:00,"5CE5",52,171
"2472","2025","Jan","Block 4",2025-01-16 09:00:00,"585D",45.6,168
"2473","2025","Jan","Block 4",2025-01-16 09:00:00,"5D3A",100.6,196
"2474","2025","Jan","Block 4",2025-01-16 09:00:00,"5A7A",102.4,197
"2475","2025","Jan","Block 4",2025-01-16 09:00:00,"5AF1",29.6,149
"2476","2025","Jan","Block 4",2025-01-16 09:00:00,"5D7D",50.2,164
"2477","2025","Jan","Block 4",2025-01-16 09:00:00,"5CD9",101.6,199
"2478","2025","Jan","Block 4",2025-01-16 09:00:00,"5974",43,162
"2479","2025","Jan","Block 4",2025-01-16 09:00:00,"5EDB",39.4,160
"2480","2025","Jan","Block 4",2025-01-16 09:00:00,"53AF",24.2,137
"2481","2025","Jan","Block 4",2025-01-16 11:50:00,"6245",40.9,156
"2482","2025","Jan","Block 4",2025-01-16 11:50:00,"5CD4",57.3,170
"2483","2025","Jan","Block 4",2025-01-16 11:50:00,"5442",48.8,160
"2484","2025","Jan","Block 4",2025-01-16 11:50:00,"547A",24.2,139
"2485","2025","Jan","Block 4",2025-01-16 11:50:00,"5291",15.7,123
"2486","2025","Jan","Block 4",2025-01-16 11:50:00,"5AAB",58.9,171
"2487","2025","Jan","Block 4",2025-01-16 11:50:00,"56CD",39.9,150
"2488","2025","Jan","Block 4",2025-01-16 11:50:00,"5EED",29.2,140
"2489","2025","Jan","Block 4",2025-01-16 11:50:00,"54D5",46.6,165
"2490","2025","Jan","Block 4",2025-01-16 11:50:00,"53B5",45.7,162
"2491","2025","Jan","Block 4",2025-01-16 14:58:00,"5D9D",31.6,151
"2492","2025","Jan","Block 4",2025-01-16 14:58:00,"54C1",39.6,158
"2493","2025","Jan","Block 4",2025-01-16 14:58:00,"5D28",13.8,116
"2494","2025","Jan","Block 4",2025-01-16 14:58:00,"5944",38.6,160
"2495","2025","Jan","Block 4",2025-01-16 14:58:00,"614A",41.7,157
"2496","2025","Jan","Block 4",2025-01-16 14:58:00,"5457",47.8,172
"2497","2025","Jan","Block 4",2025-01-16 14:58:00,"594E",44.6,159
"2498","2025","Jan","Block 4",2025-01-16 14:58:00,"5285",88.9,190
"2499","2025","Jan","Block 4",2025-01-16 14:58:00,"5945",26.5,140
"2500","2025","Jan","Block 4",2025-01-16 14:58:00,"597B",75.2,188
"2501","2025","Jan","Block 4",2025-01-16 17:57:00,"5E75",33.1,147
"2502","2025","Jan","Block 4",2025-01-16 17:57:00,"54B3",27.3,144
"2503","2025","Jan","Block 4",2025-01-16 17:57:00,"5D42",41.5,148
"2504","2025","Jan","Block 4",2025-01-16 17:57:00,"55C8",76.7,181
"2505","2025","Jan","Block 4",2025-01-16 17:57:00,"56BD",40.3,152
"2506","2025","Jan","Block 4",2025-01-16 17:57:00,"5ACE",20.9,138
"2507","2025","Jan","Block 4",2025-01-16 17:57:00,"5D58",36.1,150
"2508","2025","Jan","Block 4",2025-01-16 17:57:00,"54E4",37.5,149
"2509","2025","Jan","Block 4",2025-01-16 17:57:00,"53EB",29.2,141
"2510","2025","Jan","Block 4",2025-01-16 17:57:00,"58D2",15.4,116
"2511","2025","Jan","Block 4",2025-01-16 21:04:00,"59A8",46.1,156
"2512","2025","Jan","Block 4",2025-01-16 21:04:00,"528C",13.8,110
"2513","2025","Jan","Block 4",2025-01-16 21:04:00,"5451",50.8,157
"2514","2025","Jan","Block 4",2025-01-16 21:04:00,"56ED",117.6,204
"2515","2025","Jan","Block 4",2025-01-16 21:04:00,"5BD2",43.8,157
"2516","2025","Jan","Block 4",2025-01-16 21:04:00,"54A5",49.6,159
"2517","2025","Jan","Block 4",2025-01-16 21:04:00,"5C92",73.1,180
"2518","2025","Jan","Block 4",2025-01-16 21:04:00,"5475",22.4,140
"2519","2025","Jan","Block 4",2025-01-16 21:04:00,"54CE",69.4,177
"2520","2025","Jan","Block 4",2025-01-16 21:04:00,"58DD",26.2,138
"2521","2025","Jan","Block 4",2025-01-17 00:03:00,"52BC",48.8,165
"2522","2025","Jan","Block 4",2025-01-17 00:03:00,"5EE5",75.5,181
"2523","2025","Jan","Block 4",2025-01-17 00:03:00,"529D",36.5,147
"2524","2025","Jan","Block 4",2025-01-17 00:03:00,"5AB8",44.2,162
"2525","2025","Jan","Block 4",2025-01-17 00:03:00,"59A7",49.3,169
"2526","2025","Jan","Block 4",2025-01-17 00:03:00,"59A4",66.7,176
"2527","2025","Jan","Block 4",2025-01-17 00:03:00,"5C53",32.1,150
"2528","2025","Jan","Block 4",2025-01-17 00:03:00,"526F",51.7,161
"2529","2025","Jan","Block 4",2025-01-17 00:03:00,"5CB6",17.9,125
"2530","2025","Jan","Block 4",2025-01-17 00:03:00,"55B9",31.2,147
"2531","2025","Jan","Block 4",2025-01-17 03:01:00,"61AB",38.8,160
"2532","2025","Jan","Block 4",2025-01-17 03:01:00,"5B32",58.5,177
"2533","2025","Jan","Block 4",2025-01-17 03:01:00,"5A47",46.7,154
"2534","2025","Jan","Block 4",2025-01-17 03:01:00,"60A5",33.5,149
"2535","2025","Jan","Block 4",2025-01-17 03:01:00,"53A3",18.3,123
"2536","2025","Jan","Block 4",2025-01-17 03:01:00,"5B2B",49.8,161
"2537","2025","Jan","Block 4",2025-01-17 03:01:00,"5851",56.9,172
"2538","2025","Jan","Block 4",2025-01-17 03:01:00,"5482",24.5,139
"2539","2025","Jan","Block 4",2025-01-17 03:01:00,"6253",66.1,174
"2540","2025","Jan","Block 4",2025-01-17 03:01:00,"5E91",40.2,155
"2541","2025","Jan","Block 4",2025-01-17 05:59:00,"5A19",39.8,157
"2542","2025","Jan","Block 4",2025-01-17 05:59:00,"552D",27.1,137
"2543","2025","Jan","Block 4",2025-01-17 05:59:00,"5BD9",23.6,138
"2544","2025","Jan","Block 4",2025-01-17 05:59:00,"5BED",35.7,150
"2545","2025","Jan","Block 4",2025-01-17 05:59:00,"5DAC",39.3,156
"2546","2025","Jan","Block 4",2025-01-17 05:59:00,"592D",34.8,152
"2547","2025","Jan","Block 4",2025-01-17 05:59:00,"54C9",53.2,163
"2548","2025","Jan","Block 4",2025-01-17 05:59:00,"5D0D",36.8,158
"2549","2025","Jan","Block 4",2025-01-17 05:59:00,"5525",20.6,125
"2550","2025","Jan","Block 4",2025-01-17 05:59:00,"5389",57.3,169
"2551","2025","Jan","Block 4",2025-01-17 09:00:00,"52CE",26.6,141
"2552","2025","Jan","Block 4",2025-01-17 09:00:00,"5F62",51.2,170
"2553","2025","Jan","Block 4",2025-01-17 09:00:00,"593D",26.4,140
"2554","2025","Jan","Block 4",2025-01-17 09:00:00,"5F4D",29.8,149
"2555","2025","Jan","Block 4",2025-01-17 09:00:00,"5BD3",34.8,155
"2556","2025","Jan","Block 4",2025-01-17 09:00:00,"5F25",52.3,171
"2557","2025","Jan","Block 4",2025-01-17 09:00:00,"57D7",39.1,150
"2558","2025","Jan","Block 4",2025-01-17 09:00:00,"5D11",44.9,165
"2559","2025","Jan","Block 4",2025-01-17 09:00:00,"5865",46.2,161
"2560","2025","Jan","Block 4",2025-01-17 09:00:00,"58B5",46.2,166
"2561","2025","Jan","Block 4",2025-01-17 11:58:00,"529E",82.7,184
"2562","2025","Jan","Block 4",2025-01-17 11:58:00,"5931",51.1,163
"2563","2025","Jan","Block 4",2025-01-17 11:58:00,"5DAF",59.9,170
"2564","2025","Jan","Block 4",2025-01-17 11:58:00,"6155",61.1,171
"2565","2025","Jan","Block 4",2025-01-17 11:58:00,"58AD",47.6,162
"2566","2025","Jan","Block 4",2025-01-17 11:58:00,"5FA9",33.3,152
"2567","2025","Jan","Block 4",2025-01-17 11:58:00,"5B3B",34.4,150
"2568","2025","Jan","Block 4",2025-01-17 11:58:00,"544D",27.7,147
"2569","2025","Jan","Block 4",2025-01-17 11:58:00,"58A9",89.7,190
"2570","2025","Jan","Block 4",2025-01-17 11:58:00,"6156",29.1,147
"2571","2025","Jan","Block 4",2025-01-17 14:57:00,"5267",17.9,122
"2572","2025","Jan","Block 4",2025-01-17 14:57:00,"5D15",18.8,120
"2573","2025","Jan","Block 4",2025-01-17 14:57:00,"628B",46.8,160
"2574","2025","Jan","Block 4",2025-01-17 14:57:00,"5F59",34.2,152
"2575","2025","Jan","Block 4",2025-01-17 14:57:00,"5859",37.9,158
"2576","2025","Jan","Block 4",2025-01-17 14:57:00,"52A1",46.3,156
"2577","2025","Jan","Block 4",2025-01-17 14:57:00,"52ED",36.8,154
"2578","2025","Jan","Block 4",2025-01-17 14:57:00,"5994",20.2,127
"2579","2025","Jan","Block 4",2025-01-17 14:57:00,"5835",50.9,162
"2580","2025","Jan","Block 4",2025-01-17 14:57:00,"5AE1",26.4,137
"2581","2025","Jan","Block 4",2025-01-17 17:56:00,"5AE9",39,151
"2582","2025","Jan","Block 4",2025-01-17 17:56:00,"57AC",39.3,155
"2583","2025","Jan","Block 4",2025-01-17 17:56:00,"5436",37.1,143
"2584","2025","Jan","Block 4",2025-01-17 17:56:00,"5E69",34,149
"2585","2025","Jan","Block 4",2025-01-17 17:56:00,"5ECD",45.2,160
"2586","2025","Jan","Block 4",2025-01-17 17:56:00,"5DAB",40.9,156
"2587","2025","Jan","Block 4",2025-01-17 17:56:00,"56CC",18.2,127
"2588","2025","Jan","Block 4",2025-01-17 17:56:00,"54C8",28.9,140
"2589","2025","Jan","Block 4",2025-01-17 17:56:00,"5CDD",24.3,138
"2590","2025","Jan","Block 4",2025-01-17 17:56:00,"526B",34.3,154
"2591","2025","Jan","Block 4",2025-01-17 21:01:00,"592C",25.2,141
"2592","2025","Jan","Block 4",2025-01-17 21:01:00,"5731",64.6,175
"2593","2025","Jan","Block 4",2025-01-17 21:01:00,"5DEB",19,130
"2594","2025","Jan","Block 4",2025-01-17 21:01:00,"52B0",66.9,177
"2595","2025","Jan","Block 4",2025-01-17 21:01:00,"54 E8",25.4,134
"2596","2025","Jan","Block 4",2025-01-17 21:01:00,"5F9A",35.3,158
"2597","2025","Jan","Block 4",2025-01-17 21:01:00,"548B",23.9,136
"2598","2025","Jan","Block 4",2025-01-17 21:01:00,"6292",31.4,145
"2599","2025","Jan","Block 4",2025-01-17 21:01:00,"53C9",25.9,140
"2600","2025","Jan","Block 4",2025-01-17 21:01:00,"525B",50,150
"2601","2025","Jan","Block 4",2025-01-17 23:59:00,"52EF",51.5,161
"2602","2025","Jan","Block 4",2025-01-17 23:59:00,"61B5",18,124
"2603","2025","Jan","Block 4",2025-01-17 23:59:00,"615A",39.4,155
"2604","2025","Jan","Block 4",2025-01-17 23:59:00,"56AF",69.6,180
"2605","2025","Jan","Block 4",2025-01-17 23:59:00,"5DB5",14.2,118
"2606","2025","Jan","Block 4",2025-01-17 23:59:00,"58D4",27.3,142
"2607","2025","Jan","Block 4",2025-01-17 23:59:00,"54EA",91.5,191
"2608","2025","Jan","Block 4",2025-01-17 23:59:00,"5CC9",29.2,149
"2609","2025","Jan","Block 4",2025-01-17 23:59:00,"58AE",27.9,145
"2610","2025","Jan","Block 4",2025-01-17 23:59:00,"5F29",31.5,146
"2611","2025","Jan","Block 4",2025-01-18 02:59:00,"5B36",24.1,140
"2612","2025","Jan","Block 4",2025-01-18 02:59:00,"552F",26.8,142
"2613","2025","Jan","Block 4",2025-01-18 02:59:00,"615B",29.6,133
"2614","2025","Jan","Block 4",2025-01-18 02:59:00,"6259",53.1,170
"2615","2025","Jan","Block 4",2025-01-18 02:59:00,"528D",66.5,171
"2616","2025","Jan","Block 4",2025-01-18 02:59:00,"5D53",30.2,144
"2617","2025","Jan","Block 4",2025-01-18 02:59:00,"5928",57.1,169
"2618","2025","Jan","Block 4",2025-01-18 02:59:00,"58D1",74.1,182
"2619","2025","Jan","Block 4",2025-01-18 02:59:00,"54C7",63.8,174
"2620","2025","Jan","Block 4",2025-01-18 02:59:00,"5BB3",15.3,120
"2621","2025","Jan","Block 4",2025-01-18 05:58:00,"5935",35.2,145
"2622","2025","Jan","Block 4",2025-01-18 05:58:00,"593A",63.2,173
"2623","2025","Jan","Block 4",2025-01-18 05:58:00,"5D57",27,132
"2624","2025","Jan","Block 4",2025-01-18 05:58:00,"5281",44.5,157
"2625","2025","Jan","Block 4",2025-01-18 05:58:00,"5EAE",39.1,154
"2626","2025","Jan","Block 4",2025-01-18 05:58:00,"5957",25.9,149
"2627","2025","Jan","Block 4",2025-01-18 05:58:00,"5268",27.1,142
"2628","2025","Jan","Block 4",2025-01-18 05:58:00,"532F",26.1,133
"2629","2025","Jan","Block 4",2025-01-18 05:58:00,"526D",27.1,142
"2630","2025","Jan","Block 4",2025-01-18 05:58:00,"5BBD",44.2,156
"2631","2025","Feb","Block 5",2025-02-12 17:04:00,"6475",75.5,179
"2632","2025","Feb","Block 5",2025-02-13 16:04:00,"6475",75.5,179
"2633","2025","Feb","Block 5",2025-02-14 15:40:00,"6475",75.5,179
"2634","2025","Feb","Block 5",2025-02-12 17:04:00,"6355",25.6,143
"2635","2025","Feb","Block 5",2025-02-13 16:04:00,"6355",25.6,143
"2636","2025","Feb","Block 5",2025-02-14 15:40:00,"6355",25.6,143
"2637","2025","Feb","Block 5",2025-02-12 17:04:00,"6545",69,180
"2638","2025","Feb","Block 5",2025-02-13 16:04:00,"6545",69,180
"2639","2025","Feb","Block 5",2025-02-14 15:40:00,"6545",69,180
"2640","2025","Feb","Block 5",2025-02-12 17:04:00,"64B6",80.7,189
"2641","2025","Feb","Block 5",2025-02-13 16:04:00,"64B6",80.7,189
"2642","2025","Feb","Block 5",2025-02-14 15:40:00,"64B6",80.7,189
"2643","2025","Feb","Block 5",2025-02-12 17:04:00,"649D",36.8,157
"2644","2025","Feb","Block 5",2025-02-13 16:04:00,"649D",36.8,157
"2645","2025","Feb","Block 5",2025-02-14 15:40:00,"649D",36.8,157
"2646","2025","Feb","Block 5",2025-02-12 17:04:00,"6B5D",102.5,198
"2647","2025","Feb","Block 5",2025-02-13 16:04:00,"6B5D",102.5,198
"2648","2025","Feb","Block 5",2025-02-14 15:40:00,"6B5D",102.5,198
"2649","2025","Feb","Block 5",2025-02-12 17:04:00,"6875",19,122
"2650","2025","Feb","Block 5",2025-02-13 16:04:00,"6875",19,122
"2651","2025","Feb","Block 5",2025-02-14 15:40:00,"6875",19,122
"2652","2025","Feb","Block 5",2025-02-12 17:04:00,"62C2",25.3,142
"2653","2025","Feb","Block 5",2025-02-13 16:04:00,"62C2",25.3,142
"2654","2025","Feb","Block 5",2025-02-14 15:40:00,"62C2",25.3,142
"2655","2025","Feb","Block 5",2025-02-12 17:04:00,"6579",66.4,181
"2656","2025","Feb","Block 5",2025-02-13 16:04:00,"6579",66.4,181
"2657","2025","Feb","Block 5",2025-02-14 15:40:00,"6579",66.4,181
"2658","2025","Feb","Block 5",2025-02-12 17:04:00,"65AE",76.8,187
"2659","2025","Feb","Block 5",2025-02-13 16:04:00,"65AE",76.8,187
"2660","2025","Feb","Block 5",2025-02-14 15:40:00,"65AE",76.8,187
"2661","2025","Feb","Block 5",2025-02-12 17:04:00,"648D",87.1,191
"2662","2025","Feb","Block 5",2025-02-13 16:04:00,"648D",87.1,191
"2663","2025","Feb","Block 5",2025-02-14 15:40:00,"648D",87.1,191
"2664","2025","Feb","Block 5",2025-02-12 17:04:00,"62DA",48.8,172
"2665","2025","Feb","Block 5",2025-02-13 16:04:00,"62DA",48.8,172
"2666","2025","Feb","Block 5",2025-02-14 15:40:00,"62DA",48.8,172
"2667","2025","Feb","Block 5",2025-02-12 17:04:00,"64BA",39.8,156
"2668","2025","Feb","Block 5",2025-02-13 16:04:00,"64BA",39.8,156
"2669","2025","Feb","Block 5",2025-02-14 15:40:00,"64BA",39.8,156
"2670","2025","Feb","Block 5",2025-02-12 17:04:00,"6453",47,170
"2671","2025","Feb","Block 5",2025-02-13 16:04:00,"6453",47,170
"2672","2025","Feb","Block 5",2025-02-14 15:40:00,"6453",47,170
"2673","2025","Feb","Block 5",2025-02-12 17:04:00,"686A",25.7,142
"2674","2025","Feb","Block 5",2025-02-13 16:04:00,"686A",25.7,142
"2675","2025","Feb","Block 5",2025-02-14 15:40:00,"686A",25.7,142
"2676","2025","Feb","Block 5",2025-02-12 17:04:00,"6869",45,155
"2677","2025","Feb","Block 5",2025-02-13 16:04:00,"6869",45,155
"2678","2025","Feb","Block 5",2025-02-14 15:40:00,"6869",45,155
"2679","2025","Feb","Block 5",2025-02-12 17:04:00,"64B1",31.1,147
"2680","2025","Feb","Block 5",2025-02-13 16:04:00,"64B1",31.1,147
"2681","2025","Feb","Block 5",2025-02-14 15:40:00,"64B1",31.1,147
"2682","2025","Feb","Block 5",2025-02-12 17:04:00,"6859",14.6,120
"2683","2025","Feb","Block 5",2025-02-13 16:04:00,"6859",14.6,120
"2684","2025","Feb","Block 5",2025-02-14 15:40:00,"6859",14.6,120
"2685","2025","Feb","Block 5",2025-02-12 17:04:00,"692D",56.8,168
"2686","2025","Feb","Block 5",2025-02-13 16:04:00,"692D",56.8,168
"2687","2025","Feb","Block 5",2025-02-14 15:40:00,"692D",56.8,168
"2688","2025","Feb","Block 5",2025-02-12 17:04:00,"6352",41.4,151
"2689","2025","Feb","Block 5",2025-02-13 16:04:00,"6352",41.4,151
"2690","2025","Feb","Block 5",2025-02-14 15:40:00,"6352",41.4,151
"2691","2025","Feb","Block 5",2025-02-12 17:04:00,"6495",58.9,181
"2692","2025","Feb","Block 5",2025-02-13 16:04:00,"6495",58.9,181
"2693","2025","Feb","Block 5",2025-02-14 15:40:00,"6495",58.9,181
"2694","2025","Feb","Block 5",2025-02-12 17:04:00,"62AD",114.7,206
"2695","2025","Feb","Block 5",2025-02-13 16:04:00,"62AD",114.7,206
"2696","2025","Feb","Block 5",2025-02-14 15:40:00,"62AD",114.7,206
"2697","2025","Feb","Block 5",2025-02-12 17:04:00,"689A",59.2,171
"2698","2025","Feb","Block 5",2025-02-13 16:04:00,"689A",59.2,171
"2699","2025","Feb","Block 5",2025-02-14 15:40:00,"689A",59.2,171
"2700","2025","Feb","Block 5",2025-02-12 17:04:00,"64B2",61.1,172
"2701","2025","Feb","Block 5",2025-02-13 16:04:00,"64B2",61.1,172
"2702","2025","Feb","Block 5",2025-02-14 15:40:00,"64B2",61.1,172
"2703","2025","Feb","Block 5",2025-02-12 17:04:00,"6896",45.1,157
"2704","2025","Feb","Block 5",2025-02-13 16:04:00,"6896",45.1,157
"2705","2025","Feb","Block 5",2025-02-14 15:40:00,"6896",45.1,157
"2706","2025","Feb","Block 5",2025-02-12 17:04:00,"6665",52.8,162
"2707","2025","Feb","Block 5",2025-02-13 16:04:00,"6665",52.8,162
"2708","2025","Feb","Block 5",2025-02-14 15:40:00,"6665",52.8,162
"2709","2025","Feb","Block 5",2025-02-12 17:04:00,"6892",16,125
"2710","2025","Feb","Block 5",2025-02-13 16:04:00,"6892",16,125
"2711","2025","Feb","Block 5",2025-02-14 15:40:00,"6892",16,125
"2712","2025","Feb","Block 5",2025-02-12 17:04:00,"632B",67.7,180
"2713","2025","Feb","Block 5",2025-02-13 16:04:00,"632B",67.7,180
"2714","2025","Feb","Block 5",2025-02-14 15:40:00,"632B",67.7,180
"2715","2025","Feb","Block 5",2025-02-12 17:04:00,"6511",46.6,164
"2716","2025","Feb","Block 5",2025-02-13 16:04:00,"6511",46.6,164
"2717","2025","Feb","Block 5",2025-02-14 15:40:00,"6511",46.6,164
"2718","2025","Feb","Block 5",2025-02-12 17:04:00,"6929",71.1,183
"2719","2025","Feb","Block 5",2025-02-13 16:04:00,"6929",71.1,183
"2720","2025","Feb","Block 5",2025-02-14 15:40:00,"6929",71.1,183
"2721","2025","Feb","Block 5",2025-02-12 17:04:00,"650A",40.6,158
"2722","2025","Feb","Block 5",2025-02-13 16:04:00,"650A",40.6,158
"2723","2025","Feb","Block 5",2025-02-14 15:40:00,"650A",40.6,158
"2724","2025","Feb","Block 5",2025-02-12 17:04:00,"6935",63.9,175
"2725","2025","Feb","Block 5",2025-02-13 16:04:00,"6935",63.9,175
"2726","2025","Feb","Block 5",2025-02-14 15:40:00,"6935",63.9,175
"2727","2025","Feb","Block 5",2025-02-12 17:04:00,"645A",25.6,141
"2728","2025","Feb","Block 5",2025-02-13 16:04:00,"645A",25.6,141
"2729","2025","Feb","Block 5",2025-02-14 15:40:00,"645A",25.6,141
"2730","2025","Feb","Block 5",2025-02-12 17:04:00,"64D5",76,181
"2731","2025","Feb","Block 5",2025-02-13 16:04:00,"64D5",76,181
"2732","2025","Feb","Block 5",2025-02-14 15:40:00,"64D5",76,181
"2733","2025","Feb","Block 5",2025-02-12 17:04:00,"659A",30.1,153
"2734","2025","Feb","Block 5",2025-02-13 16:04:00,"659A",30.1,153
"2735","2025","Feb","Block 5",2025-02-14 15:40:00,"659A",30.1,153
"2736","2025","Feb","Block 5",2025-02-12 17:04:00,"668A",34.5,146
"2737","2025","Feb","Block 5",2025-02-13 16:04:00,"668A",34.5,146
"2738","2025","Feb","Block 5",2025-02-14 15:40:00,"668A",34.5,146
"2739","2025","Feb","Block 5",2025-02-12 17:04:00,"6534",58.9,167
"2740","2025","Feb","Block 5",2025-02-13 16:04:00,"6534",58.9,167
"2741","2025","Feb","Block 5",2025-02-14 15:40:00,"6534",58.9,167
"2742","2025","Feb","Block 5",2025-02-12 17:04:00,"6456",31.9,152
"2743","2025","Feb","Block 5",2025-02-13 16:04:00,"6456",31.9,152
"2744","2025","Feb","Block 5",2025-02-14 15:40:00,"6456",31.9,152
"2745","2025","Feb","Block 5",2025-02-12 17:04:00,"6925",69,182
"2746","2025","Feb","Block 5",2025-02-13 16:04:00,"6925",69,182
"2747","2025","Feb","Block 5",2025-02-14 15:40:00,"6925",69,182
"2748","2025","Feb","Block 5",2025-02-12 17:04:00,"65CA",46.6,158
"2749","2025","Feb","Block 5",2025-02-13 16:04:00,"65CA",46.6,158
"2750","2025","Feb","Block 5",2025-02-14 15:40:00,"65CA",46.6,158
"2751","2025","Feb","Block 5",2025-02-12 17:04:00,"62BD",61.5,177
"2752","2025","Feb","Block 5",2025-02-13 16:04:00,"62BD",61.5,177
"2753","2025","Feb","Block 5",2025-02-14 15:40:00,"62BD",61.5,177
"2754","2025","Feb","Block 5",2025-02-12 17:04:00,"686D",56,172
"2755","2025","Feb","Block 5",2025-02-13 16:04:00,"686D",56,172
"2756","2025","Feb","Block 5",2025-02-14 15:40:00,"686D",56,172
"2757","2025","Feb","Block 5",2025-02-12 17:04:00,"6543",52,163
"2758","2025","Feb","Block 5",2025-02-13 16:04:00,"6543",52,163
"2759","2025","Feb","Block 5",2025-02-14 15:40:00,"6543",52,163
"2760","2025","Feb","Block 5",2025-02-12 17:04:00,"66BA",37.1,158
"2761","2025","Feb","Block 5",2025-02-13 16:04:00,"66BA",37.1,158
"2762","2025","Feb","Block 5",2025-02-14 15:40:00,"66BA",37.1,158
"2763","2025","Feb","Block 5",2025-02-12 17:04:00,"62B2",48.3,161
"2764","2025","Feb","Block 5",2025-02-13 16:04:00,"62B2",48.3,161
"2765","2025","Feb","Block 5",2025-02-14 15:40:00,"62B2",48.3,161
"2766","2025","Feb","Block 5",2025-02-12 17:04:00,"6889",96.7,198
"2767","2025","Feb","Block 5",2025-02-13 16:04:00,"6889",96.7,198
"2768","2025","Feb","Block 5",2025-02-14 15:40:00,"6889",96.7,198
"2769","2025","Feb","Block 5",2025-02-12 17:04:00,"659D",39.9,149
"2770","2025","Feb","Block 5",2025-02-13 16:04:00,"659D",39.9,149
"2771","2025","Feb","Block 5",2025-02-14 15:40:00,"659D",39.9,149
"2772","2025","Feb","Block 5",2025-02-12 17:04:00,"6596",40,153
"2773","2025","Feb","Block 5",2025-02-13 16:04:00,"6596",40,153
"2774","2025","Feb","Block 5",2025-02-14 15:40:00,"6596",40,153
"2775","2025","Feb","Block 5",2025-02-12 17:04:00,"6569",47.8,160
"2776","2025","Feb","Block 5",2025-02-13 16:04:00,"6569",47.8,160
"2777","2025","Feb","Block 5",2025-02-14 15:40:00,"6569",47.8,160
"2778","2025","Feb","Block 5",2025-02-12 17:04:00,"62D5",62.6,175
"2779","2025","Feb","Block 5",2025-02-13 16:04:00,"62D5",62.6,175
"2780","2025","Feb","Block 5",2025-02-14 15:40:00,"62D5",62.6,175
"2781","2025","Feb","Block 5",2025-02-12 17:04:00,"652E",68.1,183
"2782","2025","Feb","Block 5",2025-02-13 16:04:00,"652E",68.1,183
"2783","2025","Feb","Block 5",2025-02-14 15:40:00,"652E",68.1,183
"2784","2025","Feb","Block 5",2025-02-12 17:04:00,"65A4",32.6,150
"2785","2025","Feb","Block 5",2025-02-13 16:04:00,"65A4",32.6,150
"2786","2025","Feb","Block 5",2025-02-14 15:40:00,"65A4",32.6,150
"2787","2025","Feb","Block 5",2025-02-12 17:04:00,"66DA",56.5,175
"2788","2025","Feb","Block 5",2025-02-13 16:04:00,"66DA",56.5,175
"2789","2025","Feb","Block 5",2025-02-14 15:40:00,"66DA",56.5,175
"2790","2025","Feb","Block 5",2025-02-12 17:04:00,"66BB",61.1,176
"2791","2025","Feb","Block 5",2025-02-13 16:04:00,"66BB",61.1,176
"2792","2025","Feb","Block 5",2025-02-14 15:40:00,"66BB",61.1,176
"2793","2025","Feb","Block 5",2025-02-12 17:04:00,"62DD",56.8,165
"2794","2025","Feb","Block 5",2025-02-13 16:04:00,"62DD",56.8,165
"2795","2025","Feb","Block 5",2025-02-14 15:40:00,"62DD",56.8,165
"2796","2025","Feb","Block 5",2025-02-12 17:04:00,"6492",46.7,170
"2797","2025","Feb","Block 5",2025-02-13 16:04:00,"6492",46.7,170
"2798","2025","Feb","Block 5",2025-02-14 15:40:00,"6492",46.7,170
"2799","2025","Feb","Block 5",2025-02-12 17:04:00,"6539",61.7,175
"2800","2025","Feb","Block 5",2025-02-13 16:04:00,"6539",61.7,175
"2801","2025","Feb","Block 5",2025-02-14 15:40:00,"6539",61.7,175
"2802","2025","Feb","Block 5",2025-02-12 17:04:00,"685A",27.4,144
"2803","2025","Feb","Block 5",2025-02-13 16:04:00,"685A",27.4,144
"2804","2025","Feb","Block 5",2025-02-14 15:40:00,"685A",27.4,144
"2805","2025","Feb","Block 5",2025-02-12 17:04:00,"6528",63.7,176
"2806","2025","Feb","Block 5",2025-02-13 16:04:00,"6528",63.7,176
"2807","2025","Feb","Block 5",2025-02-14 15:40:00,"6528",63.7,176
"2808","2025","Feb","Block 5",2025-02-12 17:04:00,"6525",33.6,156
"2809","2025","Feb","Block 5",2025-02-13 16:04:00,"6525",33.6,156
"2810","2025","Feb","Block 5",2025-02-14 15:40:00,"6525",33.6,156
"2811","2025","Feb","Block 5",2025-02-12 17:04:00,"6592",26.7,145
"2812","2025","Feb","Block 5",2025-02-13 16:04:00,"6592",26.7,145
"2813","2025","Feb","Block 5",2025-02-14 15:40:00,"6592",26.7,145
"2814","2025","Feb","Block 5",2025-02-12 17:04:00,"64D9",44.9,157
"2815","2025","Feb","Block 5",2025-02-13 16:04:00,"64D9",44.9,157
"2816","2025","Feb","Block 5",2025-02-14 15:40:00,"64D9",44.9,157
"2817","2025","Feb","Block 5",2025-02-12 17:04:00,"64D2",61.9,176
"2818","2025","Feb","Block 5",2025-02-13 16:04:00,"64D2",61.9,176
"2819","2025","Feb","Block 5",2025-02-14 15:40:00,"64D2",61.9,176
"2820","2025","Feb","Block 5",2025-02-12 17:04:00,"654F",18.6,134
"2821","2025","Feb","Block 5",2025-02-13 16:04:00,"654F",18.6,134
"2822","2025","Feb","Block 5",2025-02-14 15:40:00,"654F",18.6,134
"2823","2025","Feb","Block 5",2025-02-12 17:04:00,"6356",90.9,196
"2824","2025","Feb","Block 5",2025-02-13 16:04:00,"6356",90.9,196
"2825","2025","Feb","Block 5",2025-02-14 15:40:00,"6356",90.9,196
"2826","2025","Feb","Block 5",2025-02-12 17:04:00,"6527",33.3,157
"2827","2025","Feb","Block 5",2025-02-13 16:04:00,"6527",33.3,157
"2828","2025","Feb","Block 5",2025-02-14 15:40:00,"6527",33.3,157
"2829","2025","Feb","Block 5",2025-02-12 17:04:00,"66A2",63.2,176
"2830","2025","Feb","Block 5",2025-02-13 16:04:00,"66A2",63.2,176
"2831","2025","Feb","Block 5",2025-02-14 15:40:00,"66A2",63.2,176
"2832","2025","Feb","Block 5",2025-02-12 17:04:00,"66D4",25.2,142
"2833","2025","Feb","Block 5",2025-02-13 16:04:00,"66D4",25.2,142
"2834","2025","Feb","Block 5",2025-02-14 15:40:00,"66D4",25.2,142
"2835","2025","Feb","Block 5",2025-02-12 17:04:00,"6493",62.8,175
"2836","2025","Feb","Block 5",2025-02-13 16:04:00,"6493",62.8,175
"2837","2025","Feb","Block 5",2025-02-14 15:40:00,"6493",62.8,175
"2838","2025","Feb","Block 5",2025-02-12 17:04:00,"6576",27.4,147
"2839","2025","Feb","Block 5",2025-02-13 16:04:00,"6576",27.4,147
"2840","2025","Feb","Block 5",2025-02-14 15:40:00,"6576",27.4,147
"2841","2025","Feb","Block 5",2025-02-12 17:04:00,"648B",29.2,148
"2842","2025","Feb","Block 5",2025-02-13 16:04:00,"648B",29.2,148
"2843","2025","Feb","Block 5",2025-02-14 15:40:00,"648B",29.2,148
"2844","2025","Feb","Block 5",2025-02-12 17:04:00,"64C9",20.6,134
"2845","2025","Feb","Block 5",2025-02-13 16:04:00,"64C9",20.6,134
"2846","2025","Feb","Block 5",2025-02-14 15:40:00,"64C9",20.6,134
"2847","2025","Feb","Block 5",2025-02-12 17:04:00,"64E5",90.2,202
"2848","2025","Feb","Block 5",2025-02-13 16:04:00,"64E5",90.2,202
"2849","2025","Feb","Block 5",2025-02-14 15:40:00,"64E5",90.2,202
"2850","2025","Feb","Block 5",2025-02-12 17:04:00,"6692",28.9,146
"2851","2025","Feb","Block 5",2025-02-13 16:04:00,"6692",28.9,146
"2852","2025","Feb","Block 5",2025-02-14 15:40:00,"6692",28.9,146
"2853","2025","Feb","Block 5",2025-02-12 17:04:00,"688B",53.1,167
"2854","2025","Feb","Block 5",2025-02-13 16:04:00,"688B",53.1,167
"2855","2025","Feb","Block 5",2025-02-14 15:40:00,"688B",53.1,167
"2856","2025","Feb","Block 5",2025-02-12 17:04:00,"653B",47.8,166
"2857","2025","Feb","Block 5",2025-02-13 16:04:00,"653B",47.8,166
"2858","2025","Feb","Block 5",2025-02-14 15:40:00,"653B",47.8,166
"2859","2025","Feb","Block 5",2025-02-12 17:04:00,"65B6",91.3,193
"2860","2025","Feb","Block 5",2025-02-13 16:04:00,"65B6",91.3,193
"2861","2025","Feb","Block 5",2025-02-14 15:40:00,"65B6",91.3,193
"2862","2025","Feb","Block 5",2025-02-12 17:04:00,"6895",52.5,167
"2863","2025","Feb","Block 5",2025-02-13 16:04:00,"6895",52.5,167
"2864","2025","Feb","Block 5",2025-02-14 15:40:00,"6895",52.5,167
"2865","2025","Feb","Block 5",2025-02-12 17:04:00,"64A6",33.4,150
"2866","2025","Feb","Block 5",2025-02-13 16:04:00,"64A6",33.4,150
"2867","2025","Feb","Block 5",2025-02-14 15:40:00,"64A6",33.4,150
"2868","2025","Feb","Block 5",2025-02-12 17:04:00,"65AC",75.5,184
"2869","2025","Feb","Block 5",2025-02-13 16:04:00,"65AC",75.5,184
"2870","2025","Feb","Block 5",2025-02-14 15:40:00,"65AC",75.5,184
"2871","2025","Feb","Block 5",2025-02-12 17:04:00,"64BD",67.3,178
"2872","2025","Feb","Block 5",2025-02-13 16:04:00,"64BD",67.3,178
"2873","2025","Feb","Block 5",2025-02-14 15:40:00,"64BD",67.3,178
"2874","2025","Feb","Block 5",2025-02-12 17:04:00,"636B",80.6,186
"2875","2025","Feb","Block 5",2025-02-13 16:04:00,"636B",80.6,186
"2876","2025","Feb","Block 5",2025-02-14 15:40:00,"636B",80.6,186
"2877","2025","Feb","Block 5",2025-02-12 17:04:00,"6529",53.6,168
"2878","2025","Feb","Block 5",2025-02-13 16:04:00,"6529",53.6,168
"2879","2025","Feb","Block 5",2025-02-14 15:40:00,"6529",53.6,168
"2880","2025","Feb","Block 5",2025-02-12 17:04:00,"62E9",41.8,161
"2881","2025","Feb","Block 5",2025-02-13 16:04:00,"62E9",41.8,161
"2882","2025","Feb","Block 5",2025-02-14 15:40:00,"62E9",41.8,161
"2883","2025","Feb","Block 5",2025-02-12 17:04:00,"6508",72.3,179
"2884","2025","Feb","Block 5",2025-02-13 16:04:00,"6508",72.3,179
"2885","2025","Feb","Block 5",2025-02-14 15:40:00,"6508",72.3,179
"2886","2025","Feb","Block 5",2025-02-12 17:04:00,"6375",146.3,223
"2887","2025","Feb","Block 5",2025-02-13 16:04:00,"6375",146.3,223
"2888","2025","Feb","Block 5",2025-02-14 15:40:00,"6375",146.3,223
"2889","2025","Feb","Block 5",2025-02-12 17:04:00,"64AB",88.6,192
"2890","2025","Feb","Block 5",2025-02-13 16:04:00,"64AB",88.6,192
"2891","2025","Feb","Block 5",2025-02-14 15:40:00,"64AB",88.6,192
"2892","2025","Feb","Block 5",2025-02-12 17:04:00,"62C9",77.8,188
"2893","2025","Feb","Block 5",2025-02-13 16:04:00,"62C9",77.8,188
"2894","2025","Feb","Block 5",2025-02-14 15:40:00,"62C9",77.8,188
"2895","2025","Feb","Block 5",2025-02-12 17:04:00,"6691",112.1,204
"2896","2025","Feb","Block 5",2025-02-13 16:04:00,"6691",112.1,204
"2897","2025","Feb","Block 5",2025-02-14 15:40:00,"6691",112.1,204
"2898","2025","Feb","Block 5",2025-02-12 17:04:00,"65EB",86.6,191
"2899","2025","Feb","Block 5",2025-02-13 16:04:00,"65EB",86.6,191
"2900","2025","Feb","Block 5",2025-02-14 15:40:00,"65EB",86.6,191
"2901","2025","Feb","Block 5",2025-02-12 17:04:00,"64D8",45.9,155
"2902","2025","Feb","Block 5",2025-02-13 16:04:00,"64D8",45.9,155
"2903","2025","Feb","Block 5",2025-02-14 15:40:00,"64D8",45.9,155
"2904","2025","Feb","Block 5",2025-02-12 17:04:00,"62CB",67.9,178
"2905","2025","Feb","Block 5",2025-02-13 16:04:00,"62CB",67.9,178
"2906","2025","Feb","Block 5",2025-02-14 15:40:00,"62CB",67.9,178
"2907","2025","Feb","Block 5",2025-02-12 17:04:00,"6515",74.5,180
"2908","2025","Feb","Block 5",2025-02-13 16:04:00,"6515",74.5,180
"2909","2025","Feb","Block 5",2025-02-14 15:40:00,"6515",74.5,180
"2910","2025","Feb","Block 5",2025-02-12 17:04:00,"64AF",79.8,184
"2911","2025","Feb","Block 5",2025-02-13 16:04:00,"64AF",79.8,184
"2912","2025","Feb","Block 5",2025-02-14 15:40:00,"64AF",79.8,184
"2913","2025","Feb","Block 5",2025-02-12 17:04:00,"6555",44.3,153
"2914","2025","Feb","Block 5",2025-02-13 16:04:00,"6555",44.3,153
"2915","2025","Feb","Block 5",2025-02-14 15:40:00,"6555",44.3,153
"2916","2025","Feb","Block 5",2025-02-12 17:04:00,"646D",68.8,176
"2917","2025","Feb","Block 5",2025-02-13 16:04:00,"646D",68.8,176
"2918","2025","Feb","Block 5",2025-02-14 15:40:00,"646D",68.8,176
"2919","2025","Feb","Block 5",2025-02-12 17:04:00,"62ED",40.2,161
"2920","2025","Feb","Block 5",2025-02-13 16:04:00,"62ED",40.2,161
"2921","2025","Feb","Block 5",2025-02-14 15:40:00,"62ED",40.2,161
"2922","2025","Feb","Block 5",2025-02-12 17:04:00,"62AF",35.9,152
"2923","2025","Feb","Block 5",2025-02-13 16:04:00,"62AF",35.9,152
"2924","2025","Feb","Block 5",2025-02-14 15:40:00,"62AF",35.9,152
"2925","2025","Feb","Block 5",2025-02-12 17:04:00,"64D4",18.8,131
"2926","2025","Feb","Block 5",2025-02-13 16:04:00,"64D4",18.8,131
"2927","2025","Feb","Block 5",2025-02-14 15:40:00,"64D4",18.8,131
"2928","2025","Feb","Block 5",2025-02-12 17:04:00,"665B",71.9,181
"2929","2025","Feb","Block 5",2025-02-13 16:04:00,"665B",71.9,181
"2930","2025","Feb","Block 5",2025-02-14 15:40:00,"665B",71.9,181
"2931","2025","Feb","Block 5",2025-02-12 17:04:00,"632A",62.6,171
"2932","2025","Feb","Block 5",2025-02-13 16:04:00,"632A",62.6,171
"2933","2025","Feb","Block 5",2025-02-14 15:40:00,"632A",62.6,171
"2934","2025","Feb","Block 5",2025-02-12 17:04:00,"6469",111.2,202
"2935","2025","Feb","Block 5",2025-02-13 16:04:00,"6469",111.2,202
"2936","2025","Feb","Block 5",2025-02-14 15:40:00,"6469",111.2,202
"2937","2025","Feb","Block 5",2025-02-12 17:04:00,"68D5",36.8,150
"2938","2025","Feb","Block 5",2025-02-13 16:04:00,"68D5",36.8,150
"2939","2025","Feb","Block 5",2025-02-14 15:40:00,"68D5",36.8,150
"2940","2025","Feb","Block 5",2025-02-12 17:04:00,"65ED",85.3,192
"2941","2025","Feb","Block 5",2025-02-13 16:04:00,"65ED",85.3,192
"2942","2025","Feb","Block 5",2025-02-14 15:40:00,"65ED",85.3,192
"2943","2025","Feb","Block 5",2025-02-12 17:04:00,"6489",53.1,166
"2944","2025","Feb","Block 5",2025-02-13 16:04:00,"6489",53.1,166
"2945","2025","Feb","Block 5",2025-02-14 15:40:00,"6489",53.1,166
"2946","2025","Feb","Block 5",2025-02-12 17:04:00,"6325",50.7,162
"2947","2025","Feb","Block 5",2025-02-13 16:04:00,"6325",50.7,162
"2948","2025","Feb","Block 5",2025-02-14 15:40:00,"6325",50.7,162
"2949","2025","Feb","Block 5",2025-02-12 17:04:00,"6353",89.5,190
"2950","2025","Feb","Block 5",2025-02-13 16:04:00,"6353",89.5,190
"2951","2025","Feb","Block 5",2025-02-14 15:40:00,"6353",89.5,190
"2952","2025","Feb","Block 5",2025-02-12 17:04:00,"65AB",35.1,156
"2953","2025","Feb","Block 5",2025-02-13 16:04:00,"65AB",35.1,156
"2954","2025","Feb","Block 5",2025-02-14 15:40:00,"65AB",35.1,156
"2955","2025","Feb","Block 5",2025-02-12 17:04:00,"62BB",65.7,176
"2956","2025","Feb","Block 5",2025-02-13 16:04:00,"62BB",65.7,176
"2957","2025","Feb","Block 5",2025-02-14 15:40:00,"62BB",65.7,176
"2958","2025","Feb","Block 5",2025-02-12 17:04:00,"64AE",25.5,145
"2959","2025","Feb","Block 5",2025-02-13 16:04:00,"64AE",25.5,145
"2960","2025","Feb","Block 5",2025-02-14 15:40:00,"64AE",25.5,145
"2961","2025","Feb","Block 5",2025-02-12 17:04:00,"642B",42.2,162
"2962","2025","Feb","Block 5",2025-02-13 16:04:00,"642B",42.2,162
"2963","2025","Feb","Block 5",2025-02-14 15:40:00,"642B",42.2,162
"2964","2025","Feb","Block 5",2025-02-12 17:04:00,"68B9",65.9,176
"2965","2025","Feb","Block 5",2025-02-13 16:04:00,"68B9",65.9,176
"2966","2025","Feb","Block 5",2025-02-14 15:40:00,"68B9",65.9,176
"2967","2025","Feb","Block 5",2025-02-12 17:04:00,"66EA",61.9,171
"2968","2025","Feb","Block 5",2025-02-13 16:04:00,"66EA",61.9,171
"2969","2025","Feb","Block 5",2025-02-14 15:40:00,"66EA",61.9,171
"2970","2025","Feb","Block 5",2025-02-12 17:04:00,"657A",62.3,171
"2971","2025","Feb","Block 5",2025-02-13 16:04:00,"657A",62.3,171
"2972","2025","Feb","Block 5",2025-02-14 15:40:00,"657A",62.3,171
"2973","2025","Feb","Block 5",2025-02-12 17:04:00,"64CD",41.5,155
"2974","2025","Feb","Block 5",2025-02-13 16:04:00,"64CD",41.5,155
"2975","2025","Feb","Block 5",2025-02-14 15:40:00,"64CD",41.5,155
"2976","2025","Feb","Block 5",2025-02-12 17:04:00,"6893",51.6,161
"2977","2025","Feb","Block 5",2025-02-13 16:04:00,"6893",51.6,161
"2978","2025","Feb","Block 5",2025-02-14 15:40:00,"6893",51.6,161
"2979","2025","Feb","Block 5",2025-02-12 17:04:00,"68A6",45.2,163
"2980","2025","Feb","Block 5",2025-02-13 16:04:00,"68A6",45.2,163
"2981","2025","Feb","Block 5",2025-02-14 15:40:00,"68A6",45.2,163
"2982","2025","Feb","Block 5",2025-02-12 17:04:00,"6589",80.7,189
"2983","2025","Feb","Block 5",2025-02-13 16:04:00,"6589",80.7,189
"2984","2025","Feb","Block 5",2025-02-14 15:40:00,"6589",80.7,189
"2985","2025","Feb","Block 5",2025-02-12 17:04:00,"634A",83.5,178
"2986","2025","Feb","Block 5",2025-02-13 16:04:00,"634A",83.5,178
"2987","2025","Feb","Block 5",2025-02-14 15:40:00,"634A",83.5,178
"2988","2025","Feb","Block 5",2025-02-12 17:04:00,"62AE",31.3,149
"2989","2025","Feb","Block 5",2025-02-13 16:04:00,"62AE",31.3,149
"2990","2025","Feb","Block 5",2025-02-14 15:40:00,"62AE",31.3,149
"2991","2025","Feb","Block 5",2025-02-12 17:04:00,"62C5",79.5,187
"2992","2025","Feb","Block 5",2025-02-13 16:04:00,"62C5",79.5,187
"2993","2025","Feb","Block 5",2025-02-14 15:40:00,"62C5",79.5,187
"2994","2025","Feb","Block 5",2025-02-12 17:04:00,"66D3",40.7,158
"2995","2025","Feb","Block 5",2025-02-13 16:04:00,"66D3",40.7,158
"2996","2025","Feb","Block 5",2025-02-14 15:40:00,"66D3",40.7,158
"2997","2025","Feb","Block 5",2025-02-12 17:04:00,"66E9",56.3,167
"2998","2025","Feb","Block 5",2025-02-13 16:04:00,"66E9",56.3,167
"2999","2025","Feb","Block 5",2025-02-14 15:40:00,"66E9",56.3,167
"3000","2025","Feb","Block 5",2025-02-12 17:04:00,"6953",67.1,178
"3001","2025","Feb","Block 5",2025-02-13 16:04:00,"6953",67.1,178
"3002","2025","Feb","Block 5",2025-02-14 15:40:00,"6953",67.1,178
"3003","2025","Feb","Block 5",2025-02-12 17:04:00,"646B",66.1,176
"3004","2025","Feb","Block 5",2025-02-13 16:04:00,"646B",66.1,176
"3005","2025","Feb","Block 5",2025-02-14 15:40:00,"646B",66.1,176
"3006","2025","Feb","Block 5",2025-02-12 17:04:00,"6351",60.8,169
"3007","2025","Feb","Block 5",2025-02-13 16:04:00,"6351",60.8,169
"3008","2025","Feb","Block 5",2025-02-14 15:40:00,"6351",60.8,169
"3009","2025","Feb","Block 5",2025-02-12 17:04:00,"64ED",24.3,138
"3010","2025","Feb","Block 5",2025-02-13 16:04:00,"64ED",24.3,138
"3011","2025","Feb","Block 5",2025-02-14 15:40:00,"64ED",24.3,138
"3012","2025","Feb","Block 5",2025-02-12 17:04:00,"6532",38,156
"3013","2025","Feb","Block 5",2025-02-13 16:04:00,"6532",38,156
"3014","2025","Feb","Block 5",2025-02-14 15:40:00,"6532",38,156
"3015","2025","Feb","Block 5",2025-02-12 17:04:00,"62CD",135.1,224
"3016","2025","Feb","Block 5",2025-02-13 16:04:00,"62CD",135.1,224
"3017","2025","Feb","Block 5",2025-02-14 15:40:00,"62CD",135.1,224
"3018","2025","Feb","Block 5",2025-02-12 17:04:00,"6517",46,158
"3019","2025","Feb","Block 5",2025-02-13 16:04:00,"6517",46,158
"3020","2025","Feb","Block 5",2025-02-14 15:40:00,"6517",46,158
"3021","2025","Feb","Block 5",2025-02-12 17:04:00,"652D",87.4,191
"3022","2025","Feb","Block 5",2025-02-13 16:04:00,"652D",87.4,191
"3023","2025","Feb","Block 5",2025-02-14 15:40:00,"652D",87.4,191
"3024","2025","Feb","Block 5",2025-02-12 17:04:00,"64B9",83.6,190
"3025","2025","Feb","Block 5",2025-02-13 16:04:00,"64B9",83.6,190
"3026","2025","Feb","Block 5",2025-02-14 15:40:00,"64B9",83.6,190
"3027","2025","Feb","Block 5",2025-02-12 17:04:00,"657D",64.3,176
"3028","2025","Feb","Block 5",2025-02-13 16:04:00,"657D",64.3,176
"3029","2025","Feb","Block 5",2025-02-14 15:40:00,"657D",64.3,176
"3030","2025","Feb","Block 5",2025-02-12 17:04:00,"62AB",70.8,183
"3031","2025","Feb","Block 5",2025-02-13 16:04:00,"62AB",70.8,183
"3032","2025","Feb","Block 5",2025-02-14 15:40:00,"62AB",70.8,183
"3033","2025","Feb","Block 5",2025-02-12 17:04:00,"65AF",36.5,159
"3034","2025","Feb","Block 5",2025-02-13 16:04:00,"65AF",36.5,159
"3035","2025","Feb","Block 5",2025-02-14 15:40:00,"65AF",36.5,159
"3036","2025","Feb","Block 5",2025-02-12 17:04:00,"6315",57.3,172
"3037","2025","Feb","Block 5",2025-02-13 16:04:00,"6315",57.3,172
"3038","2025","Feb","Block 5",2025-02-14 15:40:00,"6315",57.3,172
"3039","2025","Feb","Block 5",2025-02-12 17:04:00,"64AD",65.9,178
"3040","2025","Feb","Block 5",2025-02-13 16:04:00,"64AD",65.9,178
"3041","2025","Feb","Block 5",2025-02-14 15:40:00,"64AD",65.9,178
"3042","2025","Feb","Block 5",2025-02-12 17:04:00,"65B3",64.9,171
"3043","2025","Feb","Block 5",2025-02-13 16:04:00,"65B3",64.9,171
"3044","2025","Feb","Block 5",2025-02-14 15:40:00,"65B3",64.9,171
"3045","2025","Feb","Block 5",2025-02-12 17:04:00,"649A",43.2,157
"3046","2025","Feb","Block 5",2025-02-13 16:04:00,"649A",43.2,157
"3047","2025","Feb","Block 5",2025-02-14 15:40:00,"649A",43.2,157
"3048","2025","Feb","Block 5",2025-02-12 17:04:00,"650B",74.9,183
"3049","2025","Feb","Block 5",2025-02-13 16:04:00,"650B",74.9,183
"3050","2025","Feb","Block 5",2025-02-14 15:40:00,"650B",74.9,183
"3051","2025","Feb","Block 5",2025-02-12 17:04:00,"653A",66.7,175
"3052","2025","Feb","Block 5",2025-02-13 16:04:00,"653A",66.7,175
"3053","2025","Feb","Block 5",2025-02-14 15:40:00,"653A",66.7,175
"3054","2025","Feb","Block 5",2025-02-12 17:04:00,"64D6",54.1,167
"3055","2025","Feb","Block 5",2025-02-13 16:04:00,"64D6",54.1,167
"3056","2025","Feb","Block 5",2025-02-14 15:40:00,"64D6",54.1,167
"3057","2025","Feb","Block 5",2025-02-12 17:04:00,"6546",57.1,169
"3058","2025","Feb","Block 5",2025-02-13 16:04:00,"6546",57.1,169
"3059","2025","Feb","Block 5",2025-02-14 15:40:00,"6546",57.1,169
"3060","2025","Feb","Block 5",2025-02-12 17:04:00,"68EA",37.6,164
"3061","2025","Feb","Block 5",2025-02-13 16:04:00,"68EA",37.6,164
"3062","2025","Feb","Block 5",2025-02-14 15:40:00,"68EA",37.6,164
"3063","2025","Feb","Block 5",2025-02-12 17:04:00,"6535",57.8,177
"3064","2025","Feb","Block 5",2025-02-13 16:04:00,"6535",57.8,177
"3065","2025","Feb","Block 5",2025-02-14 15:40:00,"6535",57.8,177
"3066","2025","Feb","Block 5",2025-02-12 17:04:00,"66EB",59.6,182
"3067","2025","Feb","Block 5",2025-02-13 16:04:00,"66EB",59.6,182
"3068","2025","Feb","Block 5",2025-02-14 15:40:00,"66EB",59.6,182
"3069","2025","Feb","Block 5",2025-02-12 17:04:00,"66B4",57.8,173
"3070","2025","Feb","Block 5",2025-02-13 16:04:00,"66B4",57.8,173
"3071","2025","Feb","Block 5",2025-02-14 15:40:00,"66B4",57.8,173
"3072","2025","Feb","Block 5",2025-02-12 17:04:00,"6585",81.3,189
"3073","2025","Feb","Block 5",2025-02-13 16:04:00,"6585",81.3,189
"3074","2025","Feb","Block 5",2025-02-14 15:40:00,"6585",81.3,189
"3075","2025","Feb","Block 5",2025-02-12 17:04:00,"6653",80.3,187
"3076","2025","Feb","Block 5",2025-02-13 16:04:00,"6653",80.3,187
"3077","2025","Feb","Block 5",2025-02-14 15:40:00,"6653",80.3,187
"3078","2025","Feb","Block 5",2025-02-12 17:04:00,"62F5",73.9,181
"3079","2025","Feb","Block 5",2025-02-13 16:04:00,"62F5",73.9,181
"3080","2025","Feb","Block 5",2025-02-14 15:40:00,"62F5",73.9,181
"3081","2025","Feb","Block 5",2025-02-12 17:04:00,"6459",70.3,179
"3082","2025","Feb","Block 5",2025-02-13 16:04:00,"6459",70.3,179
"3083","2025","Feb","Block 5",2025-02-14 15:40:00,"6459",70.3,179
"3084","2025","Feb","Block 5",2025-02-12 17:04:00,"650D",102.3,197
"3085","2025","Feb","Block 5",2025-02-13 16:04:00,"650D",102.3,197
"3086","2025","Feb","Block 5",2025-02-14 15:40:00,"650D",102.3,197
"3087","2025","Feb","Block 5",2025-02-12 17:04:00,"6457",69.3,178
"3088","2025","Feb","Block 5",2025-02-13 16:04:00,"6457",69.3,178
"3089","2025","Feb","Block 5",2025-02-14 15:40:00,"6457",69.3,178
"3090","2025","Feb","Block 5",2025-02-12 17:04:00,"666B",53,171
"3091","2025","Feb","Block 5",2025-02-13 16:04:00,"666B",53,171
"3092","2025","Feb","Block 5",2025-02-14 15:40:00,"666B",53,171
"3093","2025","Feb","Block 5",2025-02-12 17:04:00,"6491",57.9,182
"3094","2025","Feb","Block 5",2025-02-13 16:04:00,"6491",57.9,182
"3095","2025","Feb","Block 5",2025-02-14 15:40:00,"6491",57.9,182
"3096","2025","Feb","Block 5",2025-02-12 17:04:00,"6945",85.4,190
"3097","2025","Feb","Block 5",2025-02-13 16:04:00,"6945",85.4,190
"3098","2025","Feb","Block 5",2025-02-14 15:40:00,"6945",85.4,190
"3099","2025","Feb","Block 5",2025-02-12 17:04:00,"62B1",48.5,167
"3100","2025","Feb","Block 5",2025-02-13 16:04:00,"62B1",48.5,167
"3101","2025","Feb","Block 5",2025-02-14 15:40:00,"62B1",48.5,167
"3102","2025","Feb","Block 5",2025-02-12 17:04:00,"6559",74.2,184
"3103","2025","Feb","Block 5",2025-02-13 16:04:00,"6559",74.2,184
"3104","2025","Feb","Block 5",2025-02-14 15:40:00,"6559",74.2,184
"3105","2025","Feb","Block 5",2025-02-12 17:04:00,"636A",49.1,172
"3106","2025","Feb","Block 5",2025-02-13 16:04:00,"636A",49.1,172
"3107","2025","Feb","Block 5",2025-02-14 15:40:00,"636A",49.1,172
"3108","2025","Feb","Block 5",2025-02-12 17:04:00,"642A",56.3,170
"3109","2025","Feb","Block 5",2025-02-13 16:04:00,"642A",56.3,170
"3110","2025","Feb","Block 5",2025-02-14 15:40:00,"642A",56.3,170
"3111","2025","Feb","Block 5",2025-02-12 17:04:00,"63A2",93.5,199
"3112","2025","Feb","Block 5",2025-02-13 16:04:00,"63A2",93.5,199
"3113","2025","Feb","Block 5",2025-02-14 15:40:00,"63A2",93.5,199
"3114","2025","Feb","Block 5",2025-02-12 17:04:00,"635D",22.9,128
"3115","2025","Feb","Block 5",2025-02-13 16:04:00,"635D",22.9,128
"3116","2025","Feb","Block 5",2025-02-14 15:40:00,"635D",22.9,128
"3117","2025","Feb","Block 5",2025-02-12 17:04:00,"6558",74.6,186
"3118","2025","Feb","Block 5",2025-02-13 16:04:00,"6558",74.6,186
"3119","2025","Feb","Block 5",2025-02-14 15:40:00,"6558",74.6,186
"3120","2025","Feb","Block 5",2025-02-12 17:04:00,"64EB",46.4,178
"3121","2025","Feb","Block 5",2025-02-13 16:04:00,"64EB",46.4,178
"3122","2025","Feb","Block 5",2025-02-14 15:40:00,"64EB",46.4,178
"3123","2025","Feb","Block 5",2025-02-12 17:04:00,"66AF",32.2,152
"3124","2025","Feb","Block 5",2025-02-13 16:04:00,"66AF",32.2,152
"3125","2025","Feb","Block 5",2025-02-14 15:40:00,"66AF",32.2,152
"3126","2025","Feb","Block 5",2025-02-12 17:04:00,"6505",92.8,198
"3127","2025","Feb","Block 5",2025-02-13 16:04:00,"6505",92.8,198
"3128","2025","Feb","Block 5",2025-02-14 15:40:00,"6505",92.8,198
"3129","2025","Feb","Block 5",2025-02-12 17:04:00,"66AD",51.9,163
"3130","2025","Feb","Block 5",2025-02-13 16:04:00,"66AD",51.9,163
"3131","2025","Feb","Block 5",2025-02-14 15:40:00,"66AD",51.9,163
"3132","2025","Feb","Block 5",2025-02-12 17:04:00,"62D9",22.3,138
"3133","2025","Feb","Block 5",2025-02-13 16:04:00,"62D9",22.3,138
"3134","2025","Feb","Block 5",2025-02-14 15:40:00,"62D9",22.3,138
"3135","2025","Feb","Block 5",2025-02-12 17:04:00,"66D1",25.5,143
"3136","2025","Feb","Block 5",2025-02-13 16:04:00,"66D1",25.5,143
"3137","2025","Feb","Block 5",2025-02-14 15:40:00,"66D1",25.5,143
"3138","2025","Feb","Block 5",2025-02-12 17:04:00,"6455",89.8,193
"3139","2025","Feb","Block 5",2025-02-13 16:04:00,"6455",89.8,193
"3140","2025","Feb","Block 5",2025-02-14 15:40:00,"6455",89.8,193
"3141","2025","Feb","Block 5",2025-02-12 17:04:00,"62B7",60.7,167
"3142","2025","Feb","Block 5",2025-02-13 16:04:00,"62B7",60.7,167
"3143","2025","Feb","Block 5",2025-02-14 15:40:00,"62B7",60.7,167
"3144","2025","Feb","Block 5",2025-02-12 17:04:00,"64EA",91.8,195
"3145","2025","Feb","Block 5",2025-02-13 16:04:00,"64EA",91.8,195
"3146","2025","Feb","Block 5",2025-02-14 15:40:00,"64EA",91.8,195
"3147","2025","Feb","Block 5",2025-02-12 17:04:00,"66DB",92.1,197
"3148","2025","Feb","Block 5",2025-02-13 16:04:00,"66DB",92.1,197
"3149","2025","Feb","Block 5",2025-02-14 15:40:00,"66DB",92.1,197
"3150","2025","Feb","Block 5",2025-02-12 17:04:00,"635A",55.1,162
"3151","2025","Feb","Block 5",2025-02-13 16:04:00,"635A",55.1,162
"3152","2025","Feb","Block 5",2025-02-14 15:40:00,"635A",55.1,162
"3153","2025","Feb","Block 5",2025-02-12 17:04:00,"76AA",29.9,133
"3154","2025","Feb","Block 5",2025-02-13 16:04:00,"76AA",29.9,133
"3155","2025","Feb","Block 5",2025-02-14 15:40:00,"76AA",29.9,133
"3156","2025","Feb","Block 5",2025-02-12 17:04:00,"79AC",74.5,185
"3157","2025","Feb","Block 5",2025-02-13 16:04:00,"79AC",74.5,185
"3158","2025","Feb","Block 5",2025-02-14 15:40:00,"79AC",74.5,185
"3159","2025","Feb","Block 5",2025-02-12 17:04:00,"6A90",46.1,157
"3160","2025","Feb","Block 5",2025-02-13 16:04:00,"6A90",46.1,157
"3161","2025","Feb","Block 5",2025-02-14 15:40:00,"6A90",46.1,157
"3162","2025","Feb","Block 5",2025-02-12 17:04:00,"6753",51.4,165
"3163","2025","Feb","Block 5",2025-02-13 16:04:00,"6753",51.4,165
"3164","2025","Feb","Block 5",2025-02-14 15:40:00,"6753",51.4,165
"3165","2025","Feb","Block 5",2025-02-12 17:04:00,"6AE6",75.9,184
"3166","2025","Feb","Block 5",2025-02-13 16:04:00,"6AE6",75.9,184
"3167","2025","Feb","Block 5",2025-02-14 15:40:00,"6AE6",75.9,184
"3168","2025","Feb","Block 5",2025-02-12 17:04:00,"6BA9",23.2,139
"3169","2025","Feb","Block 5",2025-02-13 16:04:00,"6BA9",23.2,139
"3170","2025","Feb","Block 5",2025-02-14 15:40:00,"6BA9",23.2,139
"3171","2025","Feb","Block 5",2025-02-12 17:04:00,"6A54",26.8,148
"3172","2025","Feb","Block 5",2025-02-13 16:04:00,"6A54",26.8,148
"3173","2025","Feb","Block 5",2025-02-14 15:40:00,"6A54",26.8,148
"3174","2025","Feb","Block 5",2025-02-12 17:04:00,"6B25",56.6,170
"3175","2025","Feb","Block 5",2025-02-13 16:04:00,"6B25",56.6,170
"3176","2025","Feb","Block 5",2025-02-14 15:40:00,"6B25",56.6,170
"3177","2025","Feb","Block 5",2025-02-12 17:04:00,"8ADA",69.5,180
"3178","2025","Feb","Block 5",2025-02-13 16:04:00,"8ADA",69.5,180
"3179","2025","Feb","Block 5",2025-02-14 15:40:00,"8ADA",69.5,180
"3180","2025","Feb","Block 5",2025-02-12 17:04:00,"6DB3",37.7,160
"3181","2025","Feb","Block 5",2025-02-13 16:04:00,"6DB3",37.7,160
"3182","2025","Feb","Block 5",2025-02-14 15:40:00,"6DB3",37.7,160
"3183","2025","Feb","Block 5",2025-02-12 17:04:00,"6D61",108,202
"3184","2025","Feb","Block 5",2025-02-13 16:04:00,"6D61",108,202
"3185","2025","Feb","Block 5",2025-02-14 15:40:00,"6D61",108,202
"3186","2025","Feb","Block 5",2025-02-12 17:04:00,"6B3A",55.1,180
"3187","2025","Feb","Block 5",2025-02-13 16:04:00,"6B3A",55.1,180
"3188","2025","Feb","Block 5",2025-02-14 15:40:00,"6B3A",55.1,180
"3189","2025","Feb","Block 5",2025-02-12 17:04:00,"6BB5",48.2,164
"3190","2025","Feb","Block 5",2025-02-13 16:04:00,"6BB5",48.2,164
"3191","2025","Feb","Block 5",2025-02-14 15:40:00,"6BB5",48.2,164
"3192","2025","Feb","Block 5",2025-02-12 17:04:00,"8BAB",43.8,161
"3193","2025","Feb","Block 5",2025-02-13 16:04:00,"8BAB",43.8,161
"3194","2025","Feb","Block 5",2025-02-14 15:40:00,"8BAB",43.8,161
"3195","2025","Feb","Block 5",2025-02-12 17:04:00,"6A93",57,166
"3196","2025","Feb","Block 5",2025-02-13 16:04:00,"6A93",57,166
"3197","2025","Feb","Block 5",2025-02-14 15:40:00,"6A93",57,166
"3198","2025","Feb","Block 5",2025-02-12 17:04:00,"8BA9",31.6,149
"3199","2025","Feb","Block 5",2025-02-13 16:04:00,"8BA9",31.6,149
"3200","2025","Feb","Block 5",2025-02-14 15:40:00,"8BA9",31.6,149
"3201","2025","Feb","Block 5",2025-02-12 17:04:00,"84B2",66.2,177
"3202","2025","Feb","Block 5",2025-02-13 16:04:00,"84B2",66.2,177
"3203","2025","Feb","Block 5",2025-02-14 15:40:00,"84B2",66.2,177
"3204","2025","Feb","Block 5",2025-02-12 17:04:00,"6B47",23.1,137
"3205","2025","Feb","Block 5",2025-02-13 16:04:00,"6B47",23.1,137
"3206","2025","Feb","Block 5",2025-02-14 15:40:00,"6B47",23.1,137
"3207","2025","Feb","Block 5",2025-02-12 17:04:00,"7529",106.8,205
"3208","2025","Feb","Block 5",2025-02-13 16:04:00,"7529",106.8,205
"3209","2025","Feb","Block 5",2025-02-14 15:40:00,"7529",106.8,205
"3210","2025","Feb","Block 5",2025-02-12 17:04:00,"6B55",56.8,165
"3211","2025","Feb","Block 5",2025-02-13 16:04:00,"6B55",56.8,165
"3212","2025","Feb","Block 5",2025-02-14 15:40:00,"6B55",56.8,165
"3213","2025","Feb","Block 5",2025-02-12 17:04:00,"7AAD",21.6,131
"3214","2025","Feb","Block 5",2025-02-13 16:04:00,"7AAD",21.6,131
"3215","2025","Feb","Block 5",2025-02-14 15:40:00,"7AAD",21.6,131
"3216","2025","Feb","Block 5",2025-02-12 17:04:00,"7557",40.2,163
"3217","2025","Feb","Block 5",2025-02-13 16:04:00,"7557",40.2,163
"3218","2025","Feb","Block 5",2025-02-14 15:40:00,"7557",40.2,163
"3219","2025","Feb","Block 5",2025-02-12 17:04:00,"6CAE",48.8,168
"3220","2025","Feb","Block 5",2025-02-13 16:04:00,"6CAE",48.8,168
"3221","2025","Feb","Block 5",2025-02-14 15:40:00,"6CAE",48.8,168
"3222","2025","Feb","Block 5",2025-02-12 17:04:00,"7525",56.6,175
"3223","2025","Feb","Block 5",2025-02-13 16:04:00,"7525",56.6,175
"3224","2025","Feb","Block 5",2025-02-14 15:40:00,"7525",56.6,175
"3225","2025","Feb","Block 5",2025-02-12 17:04:00,"6BA2",93.2,195
"3226","2025","Feb","Block 5",2025-02-13 16:04:00,"6BA2",93.2,195
"3227","2025","Feb","Block 5",2025-02-14 15:40:00,"6BA2",93.2,195
"3228","2025","Feb","Block 5",2025-02-12 17:04:00,"6AEE",35.9,146
"3229","2025","Feb","Block 5",2025-02-13 16:04:00,"6AEE",35.9,146
"3230","2025","Feb","Block 5",2025-02-14 15:40:00,"6AEE",35.9,146
"3231","2025","Feb","Block 5",2025-02-12 17:04:00,"6D0C",45.7,160
"3232","2025","Feb","Block 5",2025-02-13 16:04:00,"6D0C",45.7,160
"3233","2025","Feb","Block 5",2025-02-14 15:40:00,"6D0C",45.7,160
"3234","2025","Feb","Block 5",2025-02-12 17:04:00,"7AAB",66.5,177
"3235","2025","Feb","Block 5",2025-02-13 16:04:00,"7AAB",66.5,177
"3236","2025","Feb","Block 5",2025-02-14 15:40:00,"7AAB",66.5,177
"3237","2025","Feb","Block 5",2025-02-12 17:04:00,"84AA",103.7,206
"3238","2025","Feb","Block 5",2025-02-13 16:04:00,"84AA",103.7,206
"3239","2025","Feb","Block 5",2025-02-14 15:40:00,"84AA",103.7,206
"3240","2025","Feb","Block 5",2025-02-12 17:04:00,"7915",38.7,161
"3241","2025","Feb","Block 5",2025-02-13 16:04:00,"7915",38.7,161
"3242","2025","Feb","Block 5",2025-02-14 15:40:00,"7915",38.7,161
"3243","2025","Feb","Block 5",2025-02-12 17:04:00,"6D85",57.8,170
"3244","2025","Feb","Block 5",2025-02-13 16:04:00,"6D85",57.8,170
"3245","2025","Feb","Block 5",2025-02-14 15:40:00,"6D85",57.8,170
"3246","2025","Feb","Block 5",2025-02-12 17:04:00,"6D21",61,172
"3247","2025","Feb","Block 5",2025-02-13 16:04:00,"6D21",61,172
"3248","2025","Feb","Block 5",2025-02-14 15:40:00,"6D21",61,172
"3249","2025","Feb","Block 5",2025-02-12 17:04:00,"6CA7",55.9,170
"3250","2025","Feb","Block 5",2025-02-13 16:04:00,"6CA7",55.9,170
"3251","2025","Feb","Block 5",2025-02-14 15:40:00,"6CA7",55.9,170
"3252","2025","Feb","Block 5",2025-02-12 17:04:00,"6A57",44.1,160
"3253","2025","Feb","Block 5",2025-02-13 16:04:00,"6A57",44.1,160
"3254","2025","Feb","Block 5",2025-02-14 15:40:00,"6A57",44.1,160
"3255","2025","Feb","Block 5",2025-02-12 17:04:00,"7515",61.9,178
"3256","2025","Feb","Block 5",2025-02-13 16:04:00,"7515",61.9,178
"3257","2025","Feb","Block 5",2025-02-14 15:40:00,"7515",61.9,178
"3258","2025","Feb","Block 5",2025-02-12 17:04:00,"8554",87.8,192
"3259","2025","Feb","Block 5",2025-02-13 16:04:00,"8554",87.8,192
"3260","2025","Feb","Block 5",2025-02-14 15:40:00,"8554",87.8,192
"3261","2025","Feb","Block 5",2025-02-12 17:04:00,"6BB4",31.8,147
"3262","2025","Feb","Block 5",2025-02-13 16:04:00,"6BB4",31.8,147
"3263","2025","Feb","Block 5",2025-02-14 15:40:00,"6BB4",31.8,147
"3264","2025","Feb","Block 5",2025-02-12 17:04:00,"6957",57.5,171
"3265","2025","Feb","Block 5",2025-02-13 16:04:00,"6957",57.5,171
"3266","2025","Feb","Block 5",2025-02-14 15:40:00,"6957",57.5,171
"3267","2025","Feb","Block 5",2025-02-12 17:04:00,"8CCA",31.2,154
"3268","2025","Feb","Block 5",2025-02-13 16:04:00,"8CCA",31.2,154
"3269","2025","Feb","Block 5",2025-02-14 15:40:00,"8CCA",31.2,154
"3270","2025","Feb","Block 5",2025-02-12 17:04:00,"72AB",15,120
"3271","2025","Feb","Block 5",2025-02-13 16:04:00,"72AB",15,120
"3272","2025","Feb","Block 5",2025-02-14 15:40:00,"72AB",15,120
"3273","2025","Feb","Block 5",2025-02-12 17:04:00,"6496",54,169
"3274","2025","Feb","Block 5",2025-02-13 16:04:00,"6496",54,169
"3275","2025","Feb","Block 5",2025-02-14 15:40:00,"6496",54,169
"3276","2025","Feb","Block 5",2025-02-12 17:04:00,"62BA",50.7,161
"3277","2025","Feb","Block 5",2025-02-13 16:04:00,"62BA",50.7,161
"3278","2025","Feb","Block 5",2025-02-14 15:40:00,"62BA",50.7,161
"3279","2025","Feb","Block 5",2025-02-12 17:04:00,"8D1A",33.5,151
"3280","2025","Feb","Block 5",2025-02-13 16:04:00,"8D1A",33.5,151
"3281","2025","Feb","Block 5",2025-02-14 15:40:00,"8D1A",33.5,151
"3282","2025","Feb","Block 5",2025-02-12 17:04:00,"6B62",109.5,209
"3283","2025","Feb","Block 5",2025-02-13 16:04:00,"6B62",109.5,209
"3284","2025","Feb","Block 5",2025-02-14 15:40:00,"6B62",109.5,209
"3285","2025","Feb","Block 5",2025-02-12 17:04:00,"72DB",28.8,151
"3286","2025","Feb","Block 5",2025-02-13 16:04:00,"72DB",28.8,151
"3287","2025","Feb","Block 5",2025-02-14 15:40:00,"72DB",28.8,151
"3288","2025","Feb","Block 5",2025-02-12 17:04:00,"6856",31.5,155
"3289","2025","Feb","Block 5",2025-02-13 16:04:00,"6856",31.5,155
"3290","2025","Feb","Block 5",2025-02-14 15:40:00,"6856",31.5,155
"3291","2025","Feb","Block 5",2025-02-12 17:04:00,"6D27",51.9,174
"3292","2025","Feb","Block 5",2025-02-13 16:04:00,"6D27",51.9,174
"3293","2025","Feb","Block 5",2025-02-14 15:40:00,"6D27",51.9,174
"3294","2025","Feb","Block 5",2025-02-12 17:04:00,"84B6",12,115
"3295","2025","Feb","Block 5",2025-02-13 16:04:00,"84B6",12,115
"3296","2025","Feb","Block 5",2025-02-14 15:40:00,"84B6",12,115
"3297","2025","Feb","Block 5",2025-02-12 17:04:00,"6D1A",63.1,178
"3298","2025","Feb","Block 5",2025-02-13 16:04:00,"6D1A",63.1,178
"3299","2025","Feb","Block 5",2025-02-14 15:40:00,"6D1A",63.1,178
"3300","2025","Feb","Block 5",2025-02-12 17:04:00,"6AAB",68.6,182
"3301","2025","Feb","Block 5",2025-02-13 16:04:00,"6AAB",68.6,182
"3302","2025","Feb","Block 5",2025-02-14 15:40:00,"6AAB",68.6,182
"3303","2025","Feb","Block 5",2025-02-12 17:04:00,"6DF5",35.4,157
"3304","2025","Feb","Block 5",2025-02-13 16:04:00,"6DF5",35.4,157
"3305","2025","Feb","Block 5",2025-02-14 15:40:00,"6DF5",35.4,157
"3306","2025","Feb","Block 5",2025-02-12 17:04:00,"676D",122.4,210
"3307","2025","Feb","Block 5",2025-02-13 16:04:00,"676D",122.4,210
"3308","2025","Feb","Block 5",2025-02-14 15:40:00,"676D",122.4,210
"3309","2025","Feb","Block 5",2025-02-12 17:04:00,"7455",84.5,195
"3310","2025","Feb","Block 5",2025-02-13 16:04:00,"7455",84.5,195
"3311","2025","Feb","Block 5",2025-02-14 15:40:00,"7455",84.5,195
"3312","2025","Feb","Block 5",2025-02-12 17:04:00,"7289",45,157
"3313","2025","Feb","Block 5",2025-02-13 16:04:00,"7289",45,157
"3314","2025","Feb","Block 5",2025-02-14 15:40:00,"7289",45,157
"3315","2025","Feb","Block 5",2025-02-12 17:04:00,"6DEB",65.8,176
"3316","2025","Feb","Block 5",2025-02-13 16:04:00,"6DEB",65.8,176
"3317","2025","Feb","Block 5",2025-02-14 15:40:00,"6DEB",65.8,176
"3318","2025","Feb","Block 5",2025-02-12 17:04:00,"6BC9",49.4,175
"3319","2025","Feb","Block 5",2025-02-13 16:04:00,"6BC9",49.4,175
"3320","2025","Feb","Block 5",2025-02-14 15:40:00,"6BC9",49.4,175
"3321","2025","Feb","Block 5",2025-02-12 17:04:00,"724D",39.2,162
"3322","2025","Feb","Block 5",2025-02-13 16:04:00,"724D",39.2,162
"3323","2025","Feb","Block 5",2025-02-14 15:40:00,"724D",39.2,162
"3324","2025","Feb","Block 5",2025-02-12 17:04:00,"6CC9",43.3,156
"3325","2025","Feb","Block 5",2025-02-13 16:04:00,"6CC9",43.3,156
"3326","2025","Feb","Block 5",2025-02-14 15:40:00,"6CC9",43.3,156
"3327","2025","Feb","Block 5",2025-02-12 17:04:00,"6ADE",96.8,200
"3328","2025","Feb","Block 5",2025-02-13 16:04:00,"6ADE",96.8,200
"3329","2025","Feb","Block 5",2025-02-14 15:40:00,"6ADE",96.8,200
"3330","2025","Feb","Block 5",2025-02-12 17:04:00,"894A",27.2,130
"3331","2025","Feb","Block 5",2025-02-13 16:04:00,"894A",27.2,130
"3332","2025","Feb","Block 5",2025-02-14 15:40:00,"894A",27.2,130
"3333","2025","Feb","Block 5",2025-02-12 17:04:00,"6B65",22.4,145
"3334","2025","Feb","Block 5",2025-02-13 16:04:00,"6B65",22.4,145
"3335","2025","Feb","Block 5",2025-02-14 15:40:00,"6B65",22.4,145
"3336","2025","Feb","Block 5",2025-02-12 17:04:00,"84D5",43.7,167
"3337","2025","Feb","Block 5",2025-02-13 16:04:00,"84D5",43.7,167
"3338","2025","Feb","Block 5",2025-02-14 15:40:00,"84D5",43.7,167
"3339","2025","Feb","Block 5",2025-02-12 17:04:00,"7955",41.9,156
"3340","2025","Feb","Block 5",2025-02-13 16:04:00,"7955",41.9,156
"3341","2025","Feb","Block 5",2025-02-14 15:40:00,"7955",41.9,156
"3342","2025","Feb","Block 5",2025-02-12 17:04:00,"6A76",31.8,151
"3343","2025","Feb","Block 5",2025-02-13 16:04:00,"6A76",31.8,151
"3344","2025","Feb","Block 5",2025-02-14 15:40:00,"6A76",31.8,151
"3345","2025","Feb","Block 5",2025-02-12 17:04:00,"8571",25,137
"3346","2025","Feb","Block 5",2025-02-13 16:04:00,"8571",25,137
"3347","2025","Feb","Block 5",2025-02-14 15:40:00,"8571",25,137
"3348","2025","Feb","Block 5",2025-02-12 17:04:00,"6D74",32.1,151
"3349","2025","Feb","Block 5",2025-02-13 16:04:00,"6D74",32.1,151
"3350","2025","Feb","Block 5",2025-02-14 15:40:00,"6D74",32.1,151
"3351","2025","Apr","Block 6",2025-04-09 09:01:00,"6B39",6.9,81
"3352","2025","Apr","Block 6",2025-04-09 09:01:00,"6A7B",6.9,83
"3353","2025","Apr","Block 6",2025-04-09 09:01:00,"6725",6.7,83
"3354","2025","Apr","Block 6",2025-04-09 09:01:00,"78EA",7.2,84
"3355","2025","Apr","Block 6",2025-04-09 09:01:00,"6BED",7.8,85
"3356","2025","Apr","Block 6",2025-04-09 09:01:00,"6A7A",7.2,83
"3357","2025","Apr","Block 6",2025-04-09 09:01:00,"6D42",5.2,75
"3358","2025","Apr","Block 6",2025-04-09 09:01:00,"6BD6",5.3,78
"3359","2025","Apr","Block 6",2025-04-09 09:01:00,"6ED9",6.7,82
"3360","2025","Apr","Block 6",2025-04-09 09:01:00,"80D5",7.1,83
"3361","2025","Apr","Block 6",2025-04-09 11:45:00,"7D55",8.2,81
"3362","2025","Apr","Block 6",2025-04-09 11:45:00,"845A",5.7,79
"3363","2025","Apr","Block 6",2025-04-09 11:45:00,"71A2",7.2,82
"3364","2025","Apr","Block 6",2025-04-09 11:45:00,"7172",5.4,77
"3365","2025","Apr","Block 6",2025-04-09 11:45:00,"7155",5.4,82
"3366","2025","Apr","Block 6",2025-04-09 11:45:00,"6853",6.9,82
"3367","2025","Apr","Block 6",2025-04-09 11:45:00,"6975",5.9,78
"3368","2025","Apr","Block 6",2025-04-09 11:45:00,"7689",5.1,80
"3369","2025","Apr","Block 6",2025-04-09 11:45:00,"8D0A",5.7,80
"3370","2025","Apr","Block 6",2025-04-09 11:45:00,"682B",5.4,76
"3371","2025","Apr","Block 6",2025-04-09 14:59:00,"6D34",NA,80
"3372","2025","Apr","Block 6",2025-04-09 14:59:00,"7545",7.1,83
"3373","2025","Apr","Block 6",2025-04-09 14:59:00,"6A45",6.3,84
"3374","2025","Apr","Block 6",2025-04-09 14:59:00,"6D64",6.2,80
"3375","2025","Apr","Block 6",2025-04-09 14:59:00,"6D57",5.1,76
"3376","2025","Apr","Block 6",2025-04-09 14:59:00,"7764",4.6,78
"3377","2025","Apr","Block 6",2025-04-09 14:59:00,"8AA6",5.5,79
"3378","2025","Apr","Block 6",2025-04-09 14:59:00,"6D7B",6.6,85
"3379","2025","Apr","Block 6",2025-04-09 14:59:00,"8C56",4.8,76
"3380","2025","Apr","Block 6",2025-04-09 14:59:00,"8556",5.4,80
"3381","2025","Apr","Block 6",2025-04-09 17:59:00,"6D5D",4.8,76
"3382","2025","Apr","Block 6",2025-04-09 17:59:00,"6DA6",5,79
"3383","2025","Apr","Block 6",2025-04-09 17:59:00,"6B46",4.9,76
"3384","2025","Apr","Block 6",2025-04-09 17:59:00,"68AE",5,75
"3385","2025","Apr","Block 6",2025-04-09 17:59:00,"8AEA",8.2,90
"3386","2025","Apr","Block 6",2025-04-09 17:59:00,"6D44",5.9,82
"3387","2025","Apr","Block 6",2025-04-09 17:59:00,"68AF",5.3,79
"3388","2025","Apr","Block 6",2025-04-09 17:59:00,"8B56",7.7,85
"3389","2025","Apr","Block 6",2025-04-09 17:59:00,"6DAD",5.4,77
"3390","2025","Apr","Block 6",2025-04-09 17:59:00,"8AB4",5,76
"3391","2025","Apr","Block 6",2025-04-09 21:03:00,"6DA3",4.7,74
"3392","2025","Apr","Block 6",2025-04-09 21:03:00,"6D31",6,80
"3393","2025","Apr","Block 6",2025-04-09 21:03:00,"6D96",4.6,79
"3394","2025","Apr","Block 6",2025-04-09 21:03:00,"69AD",6.5,85
"3395","2025","Apr","Block 6",2025-04-09 21:03:00,"6BAB",5.2,77
"3396","2025","Apr","Block 6",2025-04-09 21:03:00,"8BD4",5.1,76
"3397","2025","Apr","Block 6",2025-04-09 21:03:00,"856A",7.1,86
"3398","2025","Apr","Block 6",2025-04-09 21:03:00,"6D39",4.7,75
"3399","2025","Apr","Block 6",2025-04-09 21:03:00,"6ABB",6.9,85
"3400","2025","Apr","Block 6",2025-04-09 21:03:00,"6D67",6.1,82
"3401","2025","Apr","Block 6",2025-04-10 00:01:00,"6A2B",6.4,83
"3402","2025","Apr","Block 6",2025-04-10 00:01:00,"855A",5.3,79
"3403","2025","Apr","Block 6",2025-04-10 00:01:00,"6C57",6.3,83
"3404","2025","Apr","Block 6",2025-04-10 00:01:00,"6A25",5.7,80
"3405","2025","Apr","Block 6",2025-04-10 00:01:00,"6CB5",4.6,74
"3406","2025","Apr","Block 6",2025-04-10 00:01:00,"6BD9",5.8,81
"3407","2025","Apr","Block 6",2025-04-10 00:01:00,"7578",4.6,74
"3408","2025","Apr","Block 6",2025-04-10 00:01:00,"6BEA",5.3,77
"3409","2025","Apr","Block 6",2025-04-10 00:01:00,"6A99",4.4,75
"3410","2025","Apr","Block 6",2025-04-10 00:01:00,"8CAE",5.6,79
"3411","2025","Apr","Block 6",2025-04-10 03:00:00,"6DA2",4.8,71
"3412","2025","Apr","Block 6",2025-04-10 03:00:00,"6995",5.6,79
"3413","2025","Apr","Block 6",2025-04-10 03:00:00,"6CB9",6.5,85
"3414","2025","Apr","Block 6",2025-04-10 03:00:00,"8BBA",4.6,75
"3415","2025","Apr","Block 6",2025-04-10 03:00:00,"6A97",6.7,84
"3416","2025","Apr","Block 6",2025-04-10 03:00:00,"6BCD",4.6,74
"3417","2025","Apr","Block 6",2025-04-10 03:00:00,"6CCD",5.8,77
"3418","2025","Apr","Block 6",2025-04-10 03:00:00,"6857",4.5,75
"3419","2025","Apr","Block 6",2025-04-10 03:00:00,"8115",6.2,83
"3420","2025","Apr","Block 6",2025-04-10 03:00:00,"895A",6,81
"3421","2025","Apr","Block 6",NA,NA,NA,NA
"3422","2025","Apr","Block 6",NA,NA,NA,NA
"3423","2025","Apr","Block 6",NA,NA,NA,NA
"3424","2025","Apr","Block 6",NA,NA,NA,NA
"3425","2025","Apr","Block 6",NA,NA,NA,NA
"3426","2025","Apr","Block 6",NA,NA,NA,NA
"3427","2025","Apr","Block 6",NA,NA,NA,NA
"3428","2025","Apr","Block 6",NA,NA,NA,NA
"3429","2025","Apr","Block 6",NA,NA,NA,NA
"3430","2025","Apr","Block 6",NA,NA,NA,NA
"3431","2025","Apr","Block 6",2025-04-10 09:00:00,"7B4D",9.4,92
"3432","2025","Apr","Block 6",2025-04-10 09:00:00,"8954",5.4,78
"3433","2025","Apr","Block 6",2025-04-10 09:00:00,"7122",6.2,82
"3434","2025","Apr","Block 6",2025-04-10 09:00:00,"8968",6.4,82
"3435","2025","Apr","Block 6",2025-04-10 09:00:00,"8B94",5.7,79
"3436","2025","Apr","Block 6",2025-04-10 09:00:00,"6D45",6.9,86
"3437","2025","Apr","Block 6",2025-04-10 09:00:00,"6CBB",6,80
"3438","2025","Apr","Block 6",2025-04-10 09:00:00,"6CDD",5.3,78
"3439","2025","Apr","Block 6",2025-04-10 09:00:00,"6D77",6,80
"3440","2025","Apr","Block 6",2025-04-10 09:00:00,"8496",7.1,86
"3441","2025","Apr","Block 6",2025-04-10 12:02:00,"6CC5",5.1,76
"3442","2025","Apr","Block 6",2025-04-10 12:02:00,"8CAD",5.4,79
"3443","2025","Apr","Block 6",2025-04-10 12:02:00,"6BA6",6.3,82
"3444","2025","Apr","Block 6",2025-04-10 12:02:00,"6D3D",5,79
"3445","2025","Apr","Block 6",2025-04-10 12:02:00,"6A74",4.7,76
"3446","2025","Apr","Block 6",2025-04-10 12:02:00,"6ACB",6.9,83
"3447","2025","Apr","Block 6",2025-04-10 12:02:00,"6B2F",6,79
"3448","2025","Apr","Block 6",2025-04-10 12:02:00,"6D4B",6.2,84
"3449","2025","Apr","Block 6",2025-04-10 12:02:00,"6D15",8.1,89
"3450","2025","Apr","Block 6",2025-04-10 12:02:00,"6C4B",6.6,85
"3451","2025","Apr","Block 6",2025-04-10 15:00:00,"896A",7.4,86
"3452","2025","Apr","Block 6",2025-04-10 15:00:00,"6D05",5.6,76
"3453","2025","Apr","Block 6",2025-04-10 15:00:00,"74D5",5.5,78
"3454","2025","Apr","Block 6",2025-04-10 15:00:00,"6C89",4.4,74
"3455","2025","Apr","Block 6",2025-04-10 15:00:00,"7521",5.9,80
"3456","2025","Apr","Block 6",2025-04-10 15:00:00,"6DA9",5.4,78
"3457","2025","Apr","Block 6",2025-04-10 15:00:00,"6DAC",7.1,84
"3458","2025","Apr","Block 6",2025-04-10 15:00:00,"8A92",4.7,75
"3459","2025","Apr","Block 6",2025-04-10 15:00:00,"7249",6.3,82
"3460","2025","Apr","Block 6",2025-04-10 15:00:00,"6B49",7.1,85
"3461","2025","Apr","Block 6",2025-04-10 17:58:00,"68B6",6.8,85
"3462","2025","Apr","Block 6",2025-04-10 17:58:00,"87D5",7,83
"3463","2025","Apr","Block 6",2025-04-10 17:58:00,"6D11",6.2,82
"3464","2025","Apr","Block 6",2025-04-10 17:58:00,"6BBD",5.2,78
"3465","2025","Apr","Block 6",2025-04-10 17:58:00,"6B2D",5.1,79
"3466","2025","Apr","Block 6",2025-04-10 17:58:00,"6D37",5.6,80
"3467","2025","Apr","Block 6",2025-04-10 17:58:00,"6CB2",4.5,79
"3468","2025","Apr","Block 6",2025-04-10 17:58:00,"6729",8.1,89
"3469","2025","Apr","Block 6",2025-04-10 17:58:00,"68AB",6.4,80
"3470","2025","Apr","Block 6",2025-04-10 17:58:00,"8552",7.5,86
"3471","2025","Apr","Block 6",2025-04-10 21:02:00,"6A95",5.6,80
"3472","2025","Apr","Block 6",2025-04-10 21:02:00,"6D97",6.8,81
"3473","2025","Apr","Block 6",2025-04-10 21:02:00,"6A2D",6.2,82
"3474","2025","Apr","Block 6",2025-04-10 21:02:00,"85C5",4.8,77
"3475","2025","Apr","Block 6",2025-04-10 21:02:00,"8C55",7.8,86
"3476","2025","Apr","Block 6",2025-04-10 21:02:00,"73DA",8.4,94
"3477","2025","Apr","Block 6",2025-04-10 21:02:00,"8514",7.8,86
"3478","2025","Apr","Block 6",2025-04-10 21:02:00,"6C91",5.9,80
"3479","2025","Apr","Block 6",2025-04-10 21:02:00,"6C2D",6.1,84
"3480","2025","Apr","Block 6",2025-04-10 21:02:00,"6B35",5.4,79
"3481","2025","Apr","Block 6",2025-04-11,"72AD",5.8,77
"3482","2025","Apr","Block 6",2025-04-11,"67A5",5.9,80
"3483","2025","Apr","Block 6",2025-04-11,"6CD7",4.5,71
"3484","2025","Apr","Block 6",2025-04-11,"6765",4.8,76
"3485","2025","Apr","Block 6",2025-04-11,"7355",5.6,76
"3486","2025","Apr","Block 6",2025-04-11,"6751",6.6,84
"3487","2025","Apr","Block 6",2025-04-11,"8D15",5,77
"3488","2025","Apr","Block 6",2025-04-11,"6DD5",6.8,81
"3489","2025","Apr","Block 6",2025-04-11,"6C2A",4.5,75
"3490","2025","Apr","Block 6",2025-04-11,"8CEA",5.4,79
"3491","2025","Apr","Block 6",2025-04-11 03:00:00,"6D3A",5.2,75
"3492","2025","Apr","Block 6",2025-04-11 03:00:00,"6A15",4.6,75
"3493","2025","Apr","Block 6",2025-04-11 03:00:00,"75A9",5.5,79
"3494","2025","Apr","Block 6",2025-04-11 03:00:00,"6BA8",6.2,82
"3495","2025","Apr","Block 6",2025-04-11 03:00:00,"6A9B",6.2,84
"3496","2025","Apr","Block 6",2025-04-11 03:00:00,"6C5A",4.5,75
"3497","2025","Apr","Block 6",2025-04-11 03:00:00,"6EB5",4.4,74
"3498","2025","Apr","Block 6",2025-04-11 03:00:00,"6AA1",5.2,77
"3499","2025","Apr","Block 6",2025-04-11 03:00:00,"8952",4.7,74
"3500","2025","Apr","Block 6",2025-04-11 03:00:00,"8BD2",6.5,83
"3501","2025","Apr","Block 6",2025-04-11 06:00:00,"6D76",6,82
"3502","2025","Apr","Block 6",2025-04-11 06:00:00,"6CED",6.4,78
"3503","2025","Apr","Block 6",2025-04-11 06:00:00,"6BAD",4.9,75
"3504","2025","Apr","Block 6",2025-04-11 06:00:00,"6AA4",5.6,79
"3505","2025","Apr","Block 6",2025-04-11 06:00:00,"6ED5",4.9,76
"3506","2025","Apr","Block 6",2025-04-11 06:00:00,"6CD5",6.1,81
"3507","2025","Apr","Block 6",2025-04-11 06:00:00,"8AAC",4.6,77
"3508","2025","Apr","Block 6",2025-04-11 06:00:00,"724E",4.9,77
"3509","2025","Apr","Block 6",2025-04-11 06:00:00,"6B44",5.1,78
"3510","2025","Apr","Block 6",2025-04-11 06:00:00,"68AD",5.9,82
"3511","2025","Apr","Block 6",2025-04-11 08:56:00,"6D2D",5.7,78
"3512","2025","Apr","Block 6",2025-04-11 08:56:00,"6AB9",6,79
"3513","2025","Apr","Block 6",2025-04-11 08:56:00,"6CB1",5.9,81
"3514","2025","Apr","Block 6",2025-04-11 08:56:00,"6CA9",4.5,73
"3515","2025","Apr","Block 6",2025-04-11 08:56:00,"7B66",5.8,80
"3516","2025","Apr","Block 6",2025-04-11 08:56:00,"8516",6.5,85
"3517","2025","Apr","Block 6",2025-04-11 08:56:00,"6B5E",4.9,72
"3518","2025","Apr","Block 6",2025-04-11 08:56:00,"8D12",5.6,81
"3519","2025","Apr","Block 6",2025-04-11 08:56:00,"6E32",6.8,85
"3520","2025","Apr","Block 6",2025-04-11 08:56:00,"7B55",5.4,79
"3521","2025","Apr","Block 6",2025-04-11 12:00:00,"6845",5.8,83
"3522","2025","Apr","Block 6",2025-04-11 12:00:00,"6C65",6.9,85
"3523","2025","Apr","Block 6",2025-04-11 12:00:00,"6D25",4.9,74
"3524","2025","Apr","Block 6",2025-04-11 12:00:00,"8ACA",6.2,84
"3525","2025","Apr","Block 6",2025-04-11 12:00:00,"8CD4",5,77
"3526","2025","Apr","Block 6",2025-04-11 12:00:00,"6CBA",7.7,87
"3527","2025","Apr","Block 6",2025-04-11 12:00:00,"6B4E",4.9,77
"3528","2025","Apr","Block 6",2025-04-11 12:00:00,"6D6F",6.9,85
"3529","2025","Apr","Block 6",2025-04-11 12:00:00,"6A1B",7.5,87
"3530","2025","Apr","Block 6",2025-04-11 12:00:00,"6D4E",5.9,78
"3531","2025","Apr","Block 6",2025-04-11 14:58:00,"675A",7.5,86
"3532","2025","Apr","Block 6",2025-04-11 14:58:00,"6BE5",6.1,84
"3533","2025","Apr","Block 6",2025-04-11 14:58:00,"6AEB",5.6,80
"3534","2025","Apr","Block 6",2025-04-11 14:58:00,"8AB5",4.6,74
"3535","2025","Apr","Block 6",2025-04-11 14:58:00,"6DB4",6.3,83
"3536","2025","Apr","Block 6",2025-04-11 14:58:00,"6BAE",4.7,76
"3537","2025","Apr","Block 6",2025-04-11 14:58:00,"6C9B",4.7,74
"3538","2025","Apr","Block 6",2025-04-11 14:58:00,"8BD5",5.6,77
"3539","2025","Apr","Block 6",2025-04-11 14:58:00,"6C52",5.9,80
"3540","2025","Apr","Block 6",2025-04-11 14:58:00,"6AAF",5.3,76
"3541","2025","Apr","Block 6",2025-04-11 17:54:00,"892A",4.4,75
"3542","2025","Apr","Block 6",2025-04-11 17:54:00,"6769",4.6,75
"3543","2025","Apr","Block 6",2025-04-11 17:54:00,"6BB2",6.3,85
"3544","2025","Apr","Block 6",2025-04-11 17:54:00,"6DB1",6.9,85
"3545","2025","Apr","Block 6",2025-04-11 17:54:00,"6D0D",9,92
"3546","2025","Apr","Block 6",2025-04-11 17:54:00,"7553",6.6,83
"3547","2025","Apr","Block 6",2025-04-11 17:54:00,"6CEA",5.4,80
"3548","2025","Apr","Block 6",2025-04-11 17:54:00,"69AB",6.5,81
"3549","2025","Apr","Block 6",2025-04-11 17:54:00,"74AB",4.8,77
"3550","2025","Apr","Block 6",2025-04-11 17:54:00,"8BDA",5.5,79
"3551","2025","Apr","Block 6",2025-04-11 21:01:00,"6C69",6,79
"3552","2025","Apr","Block 6",2025-04-11 21:01:00,"6D17",6.3,81
"3553","2025","Apr","Block 6",2025-04-11 21:01:00,"6A29",6.8,85
"3554","2025","Apr","Block 6",2025-04-11 21:01:00,"6AA3",6,81
"3555","2025","Apr","Block 6",2025-04-11 21:01:00,"8CB5",6.7,83
"3556","2025","Apr","Block 6",2025-04-11 21:01:00,"8AB2",5.6,79
"3557","2025","Apr","Block 6",2025-04-11 21:01:00,"6D0B",4.9,77
"3558","2025","Apr","Block 6",2025-04-11 21:01:00,"75AD",4.6,74
"3559","2025","Apr","Block 6",2025-04-11 21:01:00,"8CDA",6.1,80
"3560","2025","Apr","Block 6",2025-04-11 21:01:00,"6BD4",5.2,79
"3561","2025","Apr","Block 6",2025-04-12,"6D94",5.3,78
"3562","2025","Apr","Block 6",2025-04-12,"6754",6.2,81
"3563","2025","Apr","Block 6",2025-04-12,"6C8D",6,80
"3564","2025","Apr","Block 6",2025-04-12,"6F59",6.7,82
"3565","2025","Apr","Block 6",2025-04-12,"6AA7",5.4,77
"3566","2025","Apr","Block 6",2025-04-12,"8C9A",5.3,79
"3567","2025","Apr","Block 6",2025-04-12,"6DCD",7.5,84
"3568","2025","Apr","Block 6",2025-04-12,"8ABA",5.7,80
"3569","2025","Apr","Block 6",2025-04-12,"6C6A",6.8,81
"3570","2025","Apr","Block 6",2025-04-12,"6C9D",6.1,81
"3571","2025","Apr","Block 6",2025-04-12 03:01:00,"7A95",5.6,78
"3572","2025","Apr","Block 6",2025-04-12 03:01:00,"6AA6",7.2,86
"3573","2025","Apr","Block 6",2025-04-12 03:01:00,"6D56",5.1,76
"3574","2025","Apr","Block 6",2025-04-12 03:01:00,"6AC3",6.1,81
"3575","2025","Apr","Block 6",2025-04-12 03:01:00,"6855",5.7,80
"3576","2025","Apr","Block 6",2025-04-12 03:01:00,"6CA6",5.3,77
"3577","2025","Apr","Block 6",2025-04-12 03:01:00,"6D9B",5.4,81
"3578","2025","Apr","Block 6",2025-04-12 03:01:00,"854A",5.2,77
"3579","2025","Apr","Block 6",NA,NA,NA,NA
"3580","2025","Apr","Block 6",NA,NA,NA,NA
"3581","2025","Apr","Block 6",NA,NA,NA,NA
"3582","2025","Apr","Block 6",NA,NA,NA,NA
"3583","2025","Apr","Block 6",NA,NA,NA,NA
"3584","2025","Apr","Block 6",NA,NA,NA,NA
"3585","2025","Apr","Block 6",NA,NA,NA,NA
"3586","2025","Apr","Block 6",NA,NA,NA,NA
"3587","2025","Apr","Block 6",NA,NA,NA,NA
"3588","2025","Apr","Block 6",NA,NA,NA,NA
"3589","2025","Apr","Block 6",NA,NA,NA,NA
"3590","2025","Apr","Block 6",NA,NA,NA,NA
"3591","2025","Apr","Block 7",2025-04-16 08:59:00,"6D13",7.9,88
"3592","2025","Apr","Block 7",2025-04-16 08:59:00,"6A77",6.9,85
"3593","2025","Apr","Block 7",2025-04-16 08:59:00,"69A5",6,82
"3594","2025","Apr","Block 7",2025-04-16 08:59:00,"6C96",5.8,82
"3595","2025","Apr","Block 7",2025-04-16 08:59:00,"9699",7.2,85
"3596","2025","Apr","Block 7",2025-04-16 08:59:00,"9B2D",9.6,93
"3597","2025","Apr","Block 7",2025-04-16 08:59:00,"92B0",8.2,87
"3598","2025","Apr","Block 7",2025-04-16 08:59:00,"92BE",8.3,95
"3599","2025","Apr","Block 7",2025-04-16 08:59:00,"915D",9,91
"3600","2025","Apr","Block 7",2025-04-16 08:59:00,"96C6",9.3,94
"3601","2025","Apr","Block 7",2025-04-16 11:57:00,"9272",9.4,95
"3602","2025","Apr","Block 7",2025-04-16 11:57:00,"96CD",8.1,91
"3603","2025","Apr","Block 7",2025-04-16 11:57:00,"9AB0",7.1,85
"3604","2025","Apr","Block 7",2025-04-16 11:57:00,"91AC",11.4,97
"3605","2025","Apr","Block 7",2025-04-16 11:57:00,"9570",8.6,93
"3606","2025","Apr","Block 7",2025-04-16 11:57:00,"92E2",9.4,90
"3607","2025","Apr","Block 7",2025-04-16 11:57:00,"9969",9.6,91
"3608","2025","Apr","Block 7",2025-04-16 11:57:00,"9145",6.6,84
"3609","2025","Apr","Block 7",2025-04-16 11:57:00,"9A29",8.6,90
"3610","2025","Apr","Block 7",2025-04-16 11:57:00,"8DD2",8.3,92
"3611","2025","Apr","Block 7",2025-04-16 14:55:00,"9D4E",5.1,78
"3612","2025","Apr","Block 7",2025-04-16 14:55:00,"942C",4.5,75
"3613","2025","Apr","Block 7",2025-04-16 14:55:00,"9A72",5.8,80
"3614","2025","Apr","Block 7",2025-04-16 14:55:00,"9573",8.6,90
"3615","2025","Apr","Block 7",2025-04-16 14:55:00,"92E5",7.6,88
"3616","2025","Apr","Block 7",2025-04-16 14:55:00,"8D26",9.8,96
"3617","2025","Apr","Block 7",2025-04-16 14:55:00,"9224",5.9,81
"3618","2025","Apr","Block 7",2025-04-16 14:55:00,"926E",5.5,78
"3619","2025","Apr","Block 7",2025-04-16 14:55:00,"91AB",8.4,90
"3620","2025","Apr","Block 7",2025-04-16 14:55:00,"929A",7.6,88
"3621","2025","Apr","Block 7",2025-04-16 18:00:00,"9996",7.9,89
"3622","2025","Apr","Block 7",2025-04-16 18:00:00,"92DC",9.9,93
"3623","2025","Apr","Block 7",2025-04-16 18:00:00,"9A6E",7.3,86
"3624","2025","Apr","Block 7",2025-04-16 18:00:00,"9A9B",6.7,85
"3625","2025","Apr","Block 7",2025-04-16 18:00:00,"8D68",7,86
"3626","2025","Apr","Block 7",2025-04-16 18:00:00,"96B7",8.5,90
"3627","2025","Apr","Block 7",2025-04-16 18:00:00,"94DA",9.1,90
"3628","2025","Apr","Block 7",2025-04-16 18:00:00,"9945",7.8,86
"3629","2025","Apr","Block 7",2025-04-16 18:00:00,"96B2",7.1,85
"3630","2025","Apr","Block 7",2025-04-16 18:00:00,"9D49",9.1,91
"3631","2025","Apr","Block 7",2025-04-16 20:59:00,"92E6",5.9,78
"3632","2025","Apr","Block 7",2025-04-16 20:59:00,"9BD2",7.7,86
"3633","2025","Apr","Block 7",2025-04-16 20:59:00,"99B2",7.3,85
"3634","2025","Apr","Block 7",2025-04-16 20:59:00,"950C",8.7,89
"3635","2025","Apr","Block 7",2025-04-16 20:59:00,"9726",12.4,102
"3636","2025","Apr","Block 7",2025-04-16 20:59:00,"9DA8",7.5,89
"3637","2025","Apr","Block 7",2025-04-16 20:59:00,"913A",6.4,82
"3638","2025","Apr","Block 7",2025-04-16 20:59:00,"8D7A",6.1,81
"3639","2025","Apr","Block 7",2025-04-16 20:59:00,"96AC",8.2,90
"3640","2025","Apr","Block 7",2025-04-16 20:59:00,"9ACD",7.5,88
"3641","2025","Apr","Block 7",2025-04-17,"988A",6.7,83
"3642","2025","Apr","Block 7",2025-04-17,"9116",6.4,80
"3643","2025","Apr","Block 7",2025-04-17,"8D66",6.4,82
"3644","2025","Apr","Block 7",2025-04-17,"9253",5.3,78
"3645","2025","Apr","Block 7",2025-04-17,"992B",6.2,80
"3646","2025","Apr","Block 7",2025-04-17,"927A",8.6,91
"3647","2025","Apr","Block 7",2025-04-17,"9510",8.1,88
"3648","2025","Apr","Block 7",2025-04-17,"98DA",9.1,93
"3649","2025","Apr","Block 7",2025-04-17,"92AC",10.7,95
"3650","2025","Apr","Block 7",2025-04-17,"8DB5",8.3,88
"3651","2025","Apr","Block 7",2025-04-17 03:00:00,"9475",7.2,85
"3652","2025","Apr","Block 7",2025-04-17 03:00:00,"9676",9.2,91
"3653","2025","Apr","Block 7",2025-04-17 03:00:00,"9D62",6.7,81
"3654","2025","Apr","Block 7",2025-04-17 03:00:00,"9591",7.8,87
"3655","2025","Apr","Block 7",2025-04-17 03:00:00,"9675",6.9,84
"3656","2025","Apr","Block 7",2025-04-17 03:00:00,"9B0A",6.8,81
"3657","2025","Apr","Block 7",2025-04-17 03:00:00,"9157",6.7,83
"3658","2025","Apr","Block 7",2025-04-17 03:00:00,"9AA2",6.6,85
"3659","2025","Apr","Block 7",2025-04-17 03:00:00,"912E",9.4,91
"3660","2025","Apr","Block 7",2025-04-17 03:00:00,"9DBA",6.8,85
"3661","2025","Apr","Block 7",2025-04-17 06:00:00,"9315",7,81
"3662","2025","Apr","Block 7",2025-04-17 06:00:00,"9159",8.1,87
"3663","2025","Apr","Block 7",2025-04-17 06:00:00,"8DA4",6.9,84
"3664","2025","Apr","Block 7",2025-04-17 06:00:00,"9956",8.2,89
"3665","2025","Apr","Block 7",2025-04-17 06:00:00,"9D64",9.1,93
"3666","2025","Apr","Block 7",2025-04-17 06:00:00,"9B2C",5.9,82
"3667","2025","Apr","Block 7",2025-04-17 06:00:00,"94C9",5.6,79
"3668","2025","Apr","Block 7",2025-04-17 06:00:00,"9175",6.6,84
"3669","2025","Apr","Block 7",2025-04-17 06:00:00,"9148",6.7,84
"3670","2025","Apr","Block 7",2025-04-17 06:00:00,"9262",8.2,87
"3671","2025","Apr","Block 7",2025-04-17 08:59:00,"9328",6.9,83
"3672","2025","Apr","Block 7",2025-04-17 08:59:00,"9A7A",9.7,95
"3673","2025","Apr","Block 7",2025-04-17 08:59:00,"994E",5.3,76
"3674","2025","Apr","Block 7",2025-04-17 08:59:00,"9C54",8.1,89
"3675","2025","Apr","Block 7",2025-04-17 08:59:00,"996D",6.4,85
"3676","2025","Apr","Block 7",2025-04-17 08:59:00,"8D5B",6.9,85
"3677","2025","Apr","Block 7",2025-04-17 08:59:00,"969A",5.5,80
"3678","2025","Apr","Block 7",2025-04-17 08:59:00,"99D4",5.6,80
"3679","2025","Apr","Block 7",2025-04-17 08:59:00,"9ADB",8.8,92
"3680","2025","Apr","Block 7",2025-04-17 08:59:00,"95AB",5.1,77
"3681","2025","Apr","Block 7",2025-04-17 12:02:00,"91CA",9.4,94
"3682","2025","Apr","Block 7",2025-04-17 12:02:00,"9329",5,75
"3683","2025","Apr","Block 7",2025-04-17 12:02:00,"9154",8,88
"3684","2025","Apr","Block 7",2025-04-17 12:02:00,"91AD",8.7,90
"3685","2025","Apr","Block 7",2025-04-17 12:02:00,"9125",5.3,76
"3686","2025","Apr","Block 7",2025-04-17 12:02:00,"91D2",9.7,95
"3687","2025","Apr","Block 7",2025-04-17 12:02:00,"96D1",7.7,86
"3688","2025","Apr","Block 7",2025-04-17 12:02:00,"929E",9.8,95
"3689","2025","Apr","Block 7",2025-04-17 12:02:00,"8DDA",7.7,89
"3690","2025","Apr","Block 7",2025-04-17 12:02:00,"96BE",8.8,89
"3691","2025","Apr","Block 7",2025-04-17 14:59:00,"9D6C",5.4,79
"3692","2025","Apr","Block 7",2025-04-17 14:59:00,"995C",11.4,99
"3693","2025","Apr","Block 7",2025-04-17 14:59:00,"922D",6.4,84
"3694","2025","Apr","Block 7",2025-04-17 14:59:00,"9CD2",7.9,88
"3695","2025","Apr","Block 7",2025-04-17 14:59:00,"91B2",6.3,84
"3696","2025","Apr","Block 7",2025-04-17 14:59:00,"8D4D",5.3,76
"3697","2025","Apr","Block 7",2025-04-17 14:59:00,"932B",8.7,93
"3698","2025","Apr","Block 7",2025-04-17 14:59:00,"969C",8.2,89
"3699","2025","Apr","Block 7",2025-04-17 14:59:00,"94E2",8.4,90
"3700","2025","Apr","Block 7",2025-04-17 14:59:00,"96C5",9.1,93
"3701","2025","Apr","Block 7",2025-04-17 17:58:00,"9D69",7,87
"3702","2025","Apr","Block 7",2025-04-17 17:58:00,"8D54",8.2,90
"3703","2025","Apr","Block 7",2025-04-17 17:58:00,"9451",7.5,86
"3704","2025","Apr","Block 7",2025-04-17 17:58:00,"9A53",8,90
"3705","2025","Apr","Block 7",2025-04-17 17:58:00,"9150",11.1,96
"3706","2025","Apr","Block 7",2025-04-17 17:58:00,"92BC",10.4,95
"3707","2025","Apr","Block 7",2025-04-17 17:58:00,"92CA",7.8,87
"3708","2025","Apr","Block 7",2025-04-17 17:58:00,"9953",5.9,80
"3709","2025","Apr","Block 7",2025-04-17 17:58:00,"8D4E",7.2,86
"3710","2025","Apr","Block 7",2025-04-17 17:58:00,"912D",6,85
"3711","2025","Apr","Block 7",2025-04-17 21:00:00,"9DDA",6.1,85
"3712","2025","Apr","Block 7",2025-04-17 21:00:00,"9855",7.2,88
"3713","2025","Apr","Block 7",2025-04-17 21:00:00,"9CDA",7.6,87
"3714","2025","Apr","Block 7",2025-04-17 21:00:00,"952F",9.2,91
"3715","2025","Apr","Block 7",2025-04-17 21:00:00,"9D95",9.3,93
"3716","2025","Apr","Block 7",2025-04-17 21:00:00,"93AE",6.3,80
"3717","2025","Apr","Block 7",2025-04-17 21:00:00,"9571",7.5,89
"3718","2025","Apr","Block 7",2025-04-17 21:00:00,"918A",8.4,89
"3719","2025","Apr","Block 7",2025-04-17 21:00:00,"902A",8.2,86
"3720","2025","Apr","Block 7",2025-04-17 21:00:00,"94B8",7.8,87
"3721","2025","Apr","Block 7",2025-04-18 12:00:00,"9054",7.3,87
"3722","2025","Apr","Block 7",2025-04-18 12:00:00,"95B3",6.8,85
"3723","2025","Apr","Block 7",2025-04-18 12:00:00,"94E8",5.4,79
"3724","2025","Apr","Block 7",2025-04-18 12:00:00,"8DA9",10.1,95
"3725","2025","Apr","Block 7",2025-04-18 12:00:00,"9958",9.6,92
"3726","2025","Apr","Block 7",2025-04-18 12:00:00,"9A69",9.9,96
"3727","2025","Apr","Block 7",2025-04-18 12:00:00,"914C",8.6,89
"3728","2025","Apr","Block 7",2025-04-18 12:00:00,"8D56",5.7,81
"3729","2025","Apr","Block 7",2025-04-18 12:00:00,"9D56",7.2,88
"3730","2025","Apr","Block 7",2025-04-18 12:00:00,"96C8",7.6,85
"3731","2025","Apr","Block 7",2025-04-18 03:00:00,"8D5A",5.5,82
"3732","2025","Apr","Block 7",2025-04-18 03:00:00,"9ABB",12.2,100
"3733","2025","Apr","Block 7",2025-04-18 03:00:00,"92AE",9.7,91
"3734","2025","Apr","Block 7",2025-04-18 03:00:00,"9AAE",7.3,85
"3735","2025","Apr","Block 7",2025-04-18 03:00:00,"95BD",7.6,86
"3736","2025","Apr","Block 7",2025-04-18 03:00:00,"8EB5",10.6,95
"3737","2025","Apr","Block 7",2025-04-18 03:00:00,"9D76",8.4,88
"3738","2025","Apr","Block 7",2025-04-18 03:00:00,"9334",5.1,76
"3739","2025","Apr","Block 7",2025-04-18 03:00:00,"92A6",6.8,81
"3740","2025","Apr","Block 7",2025-04-18 03:00:00,"9A89",8.9,91
"3741","2025","Apr","Block 7",2025-04-18 06:00:00,"9951",10.5,95
"3742","2025","Apr","Block 7",2025-04-18 06:00:00,"8DD4",9.9,95
"3743","2025","Apr","Block 7",2025-04-18 06:00:00,"9250",7.2,88
"3744","2025","Apr","Block 7",2025-04-18 06:00:00,"9A85",7,85
"3745","2025","Apr","Block 7",2025-04-18 06:00:00,"9593",8.1,90
"3746","2025","Apr","Block 7",2025-04-18 06:00:00,"95A3",6.8,85
"3747","2025","Apr","Block 7",2025-04-18 06:00:00,"9D3B",5.3,80
"3748","2025","Apr","Block 7",2025-04-18 06:00:00,"96EB",5.6,82
"3749","2025","Apr","Block 7",2025-04-18 06:00:00,"9A74",5.5,78
"3750","2025","Apr","Block 7",2025-04-18 06:00:00,"91A4",10.4,96
"3751","2025","Apr","Block 7",2025-04-18 08:58:00,"917A",9.8,93
"3752","2025","Apr","Block 7",2025-04-18 08:58:00,"9DEA",7.1,86
"3753","2025","Apr","Block 7",2025-04-18 08:58:00,"93AA",9.8,92
"3754","2025","Apr","Block 7",2025-04-18 08:58:00,"92E4",7.1,87
"3755","2025","Apr","Block 7",2025-04-18 08:58:00,"94E4",8.3,89
"3756","2025","Apr","Block 7",2025-04-18 08:58:00,"8DAE",8.1,91
"3757","2025","Apr","Block 7",2025-04-18 08:58:00,"9AC4",7.6,89
"3758","2025","Apr","Block 7",2025-04-18 08:58:00,"96B1",6.6,85
"3759","2025","Apr","Block 7",2025-04-18 08:58:00,"922B",8.4,90
"3760","2025","Apr","Block 7",2025-04-18 08:58:00,"97BA",7.2,87
"3761","2025","Apr","Block 7",2025-04-18 11:56:00,"9162",5.2,77
"3762","2025","Apr","Block 7",2025-04-18 11:56:00,"8D4C",7.7,87
"3763","2025","Apr","Block 7",2025-04-18 11:56:00,"9D14",6,83
"3764","2025","Apr","Block 7",2025-04-18 11:56:00,"916A",6.9,86
"3765","2025","Apr","Block 7",2025-04-18 11:56:00,"951A",9.4,96
"3766","2025","Apr","Block 7",2025-04-18 11:56:00,"9AC9",8.5,90
"3767","2025","Apr","Block 7",2025-04-18 11:56:00,"9AD6",10.3,98
"3768","2025","Apr","Block 7",2025-04-18 11:56:00,"9934",6.9,88
"3769","2025","Apr","Block 7",2025-04-18 11:56:00,"8DAC",7.4,86
"3770","2025","Apr","Block 7",2025-04-18 11:56:00,"9D8D",10,95
"3771","2025","Apr","Block 7",2025-04-18 14:57:00,"98B2",5.9,80
"3772","2025","Apr","Block 7",2025-04-18 14:57:00,"95AC",7.6,89
"3773","2025","Apr","Block 7",2025-04-18 14:57:00,"92C9",6.3,84
"3774","2025","Apr","Block 7",2025-04-18 14:57:00,"8DB2",8.1,88
"3775","2025","Apr","Block 7",2025-04-18 14:57:00,"9AC8",5.1,79
"3776","2025","Apr","Block 7",2025-04-18 14:57:00,"9114",11.1,99
"3777","2025","Apr","Block 7",2025-04-18 14:57:00,"93D6",7.6,90
"3778","2025","Apr","Block 7",2025-04-18 14:57:00,"9335",8.5,92
"3779","2025","Apr","Block 7",2025-04-18 14:57:00,"94E5",7.8,89
"3780","2025","Apr","Block 7",2025-04-18 14:57:00,"92D0",9,94
"3781","2025","Apr","Block 7",2025-04-18 17:55:00,"9D4C",7.9,88
"3782","2025","Apr","Block 7",2025-04-18 17:55:00,"9144",6.4,82
"3783","2025","Apr","Block 7",2025-04-18 17:55:00,"909A",8.5,90
"3784","2025","Apr","Block 7",2025-04-18 17:55:00,"97A5",9,92
"3785","2025","Apr","Block 7",2025-04-18 17:55:00,"95A1",7,85
"3786","2025","Apr","Block 7",2025-04-18 17:55:00,"9222",7.1,85
"3787","2025","Apr","Block 7",2025-04-18 17:55:00,"94BC",8.2,91
"3788","2025","Apr","Block 7",2025-04-18 17:55:00,"9590",6.3,83
"3789","2025","Apr","Block 7",2025-04-18 17:55:00,"9968",11,98
"3790","2025","Apr","Block 7",2025-04-18 17:55:00,"94B0",7,87
"3791","2025","Apr","Block 7",2025-04-18 21:00:00,"9632",8.5,93
"3792","2025","Apr","Block 7",2025-04-18 21:00:00,"914B",6.8,86
"3793","2025","Apr","Block 7",2025-04-18 21:00:00,"9119",10.3,97
"3794","2025","Apr","Block 7",2025-04-18 21:00:00,"9B34",7.1,86
"3795","2025","Apr","Block 7",2025-04-18 21:00:00,"9AD1",10.1,95
"3796","2025","Apr","Block 7",2025-04-18 21:00:00,"9A88",7.1,85
"3797","2025","Apr","Block 7",2025-04-18 21:00:00,"9485",8.6,90
"3798","2025","Apr","Block 7",2025-04-18 21:00:00,"8D4B",10,94
"3799","2025","Apr","Block 7",2025-04-18 21:00:00,"9521",8.2,91
"3800","2025","Apr","Block 7",2025-04-18 21:00:00,"94E6",6.8,85
"3801","2025","Apr","Block 7",2025-04-19,"8D5D",8.2,89
"3802","2025","Apr","Block 7",2025-04-19,"9A32",8.8,94
"3803","2025","Apr","Block 7",2025-04-19,"9374",8.3,92
"3804","2025","Apr","Block 7",2025-04-19,"92C8",7.9,91
"3805","2025","Apr","Block 7",2025-04-19,"9285",10.2,95
"3806","2025","Apr","Block 7",2025-04-19,"94CA",8.3,93
"3807","2025","Apr","Block 7",2025-04-19,"9499",6.7,85
"3808","2025","Apr","Block 7",2025-04-19,"9D5D",7.5,86
"3809","2025","Apr","Block 7",2025-04-19,"91BA",8,90
"3810","2025","Apr","Block 7",2025-04-19,"996E",7.3,87
"3811","2025","Apr","Block 7",2025-04-19 03:00:00,"94BD",9.7,97
"3812","2025","Apr","Block 7",2025-04-19 03:00:00,"95A9",8.6,90
"3813","2025","Apr","Block 7",2025-04-19 03:00:00,"92B8",7.6,86
"3814","2025","Apr","Block 7",2025-04-19 03:00:00,"93D4",5.4,80
"3815","2025","Apr","Block 7",2025-04-19 03:00:00,"91D4",7.2,86
"3816","2025","Apr","Block 7",2025-04-19 03:00:00,"920A",7,85
"3817","2025","Apr","Block 7",2025-04-19 03:00:00,"984A",10,94
"3818","2025","Apr","Block 7",2025-04-19 03:00:00,"94CC",7.8,85
"3819","2025","Apr","Block 7",2025-04-19 03:00:00,"9BD6",10,95
"3820","2025","Apr","Block 7",2025-04-19 03:00:00,"9936",9.1,95
"3821","2025","Apr","Block 7",2025-04-19 06:02:00,"90A2",9.7,95
"3822","2025","Apr","Block 7",2025-04-19 06:02:00,"9962",9.5,93
"3823","2025","Apr","Block 7",2025-04-19 06:02:00,"94EC",5.9,80
"3824","2025","Apr","Block 7",2025-04-19 06:02:00,"9428",7.3,88
"3825","2025","Apr","Block 7",2025-04-19 06:02:00,"95EB",7.6,86
"3826","2025","Apr","Block 7",2025-04-19 06:02:00,"98EA",9.8,92
"3827","2025","Apr","Block 7",2025-04-19 06:02:00,"9ACB",9.1,92
"3828","2025","Apr","Block 7",2025-04-19 06:02:00,"949D",7.8,88
"3829","2025","Apr","Block 7",2025-04-19 06:02:00,"9AB8",9.6,95
"3830","2025","Apr","Block 7",2025-04-19 06:02:00,"9D7A",7,85
"3831","2025","Apr","Block 8",2025-04-30 08:58:00,"9D53",10.5,95
"3832","2025","Apr","Block 8",2025-04-30 08:58:00,"99D5",16.4,114
"3833","2025","Apr","Block 8",2025-04-30 08:58:00,"9489",7.5,86
"3834","2025","Apr","Block 8",2025-04-30 08:58:00,"9509",13.4,99
"3835","2025","Apr","Block 8",2025-04-30 08:58:00,"906A",15.3,110
"3836","2025","Apr","Block 8",2025-04-30 08:58:00,"9A9C",10.9,97
"3837","2025","Apr","Block 8",2025-04-30 08:58:00,"9289",10.3,99
"3838","2025","Apr","Block 8",2025-04-30 08:58:00,"9146",10,95
"3839","2025","Apr","Block 8",2025-04-30 08:58:00,"8DA2",16.9,109
"3840","2025","Apr","Block 8",2025-04-30 08:58:00,"90A4",6.7,85
"3841","2025","Apr","Block 8",2025-04-30 11:58:00,"94AE",11.7,100
"3842","2025","Apr","Block 8",2025-04-30 11:58:00,"9A67",14.6,105
"3843","2025","Apr","Block 8",2025-04-30 11:58:00,"8DD5",14.5,106
"3844","2025","Apr","Block 8",2025-04-30 11:58:00,"8E9A",10.6,96
"3845","2025","Apr","Block 8",2025-04-30 11:58:00,"9974",16.1,107
"3846","2025","Apr","Block 8",2025-04-30 11:58:00,"92B2",10.7,95
"3847","2025","Apr","Block 8",2025-04-30 11:58:00,"9722",13.1,103
"3848","2025","Apr","Block 8",2025-04-30 11:58:00,"9D68",9.7,97
"3849","2025","Apr","Block 8",2025-04-30 11:58:00,"9D74",10.3,97
"3850","2025","Apr","Block 8",2025-04-30 11:58:00,"96EE",11.7,99
"3851","2025","Apr","Block 8",2025-04-30 14:57:00,"9A8C",9,91
"3852","2025","Apr","Block 8",2025-04-30 14:57:00,"9A54",8.9,93
"3853","2025","Apr","Block 8",2025-04-30 14:57:00,"95B4",10.6,95
"3854","2025","Apr","Block 8",2025-04-30 14:57:00,"9A90",13.5,103
"3855","2025","Apr","Block 8",2025-04-30 14:57:00,"95A0",12.5,103
"3856","2025","Apr","Block 8",2025-04-30 14:57:00,"9299",14,106
"3857","2025","Apr","Block 8",2025-04-30 14:57:00,"8F2A",12.8,104
"3858","2025","Apr","Block 8",2025-04-30 14:57:00,"9D59",7.3,85
"3859","2025","Apr","Block 8",2025-04-30 14:57:00,"92C6",10,95
"3860","2025","Apr","Block 8",2025-04-30 14:57:00,"98D6",13.2,103
"3861","2025","Apr","Block 8",2025-04-30 17:57:00,"9892",15.4,106
"3862","2025","Apr","Block 8",2025-04-30 17:57:00,"96E2",14.2,104
"3863","2025","Apr","Block 8",2025-04-30 17:57:00,"9B12",10.4,96
"3864","2025","Apr","Block 8",2025-04-30 17:57:00,"9DD5",10.3,96
"3865","2025","Apr","Block 8",2025-04-30 17:57:00,"95CD",10.5,95
"3866","2025","Apr","Block 8",2025-04-30 17:57:00,"92B1",9.9,95
"3867","2025","Apr","Block 8",2025-04-30 17:57:00,"9464",10.8,99
"3868","2025","Apr","Block 8",2025-04-30 17:57:00,"92B3",NA,103
"3869","2025","Apr","Block 8",2025-04-30 17:57:00,"9314",12.3,103
"3870","2025","Apr","Block 8",2025-04-30 17:57:00,"9D35",14.8,105
"3871","2025","Apr","Block 8",2025-04-30 21:00:00,"995B",12.2,101
"3872","2025","Apr","Block 8",2025-04-30 21:00:00,"9052",7.4,86
"3873","2025","Apr","Block 8",2025-04-30 21:00:00,"8D50",7.1,86
"3874","2025","Apr","Block 8",2025-04-30 21:00:00,"90B2",9.1,96
"3875","2025","Apr","Block 8",2025-04-30 21:00:00,"963A",13.2,102
"3876","2025","Apr","Block 8",2025-04-30 21:00:00,"90B6",11.8,103
"3877","2025","Apr","Block 8",2025-04-30 21:00:00,"8DA8",12.1,104
"3878","2025","Apr","Block 8",2025-04-30 21:00:00,"95B0",10.3,99
"3879","2025","Apr","Block 8",2025-04-30 21:00:00,"9D50",12.6,101
"3880","2025","Apr","Block 8",2025-04-30 21:00:00,"9A16",11.2,100
"3881","2025","Apr","Block 8",2025-05-01,"95AE",12.6,103
"3882","2025","Apr","Block 8",2025-05-01,"8D2E",NA,82
"3883","2025","Apr","Block 8",2025-05-01,"8D36",13.1,104
"3884","2025","Apr","Block 8",2025-05-01,"9492",7.6,90
"3885","2025","Apr","Block 8",2025-05-01,"994B",10.2,98
"3886","2025","Apr","Block 8",2025-05-01,"94BA",9,91
"3887","2025","Apr","Block 8",2025-05-01,"9129",9.4,94
"3888","2025","Apr","Block 8",2025-05-01,"9D3A",10.2,99
"3889","2025","Apr","Block 8",2025-05-01,"99B5",8.1,89
"3890","2025","Apr","Block 8",2025-05-01,"8D6A",15.8,108
"3891","2025","Apr","Block 8",2025-05-01 03:00:00,"9519",12,102
"3892","2025","Apr","Block 8",2025-05-01 03:00:00,"8DBA",11,103
"3893","2025","Apr","Block 8",2025-05-01 03:00:00,"98D2",13.5,104
"3894","2025","Apr","Block 8",2025-05-01 03:00:00,"8D46",11.6,101
"3895","2025","Apr","Block 8",2025-05-01 03:00:00,"90DA",12.7,105
"3896","2025","Apr","Block 8",2025-05-01 03:00:00,"8ECA",12.6,100
"3897","2025","Apr","Block 8",2025-05-01 03:00:00,"8EDA",9.8,97
"3898","2025","Apr","Block 8",2025-05-01 03:00:00,"92A3",14.5,106
"3899","2025","Apr","Block 8",2025-05-01 03:00:00,"90D2",10.5,102
"3900","2025","Apr","Block 8",2025-05-01 03:00:00,"9914",9.3,91
"3901","2025","Apr","Block 8",2025-05-01 06:00:00,"9375",13.6,106
"3902","2025","Apr","Block 8",2025-05-01 06:00:00,"9DD4",12.4,102
"3903","2025","Apr","Block 8",2025-05-01 06:00:00,"946E",6.7,88
"3904","2025","Apr","Block 8",2025-05-01 06:00:00,"916D",12.8,103
"3905","2025","Apr","Block 8",2025-05-01 06:00:00,"9AB7",14.3,105
"3906","2025","Apr","Block 8",2025-05-01 06:00:00,"9234",8.6,92
"3907","2025","Apr","Block 8",2025-05-01 06:00:00,"9152",9.1,92
"3908","2025","Apr","Block 8",2025-05-01 06:00:00,"9275",10.4,99
"3909","2025","Apr","Block 8",2025-05-01 06:00:00,"9598",9.4,95
"3910","2025","Apr","Block 8",2025-05-01 06:00:00,"9AA3",10.5,98
"3911","2025","Apr","Block 8",2025-05-01 08:59:00,"9AC6",9.3,94
"3912","2025","Apr","Block 8",2025-05-01 08:59:00,"8D48",8.1,87
"3913","2025","Apr","Block 8",2025-05-01 08:59:00,"92BA",15.3,108
"3914","2025","Apr","Block 8",2025-05-01 08:59:00,"99B4",12.8,100
"3915","2025","Apr","Block 8",2025-05-01 08:59:00,"9D6E",9.8,95
"3916","2025","Apr","Block 8",2025-05-01 08:59:00,"8D2D",20.4,115
"3917","2025","Apr","Block 8",2025-05-01 08:59:00,"9A34",6.1,82
"3918","2025","Apr","Block 8",2025-05-01 08:59:00,"9D28",11.4,99
"3919","2025","Apr","Block 8",2025-05-01 08:59:00,"93EA",10,96
"3920","2025","Apr","Block 8",2025-05-01 08:59:00,"996B",9.7,92
"3921","2025","Apr","Block 8",2025-05-01 11:58:00,"9482",14.4,106
"3922","2025","Apr","Block 8",2025-05-01 11:58:00,"92A1",10.6,94
"3923","2025","Apr","Block 8",2025-05-01 11:58:00,"94BE",12.5,100
"3924","2025","Apr","Block 8",2025-05-01 11:58:00,"9291",12,101
"3925","2025","Apr","Block 8",2025-05-01 11:58:00,"9523",11.1,99
"3926","2025","Apr","Block 8",2025-05-01 11:58:00,"96B8",10.3,99
"3927","2025","Apr","Block 8",2025-05-01 11:58:00,"9BEA",15.6,108
"3928","2025","Apr","Block 8",2025-05-01 11:58:00,"94A6",9.7,90
"3929","2025","Apr","Block 8",2025-05-01 11:58:00,"92A2",16.4,110
"3930","2025","Apr","Block 8",2025-05-01 11:58:00,"94B9",15.1,110
"3931","2025","Apr","Block 8",2025-05-01 14:59:00,"951C",10.3,98
"3932","2025","Apr","Block 8",2025-05-01 14:59:00,"946B",10,95
"3933","2025","Apr","Block 8",2025-05-01 14:59:00,"94C6",9.4,91
"3934","2025","Apr","Block 8",2025-05-01 14:59:00,"9D72",9.1,94
"3935","2025","Apr","Block 8",2025-05-01 14:59:00,"9D45",11.8,100
"3936","2025","Apr","Block 8",2025-05-01 14:59:00,"9D2B",8.5,88
"3937","2025","Apr","Block 8",2025-05-01 14:59:00,"9194",7.2,85
"3938","2025","Apr","Block 8",2025-05-01 14:59:00,"9A12",13.2,102
"3939","2025","Apr","Block 8",2025-05-01 14:59:00,"9D94",6,81
"3940","2025","Apr","Block 8",2025-05-01 14:59:00,"9055",8.3,88
"3941","2025","Apr","Block 8",2025-05-01 18:00:00,"9228",12.8,101
"3942","2025","Apr","Block 8",2025-05-01 18:00:00,"96E6",10,95
"3943","2025","Apr","Block 8",2025-05-01 18:00:00,"9AB3",15.1,105
"3944","2025","Apr","Block 8",2025-05-01 18:00:00,"94B7",10.7,96
"3945","2025","Apr","Block 8",2025-05-01 18:00:00,"9156",12.8,104
"3946","2025","Apr","Block 8",2025-05-01 18:00:00,"95A8",10.7,96
"3947","2025","Apr","Block 8",2025-05-01 18:00:00,"9656",13.4,104
"3948","2025","Apr","Block 8",2025-05-01 18:00:00,"96A8",13,103
"3949","2025","Apr","Block 8",2025-05-01 18:00:00,"9547",12.3,100
"3950","2025","Apr","Block 8",2025-05-01 18:00:00,"9468",14.1,106
"3951","2025","Apr","Block 8",2025-05-01 21:00:00,"8D59",17.4,114
"3952","2025","Apr","Block 8",2025-05-01 21:00:00,"946C",12.2,102
"3953","2025","Apr","Block 8",2025-05-01 21:00:00,"949E",13,98
"3954","2025","Apr","Block 8",2025-05-01 21:00:00,"8D29",10.5,97
"3955","2025","Apr","Block 8",2025-05-01 21:00:00,"9795",15.4,109
"3956","2025","Apr","Block 8",2025-05-01 21:00:00,"9D5C",10.9,95
"3957","2025","Apr","Block 8",2025-05-01 21:00:00,"9264",12.1,100
"3958","2025","Apr","Block 8",2025-05-01 21:00:00,"94C5",11.4,101
"3959","2025","Apr","Block 8",2025-05-01 21:00:00,"9BB2",11.8,100
"3960","2025","Apr","Block 8",2025-05-01 21:00:00,"99DA",16.2,110
"3961","2025","Apr","Block 8",2025-05-01 23:56:00,"92D9",13.3,103
"3962","2025","Apr","Block 8",2025-05-01 23:56:00,"949A",11.1,100
"3963","2025","Apr","Block 8",2025-05-01 23:56:00,"9689",8.5,90
"3964","2025","Apr","Block 8",2025-05-01 23:56:00,"9094",10.2,95
"3965","2025","Apr","Block 8",2025-05-01 23:56:00,"949C",12.5,102
"3966","2025","Apr","Block 8",2025-05-01 23:56:00,"9765",16.1,108
"3967","2025","Apr","Block 8",2025-05-01 23:56:00,"96BC",11.5,100
"3968","2025","Apr","Block 8",2025-05-01 23:56:00,"926D",9.7,94
"3969","2025","Apr","Block 8",2025-05-01 23:56:00,"915B",7.4,87
"3970","2025","Apr","Block 8",2025-05-01 23:56:00,"91D5",12.9,103
"3971","2025","Apr","Block 8",2025-05-02 02:56:00,"99EA",8.5,90
"3972","2025","Apr","Block 8",2025-05-02 02:56:00,"94D0",8.7,91
"3973","2025","Apr","Block 8",2025-05-02 02:56:00,"9928",10,95
"3974","2025","Apr","Block 8",2025-05-02 02:56:00,"94F5",14.6,106
"3975","2025","Apr","Block 8",2025-05-02 02:56:00,"8EEA",10.8,98
"3976","2025","Apr","Block 8",2025-05-02 02:56:00,"9165",14.2,105
"3977","2025","Apr","Block 8",2025-05-02 02:56:00,"96A9",12.7,104
"3978","2025","Apr","Block 8",2025-05-02 02:56:00,"8D52",11.5,100
"3979","2025","Apr","Block 8",2025-05-02 02:56:00,"92DA",9.8,96
"3980","2025","Apr","Block 8",2025-05-02 02:56:00,"96EC",10.9,99
"3981","2025","Apr","Block 8",2025-05-02 05:56:00,"9894",15.5,107
"3982","2025","Apr","Block 8",2025-05-02 05:56:00,"96DE",11.4,97
"3983","2025","Apr","Block 8",2025-05-02 05:56:00,"96CB",12.3,102
"3984","2025","Apr","Block 8",2025-05-02 05:56:00,"9214",13.4,104
"3985","2025","Apr","Block 8",2025-05-02 05:56:00,"8F52",7.9,90
"3986","2025","Apr","Block 8",2025-05-02 05:56:00,"91B5",6.5,83
"3987","2025","Apr","Block 8",2025-05-02 05:56:00,"9D75",11.2,98
"3988","2025","Apr","Block 8",2025-05-02 05:56:00,"8D49",14.5,104
"3989","2025","Apr","Block 8",2025-05-02 05:56:00,"9CB4",12.1,105
"3990","2025","Apr","Block 8",2025-05-02 05:56:00,"94C8",11.1,97
"3991","2025","May","Block 8",2025-05-02 09:00:00,"94A2",12.6,101
"3992","2025","May","Block 8",2025-05-02 09:00:00,"9172",10.3,98
"3993","2025","May","Block 8",2025-05-02 09:00:00,"916B",15.4,110
"3994","2025","May","Block 8",2025-05-02 09:00:00,"9136",12.2,99
"3995","2025","May","Block 8",2025-05-02 09:00:00,"9D6D",10.9,99
"3996","2025","May","Block 8",2025-05-02 09:00:00,"9462",13,105
"3997","2025","May","Block 8",2025-05-02 09:00:00,"9472",15.5,98
"3998","2025","May","Block 8",2025-05-02 09:00:00,"92B7",12.2,100
"3999","2025","May","Block 8",2025-05-02 09:00:00,"912B",12.7,99
"4000","2025","May","Block 8",2025-05-02 09:00:00,"942B",12.8,103
"4001","2025","May","Block 8",2025-05-02 12:00:00,"90B4",12.2,99
"4002","2025","May","Block 8",2025-05-02 12:00:00,"9491",11.4,97
"4003","2025","May","Block 8",2025-05-02 12:00:00,"914A",10.3,96
"4004","2025","May","Block 8",2025-05-02 12:00:00,"9A84",12.8,104
"4005","2025","May","Block 8",2025-05-02 12:00:00,"92CC",17.3,110
"4006","2025","May","Block 8",2025-05-02 12:00:00,"9A14",11.3,101
"4007","2025","May","Block 8",2025-05-02 12:00:00,"8D8A",17.2,112
"4008","2025","May","Block 8",2025-05-02 12:00:00,"9AC5",10.8,96
"4009","2025","May","Block 8",2025-05-02 12:00:00,"9282",18.9,116
"4010","2025","May","Block 8",2025-05-02 12:00:00,"90AA",10,95
"4011","2025","May","Block 8",2025-05-02 14:58:00,"91DA",9.1,93
"4012","2025","May","Block 8",2025-05-02 14:58:00,"94D9",11.4,97
"4013","2025","May","Block 8",2025-05-02 14:58:00,"94A1",8.6,92
"4014","2025","May","Block 8",2025-05-02 14:58:00,"9528",9,93
"4015","2025","May","Block 8",2025-05-02 14:58:00,"9494",8.3,94
"4016","2025","May","Block 8",2025-05-02 14:58:00,"8D53",6.7,85
"4017","2025","May","Block 8",2025-05-02 14:58:00,"911A",10.6,96
"4018","2025","May","Block 8",2025-05-02 14:58:00,"9948",8.4,93
"4019","2025","May","Block 8",2025-05-02 14:58:00,"9CD6",12.3,102
"4020","2025","May","Block 8",2025-05-02 14:58:00,"93CA",6.9,85
"4021","2025","May","Block 8",2025-05-02 18:00:00,"9972",15.2,106
"4022","2025","May","Block 8",2025-05-02 18:00:00,"926C",13.1,103
"4023","2025","May","Block 8",2025-05-02 18:00:00,"8E56",8.9,94
"4024","2025","May","Block 8",2025-05-02 18:00:00,"942A",9.1,91
"4025","2025","May","Block 8",2025-05-02 18:00:00,"9348",10,96
"4026","2025","May","Block 8",2025-05-02 18:00:00,"993A",14.5,110
"4027","2025","May","Block 8",2025-05-02 18:00:00,"9357",12.8,101
"4028","2025","May","Block 8",2025-05-02 18:00:00,"916C",13.9,106
"4029","2025","May","Block 8",2025-05-02 18:00:00,"905A",10.9,100
"4030","2025","May","Block 8",2025-05-02 18:00:00,"9229",15.8,109
"4031","2025","May","Block 8",2025-05-02 21:00:00,"9294",9,95
"4032","2025","May","Block 8",2025-05-02 21:00:00,"99D2",13,103
"4033","2025","May","Block 8",2025-05-02 21:00:00,"9168",15.1,109
"4034","2025","May","Block 8",2025-05-02 21:00:00,"97B5",NA,109
"4035","2025","May","Block 8",2025-05-02 21:00:00,"9915",16.2,111
"4036","2025","May","Block 8",2025-05-02 21:00:00,"8ED5",NA,92
"4037","2025","May","Block 8",2025-05-02 21:00:00,"92C5",14.7,105
"4038","2025","May","Block 8",2025-05-02 21:00:00,"9946",14.1,106
"4039","2025","May","Block 8",2025-05-02 21:00:00,"93D2",13.3,103
"4040","2025","May","Block 8",2025-05-02 21:00:00,"8D57",9.6,93
"4041","2025","May","Block 8",2025-05-03,"9AD0",12.5,101
"4042","2025","May","Block 8",2025-05-03,"8D6C",13.8,107
"4043","2025","May","Block 8",2025-05-03,"9635",11.3,98
"4044","2025","May","Block 8",2025-05-03,"94A3",10.7,99
"4045","2025","May","Block 8",2025-05-03,"98A4",11.2,97
"4046","2025","May","Block 8",2025-05-03,"97B2",10.4,95
"4047","2025","May","Block 8",2025-05-03,"91A2",9.7,95
"4048","2025","May","Block 8",2025-05-03,"9950",18.3,109
"4049","2025","May","Block 8",2025-05-03,"94AC",11.5,99
"4050","2025","May","Block 8",2025-05-03,"979A",11.5,99
"4051","2025","May","Block 8",2025-05-03 03:00:00,"9153",12.1,100
"4052","2025","May","Block 8",2025-05-03 03:00:00,"9DB5",16.1,110
"4053","2025","May","Block 8",2025-05-03 03:00:00,"92B6",10.3,98
"4054","2025","May","Block 8",2025-05-03 03:00:00,"9469",13.7,104
"4055","2025","May","Block 8",2025-05-03 03:00:00,"997A",NA,105
"4056","2025","May","Block 8",2025-05-03 03:00:00,"9578",11.6,97
"4057","2025","May","Block 8",2025-05-03 03:00:00,"9A2E",14.5,109
"4058","2025","May","Block 8",2025-05-03 03:00:00,"9096",12.7,101
"4059","2025","May","Block 8",2025-05-03 03:00:00,"93A8",14,108
"4060","2025","May","Block 8",2025-05-03 03:00:00,"9D51",16,108
"4061","2025","May","Block 8",2025-05-03 06:00:00,"8D62",7.3,86
"4062","2025","May","Block 8",2025-05-03 06:00:00,"996C",6.2,80
"4063","2025","May","Block 8",2025-05-03 06:00:00,"9132",13.1,104
"4064","2025","May","Block 8",2025-05-03 06:00:00,"94DC",NA,98
"4065","2025","May","Block 8",2025-05-03 06:00:00,"9964",5.9,83
"4066","2025","May","Block 8",2025-05-03 06:00:00,"90A8",16.6,109
"4067","2025","May","Block 8",2025-05-03 06:00:00,"9646",11.6,100
"4068","2025","May","Block 8",2025-05-03 06:00:00,"8D94",10.6,103
"4069","2025","May","Block 8",2025-05-03 06:00:00,"916E",13.8,108
"4070","2025","May","Block 8",2025-05-03 06:00:00,"8F4A",14.1,106
"4071","2026","Dec","Block 1",2025-12-02 21:00:00,"BD06",11.8,102
"4072","2026","Dec","Block 1",2025-12-02 21:00:00,"C116",17.8,115
"4073","2026","Dec","Block 1",2025-12-02 21:00:00,"C25E",18.9,118
"4074","2026","Dec","Block 1",2025-12-02 21:00:00,"BF68",28.3,131
"4075","2026","Dec","Block 1",2025-12-02 21:00:00,"C510",18.4,114
"4076","2026","Dec","Block 1",2025-12-02 21:00:00,"BDBC",45.2,153
"4077","2026","Dec","Block 1",2025-12-02 21:00:00,"BEBC",56.8,160
"4078","2026","Dec","Block 1",2025-12-02 21:00:00,"C1D4",60.4,163
"4079","2026","Dec","Block 1",2025-12-02 21:00:00,"BE9E",62.2,164
"4080","2026","Dec","Block 1",2025-12-02 21:00:00,"BF26",22.8,125
"4081","2026","Dec","Block 1",2025-12-03,"C276",32.5,140
"4082","2026","Dec","Block 1",2025-12-03,"BCEE",26.3,131
"4083","2026","Dec","Block 1",2025-12-03,"BFA6",18.7,122
"4084","2026","Dec","Block 1",2025-12-03,"C412",24.3,127
"4085","2026","Dec","Block 1",2025-12-03,"C244",29.9,135
"4086","2026","Dec","Block 1",2025-12-03,"BF58",41.4,150
"4087","2026","Dec","Block 1",2025-12-03,"BF6C",11.3,99
"4088","2026","Dec","Block 1",2025-12-03,"C0CA",54.7,160
"4089","2026","Dec","Block 1",2025-12-03,"C53C",34.3,141
"4090","2026","Dec","Block 1",2025-12-03,"C0B6",15.5,113
"4091","2026","Dec","Block 1",2025-12-03 03:00:00,"C1AE",37.1,144
"4092","2026","Dec","Block 1",2025-12-03 03:00:00,"C538",48.8,161
"4093","2026","Dec","Block 1",2025-12-03 03:00:00,"BDE8",7.9,87
"4094","2026","Dec","Block 1",2025-12-03 03:00:00,"C4DC",17.4,114
"4095","2026","Dec","Block 1",2025-12-03 03:00:00,"BE82",43.1,151
"4096","2026","Dec","Block 1",2025-12-03 03:00:00,"C57C",34.7,143
"4097","2026","Dec","Block 1",2025-12-03 03:00:00,"BD7E",14.7,108
"4098","2026","Dec","Block 1",2025-12-03 03:00:00,"C3D6",17.6,109
"4099","2026","Dec","Block 1",2025-12-03 03:00:00,"C126",41,148
"4100","2026","Dec","Block 1",2025-12-03 03:00:00,"C51C",37.5,143
"4101","2026","Dec","Block 1",2025-12-03 06:00:00,"C2E2",27.9,131
"4102","2026","Dec","Block 1",2025-12-03 06:00:00,"C5C2",46.9,151
"4103","2026","Dec","Block 1",2025-12-03 06:00:00,"C424",27.5,134
"4104","2026","Dec","Block 1",2025-12-03 06:00:00,"C2C4",29.9,135
"4105","2026","Dec","Block 1",2025-12-03 06:00:00,"C53E",45.2,153
"4106","2026","Dec","Block 1",2025-12-03 06:00:00,"C590",38.4,145
"4107","2026","Dec","Block 1",2025-12-03 06:00:00,"BE6E",34.1,143
"4108","2026","Dec","Block 1",2025-12-03 06:00:00,"C268",43.9,153
"4109","2026","Dec","Block 1",2025-12-03 06:00:00,"BD1E",29.8,136
"4110","2026","Dec","Block 1",2025-12-03 06:00:00,"C282",24.2,131
"4111","2026","Dec","Block 1",2025-12-03 09:07:00,"C1AC",27.7,130
"4112","2026","Dec","Block 1",2025-12-03 09:07:00,"C4F4",35.2,142
"4113","2026","Dec","Block 1",2025-12-03 09:07:00,"BE74",26.8,130
"4114","2026","Dec","Block 1",2025-12-03 09:07:00,"C3AC",42.5,141
"4115","2026","Dec","Block 1",2025-12-03 09:07:00,"C122",34.3,133
"4116","2026","Dec","Block 1",2025-12-03 09:07:00,"C322",50.5,150
"4117","2026","Dec","Block 1",2025-12-03 09:07:00,"C288",22.7,122
"4118","2026","Dec","Block 1",2025-12-03 09:07:00,"BDF4",36,140
"4119","2026","Dec","Block 1",2025-12-03 09:07:00,"BE68",27,129
"4120","2026","Dec","Block 1",2025-12-03 09:07:00,"C29C",21.8,124
"4121","2026","Dec","Block 1",2025-12-03 12:00:00,"BDFA",37.6,142
"4122","2026","Dec","Block 1",2025-12-03 12:00:00,"BD70",66.1,170
"4123","2026","Dec","Block 1",2025-12-03 12:00:00,"C4FA",34.8,137
"4124","2026","Dec","Block 1",2025-12-03 12:00:00,"C476",45,155
"4125","2026","Dec","Block 1",2025-12-03 12:00:00,"C06A",38.5,144
"4126","2026","Dec","Block 1",2025-12-03 12:00:00,"BE36",24.3,121
"4127","2026","Dec","Block 1",2025-12-03 12:00:00,"C346",36.3,142
"4128","2026","Dec","Block 1",2025-12-03 12:00:00,"C394",42.3,148
"4129","2026","Dec","Block 1",2025-12-03 12:00:00,"BF5C",21.6,124
"4130","2026","Dec","Block 1",2025-12-03 12:00:00,"BDB0",53.9,162
"4131","2026","Dec","Block 1",2025-12-03 14:58:00,"BF50",46.3,153
"4132","2026","Dec","Block 1",2025-12-03 14:58:00,"BE4E",30.5,136
"4133","2026","Dec","Block 1",2025-12-03 14:58:00,"C598",23.9,129
"4134","2026","Dec","Block 1",2025-12-03 14:58:00,"BFAC",12.1,100
"4135","2026","Dec","Block 1",2025-12-03 14:58:00,"BD10",8.9,91
"4136","2026","Dec","Block 1",2025-12-03 14:58:00,"BD98",25.3,124
"4137","2026","Dec","Block 1",2025-12-03 14:58:00,"BF48",36.8,148
"4138","2026","Dec","Block 1",2025-12-03 14:58:00,"C29E",39,146
"4139","2026","Dec","Block 1",2025-12-03 14:58:00,"C468",18.7,117
"4140","2026","Dec","Block 1",2025-12-03 14:58:00,"C2BC",10.8,91
"4141","2026","Dec","Block 1",2025-12-03 17:58:00,"C5CE",23.8,122
"4142","2026","Dec","Block 1",2025-12-03 17:58:00,"C422",21.2,122
"4143","2026","Dec","Block 1",2025-12-03 17:58:00,"C5D8",11.2,96
"4144","2026","Dec","Block 1",2025-12-03 17:58:00,"BF5E",15.3,108
"4145","2026","Dec","Block 1",2025-12-03 17:58:00,"C4E8",18.9,114
"4146","2026","Dec","Block 1",2025-12-03 17:58:00,"BD7C",45.6,154
"4147","2026","Dec","Block 1",2025-12-03 17:58:00,"BCDC",39.3,148
"4148","2026","Dec","Block 1",2025-12-03 17:58:00,"C3A8",19.8,124
"4149","2026","Dec","Block 1",2025-12-03 17:58:00,"BDBE",16.7,109
"4150","2026","Dec","Block 1",2025-12-03 17:58:00,"C426",38.2,145
"4151","2026","Dec","Block 1",2025-12-03 21:00:00,"BE88",26.4,129
"4152","2026","Dec","Block 1",2025-12-03 21:00:00,"C4BE",17.5,112
"4153","2026","Dec","Block 1",2025-12-03 21:00:00,"C128",50.2,155
"4154","2026","Dec","Block 1",2025-12-03 21:00:00,"BE32",24.2,122
"4155","2026","Dec","Block 1",2025-12-03 21:00:00,"C59C",18.3,113
"4156","2026","Dec","Block 1",2025-12-03 21:00:00,"C374",21.4,121
"4157","2026","Dec","Block 1",2025-12-03 21:00:00,"C11A",38.6,145
"4158","2026","Dec","Block 1",2025-12-03 21:00:00,"C51E",30.3,134
"4159","2026","Dec","Block 1",2025-12-03 21:00:00,"C0DA",15.3,107
"4160","2026","Dec","Block 1",2025-12-03 21:00:00,"C5C4",29.1,130
"4161","2026","Dec","Block 1",2025-12-04,"C4BC",17.5,112
"4162","2026","Dec","Block 1",2025-12-04,"C25C",12.8,103
"4163","2026","Dec","Block 1",2025-12-04,"BDF6",13.9,104
"4164","2026","Dec","Block 1",2025-12-04,"C0A2",20.3,115
"4165","2026","Dec","Block 1",2025-12-04,"BFEA",24.5,124
"4166","2026","Dec","Block 1",2025-12-04,"C502",36.8,143
"4167","2026","Dec","Block 1",2025-12-04,"BF9A",21.5,120
"4168","2026","Dec","Block 1",2025-12-04,"C446",15.1,108
"4169","2026","Dec","Block 1",2025-12-04,"C4E2",36.5,142
"4170","2026","Dec","Block 1",2025-12-04,"BD0E",11.7,102
"4171","2026","Dec","Block 1",2025-12-04 03:00:00,"BFCA",24,127
"4172","2026","Dec","Block 1",2025-12-04 03:00:00,"C5E2",34.5,139
"4173","2026","Dec","Block 1",2025-12-04 03:00:00,"C464",11.7,99
"4174","2026","Dec","Block 1",2025-12-04 03:00:00,"C428",35.2,143
"4175","2026","Dec","Block 1",2025-12-04 03:00:00,"C192",23.2,123
"4176","2026","Dec","Block 1",2025-12-04 03:00:00,"BDC2",39.1,143
"4177","2026","Dec","Block 1",2025-12-04 03:00:00,"C474",20.3,119
"4178","2026","Dec","Block 1",2025-12-04 03:00:00,"BE0A",59.7,162
"4179","2026","Dec","Block 1",2025-12-04 03:00:00,"BE42",14.7,109
"4180","2026","Dec","Block 1",2025-12-04 03:00:00,"BEC6",25,127
"4181","2026","Dec","Block 1",2025-12-04 06:00:00,"BE28",26.4,125
"4182","2026","Dec","Block 1",2025-12-04 06:00:00,"C32E",16,109
"4183","2026","Dec","Block 1",2025-12-04 06:00:00,"BEE6",24.8,126
"4184","2026","Dec","Block 1",2025-12-04 06:00:00,"BEC8",19,120
"4185","2026","Dec","Block 1",2025-12-04 06:00:00,"C20A",15.4,109
"4186","2026","Dec","Block 1",2025-12-04 06:00:00,"BF66",37.9,142
"4187","2026","Dec","Block 1",2025-12-04 06:00:00,"C166",12.8,100
"4188","2026","Dec","Block 1",2025-12-04 06:00:00,"C214",29.6,135
"4189","2026","Dec","Block 1",2025-12-04 06:00:00,"BD60",29.8,132
"4190","2026","Dec","Block 1",2025-12-04 06:00:00,"C056",16.9,114
"4191","2026","Dec","Block 1",2025-12-04 09:05:00,"C498",15.9,106
"4192","2026","Dec","Block 1",2025-12-04 09:05:00,"BE62",16.8,111
"4193","2026","Dec","Block 1",2025-12-04 09:05:00,"C2EC",31.7,134
"4194","2026","Dec","Block 1",2025-12-04 09:05:00,"C0EA",8.5,90
"4195","2026","Dec","Block 1",2025-12-04 09:05:00,"BDCE",9.8,100
"4196","2026","Dec","Block 1",2025-12-04 09:05:00,"C436",40.7,145
"4197","2026","Dec","Block 1",2025-12-04 09:05:00,"C520",20.8,119
"4198","2026","Dec","Block 1",2025-12-04 09:05:00,"BCE8",14.9,108
"4199","2026","Dec","Block 1",2025-12-04 09:05:00,"BE2C",13.6,102
"4200","2026","Dec","Block 1",2025-12-04 09:05:00,"C176",25.6,128
"4201","2026","Dec","Block 1",2025-12-04 12:00:00,"BEF4",9,93
"4202","2026","Dec","Block 1",2025-12-04 12:00:00,"C232",19.4,115
"4203","2026","Dec","Block 1",2025-12-04 12:00:00,"C2F6",15,110
"4204","2026","Dec","Block 1",2025-12-04 12:00:00,"C4D8",39.7,144
"4205","2026","Dec","Block 1",2025-12-04 12:00:00,"BDB8",36.6,142
"4206","2026","Dec","Block 1",2025-12-04 12:00:00,"C17A",23.6,121
"4207","2026","Dec","Block 1",2025-12-04 12:00:00,"BF0A",29.1,133
"4208","2026","Dec","Block 1",2025-12-04 12:00:00,"C15E",13.8,112
"4209","2026","Dec","Block 1",2025-12-04 12:00:00,"C5DE",15.9,110
"4210","2026","Dec","Block 1",2025-12-04 12:00:00,"C2E8",10.1,92
"4211","2026","Dec","Block 1",2025-12-04 14:53:00,"C5B8",30.4,132
"4212","2026","Dec","Block 1",2025-12-04 14:53:00,"C258",26.9,127
"4213","2026","Dec","Block 1",2025-12-04 14:53:00,"C3CA",53.5,160
"4214","2026","Dec","Block 1",2025-12-04 14:53:00,"C2D0",6,82
"4215","2026","Dec","Block 1",2025-12-04 14:53:00,"BED0",25.6,130
"4216","2026","Dec","Block 1",2025-12-04 14:53:00,"C112",25.9,131
"4217","2026","Dec","Block 1",2025-12-04 14:53:00,"C250",16.5,112
"4218","2026","Dec","Block 1",2025-12-04 14:53:00,"C2DE",26.9,130
"4219","2026","Dec","Block 1",2025-12-04 14:53:00,"C196",15.6,110
"4220","2026","Dec","Block 1",2025-12-04 14:53:00,"C3EA",11,95
"4221","2026","Dec","Block 1",2025-12-04 18:00:00,"BD84",18.6,115
"4222","2026","Dec","Block 1",2025-12-04 18:00:00,"C448",27.3,131
"4223","2026","Dec","Block 1",2025-12-04 18:00:00,"BE50",53.1,157
"4224","2026","Dec","Block 1",2025-12-04 18:00:00,"C226",18.1,115
"4225","2026","Dec","Block 1",2025-12-04 18:00:00,"C2FA",17.9,114
"4226","2026","Dec","Block 1",2025-12-04 18:00:00,"BCDE",36.8,142
"4227","2026","Dec","Block 1",2025-12-04 18:00:00,"BD1C",52.8,157
"4228","2026","Dec","Block 1",2025-12-04 18:00:00,"BE8E",41.5,154
"4229","2026","Dec","Block 1",2025-12-04 18:00:00,"C150",27.9,132
"4230","2026","Dec","Block 1",2025-12-04 18:00:00,"BE8C",26,126
"4231","2026","Dec","Block 1",2025-12-04 21:00:00,"C4C2",16.2,109
"4232","2026","Dec","Block 1",2025-12-04 21:00:00,"BCE2",18.3,113
"4233","2026","Dec","Block 1",2025-12-04 21:00:00,"C3B4",17,110
"4234","2026","Dec","Block 1",2025-12-04 21:00:00,"C570",16.6,110
"4235","2026","Dec","Block 1",2025-12-04 21:00:00,"BD8E",25.4,125
"4236","2026","Dec","Block 1",2025-12-04 21:00:00,"C124",18.2,115
"4237","2026","Dec","Block 1",2025-12-04 21:00:00,"C054",24.3,127
"4238","2026","Dec","Block 1",2025-12-04 21:00:00,"C41A",13,101
"4239","2026","Dec","Block 1",2025-12-04 21:00:00,"C5BC",15,105
"4240","2026","Dec","Block 1",2025-12-04 21:00:00,"BF64",37.7,140
"4241","2026","Dec","Block 1",2025-12-05,"BEB0",43.8,144
"4242","2026","Dec","Block 1",2025-12-05,"BE26",30.3,135
"4243","2026","Dec","Block 1",2025-12-05,"C052",19.6,114
"4244","2026","Dec","Block 1",2025-12-05,"C4D0",27.5,132
"4245","2026","Dec","Block 1",2025-12-05,"C146",16.3,110
"4246","2026","Dec","Block 1",2025-12-05,"C1B4",18.1,111
"4247","2026","Dec","Block 1",2025-12-05,"C12C",20.2,117
"4248","2026","Dec","Block 1",2025-12-05,"BFA2",16.2,108
"4249","2026","Dec","Block 1",2025-12-05,"C362",37.7,140
"4250","2026","Dec","Block 1",2025-12-05,"C518",59.5,161
"4251","2026","Dec","Block 1",2025-12-05 02:56:00,"BCE4",15.8,110
"4252","2026","Dec","Block 1",2025-12-05 02:56:00,"BDE2",63.3,167
"4253","2026","Dec","Block 1",2025-12-05 02:56:00,"C324",41.8,144
"4254","2026","Dec","Block 1",2025-12-05 02:56:00,"C094",12.5,99
"4255","2026","Dec","Block 1",2025-12-05 02:56:00,"C4F2",13,104
"4256","2026","Dec","Block 1",2025-12-05 02:56:00,"C5A0",26,127
"4257","2026","Dec","Block 1",2025-12-05 02:56:00,"BDE6",28.4,130
"4258","2026","Dec","Block 1",2025-12-05 02:56:00,"C414",19.4,116
"4259","2026","Dec","Block 1",2025-12-05 02:56:00,"BF24",29.4,132
"4260","2026","Dec","Block 1",2025-12-05 02:56:00,"BE48",12.5,102
"4261","2026","Dec","Block 1",2025-12-05 05:57:00,"C0B2",19.8,115
"4262","2026","Dec","Block 1",2025-12-05 05:57:00,"C26C",16.3,109
"4263","2026","Dec","Block 1",2025-12-05 05:57:00,"BCF2",30.8,130
"4264","2026","Dec","Block 1",2025-12-05 05:57:00,"BD3C",13.4,105
"4265","2026","Dec","Block 1",2025-12-05 05:57:00,"BEE2",46.8,152
"4266","2026","Dec","Block 1",2025-12-05 05:57:00,"C02A",11.7,98
"4267","2026","Dec","Block 1",2025-12-05 05:57:00,"C26E",42.7,147
"4268","2026","Dec","Block 1",2025-12-05 05:57:00,"C2C2",29.2,131
"4269","2026","Dec","Block 1",2025-12-05 05:57:00,"C09A",27.1,128
"4270","2026","Dec","Block 1",2025-12-05 05:57:00,"C35E",37.6,140
"4271","2026","Dec","Block 1",2025-12-05 08:59:00,"C21A",15.9,110
"4272","2026","Dec","Block 1",2025-12-05 08:59:00,"C2E4",47.7,155
"4273","2026","Dec","Block 1",2025-12-05 08:59:00,"C4DE",19.8,116
"4274","2026","Dec","Block 1",2025-12-05 08:59:00,"C482",48.2,153
"4275","2026","Dec","Block 1",2025-12-05 08:59:00,"C5C8",45.8,152
"4276","2026","Dec","Block 1",2025-12-05 08:59:00,"BF94",30.3,134
"4277","2026","Dec","Block 1",2025-12-05 08:59:00,"C2D8",38.1,145
"4278","2026","Dec","Block 1",2025-12-05 08:59:00,"C376",26.9,127
"4279","2026","Dec","Block 1",2025-12-05 08:59:00,"BFAE",22.9,124
"4280","2026","Dec","Block 1",2025-12-05 08:59:00,"C42C",16.8,117
"4281","2026","Dec","Block 1",2025-12-05 11:59:00,"C58C",25.4,126
"4282","2026","Dec","Block 1",2025-12-05 11:59:00,"BF12",26.4,129
"4283","2026","Dec","Block 1",2025-12-05 11:59:00,"C4C8",61.3,162
"4284","2026","Dec","Block 1",2025-12-05 11:59:00,"BF36",21.9,120
"4285","2026","Dec","Block 1",2025-12-05 11:59:00,"BFB2",15.7,110
"4286","2026","Dec","Block 1",2025-12-05 11:59:00,"C328",29.1,129
"4287","2026","Dec","Block 1",2025-12-05 11:59:00,"C45C",15.6,103
"4288","2026","Dec","Block 1",2025-12-05 11:59:00,"C168",36.5,141
"4289","2026","Dec","Block 1",2025-12-05 11:59:00,"C4C4",20.3,118
"4290","2026","Dec","Block 1",2025-12-05 11:59:00,"BE24",18.9,116
"4291","2026","Dec","Block 1",2025-12-05 14:58:00,"C236",17.3,115
"4292","2026","Dec","Block 1",2025-12-05 14:58:00,"C0A4",18.1,116
"4293","2026","Dec","Block 1",2025-12-05 14:58:00,"C12E",35.6,143
"4294","2026","Dec","Block 1",2025-12-05 14:58:00,"C04A",29.8,130
"4295","2026","Dec","Block 1",2025-12-05 14:58:00,"C506",39.6,144
"4296","2026","Dec","Block 1",2025-12-05 14:58:00,"BFB4",29.6,135
"4297","2026","Dec","Block 1",2025-12-05 14:58:00,"C266",67.4,170
"4298","2026","Dec","Block 1",2025-12-05 14:58:00,"C44C",39.8,142
"4299","2026","Dec","Block 1",2025-12-05 14:58:00,"C4F6",29.1,126
"4300","2026","Dec","Block 1",2025-12-05 14:58:00,"BE58",31.5,132
"4301","2026","Dec","Block 1",2025-12-05 17:59:00,"BCD8",24.8,126
"4302","2026","Dec","Block 1",2025-12-05 17:59:00,"C096",13.8,104
"4303","2026","Dec","Block 1",2025-12-05 17:59:00,"C396",32.5,138
"4304","2026","Dec","Block 1",2025-12-05 17:59:00,"BCF6",40.9,148
"4305","2026","Dec","Block 1",2025-12-05 17:59:00,"BEA0",24.7,125
"4306","2026","Dec","Block 1",2025-12-05 17:59:00,"C344",69.3,172
"4307","2026","Dec","Block 1",2025-12-05 17:59:00,"BE5C",36.1,141
"4308","2026","Dec","Block 1",2025-12-05 17:59:00,"C144",23.1,122
"4309","2026","Dec","Block 1",2025-12-05 17:59:00,"BFBA",29.4,132
"4310","2026","Dec","Block 1",2025-12-05 17:59:00,"BD88",27.1,130
"4311","2026","Dec","Block 2",2025-12-09 21:06:00,"BFD6",58.1,164
"4312","2026","Dec","Block 2",2025-12-09 21:06:00,"C336",55,156
"4313","2026","Dec","Block 2",2025-12-09 21:06:00,"C1D6",25.6,124
"4314","2026","Dec","Block 2",2025-12-09 21:06:00,"C298",33.5,136
"4315","2026","Dec","Block 2",2025-12-09 21:06:00,"BED8",33.9,139
"4316","2026","Dec","Block 2",2025-12-09 21:06:00,"BEFA",39.6,142
"4317","2026","Dec","Block 2",2025-12-09 21:06:00,"C30A",57.2,158
"4318","2026","Dec","Block 2",2025-12-09 21:06:00,"C5B0",30,135
"4319","2026","Dec","Block 2",2025-12-09 21:06:00,"BE6C",21.9,121
"4320","2026","Dec","Block 2",2025-12-09 21:06:00,"BD08",44,154
"4321","2026","Dec","Block 2",2025-12-10 00:05:00,"BF44",32.9,135
"4322","2026","Dec","Block 2",2025-12-10 00:05:00,"C136",29.9,134
"4323","2026","Dec","Block 2",2025-12-10 00:05:00,"BF32",19.6,117
"4324","2026","Dec","Block 2",2025-12-10 00:05:00,"BEBE",16.5,111
"4325","2026","Dec","Block 2",2025-12-10 00:05:00,"BF2E",19.8,118
"4326","2026","Dec","Block 2",2025-12-10 00:05:00,"C284",41.6,145
"4327","2026","Dec","Block 2",2025-12-10 00:05:00,"BF28",18.7,114
"4328","2026","Dec","Block 2",2025-12-10 00:05:00,"C132",45.9,152
"4329","2026","Dec","Block 2",2025-12-10 00:05:00,"BF72",36.6,144
"4330","2026","Dec","Block 2",2025-12-10 00:05:00,"C38A",26.7,129
"4331","2026","Dec","Block 2",2025-12-10 02:59:00,"BFD2",14,105
"4332","2026","Dec","Block 2",2025-12-10 02:59:00,"C1EA",25.8,127
"4333","2026","Dec","Block 2",2025-12-10 02:59:00,"C2F4",11,102
"4334","2026","Dec","Block 2",2025-12-10 02:59:00,"C578",56.6,166
"4335","2026","Dec","Block 2",2025-12-10 02:59:00,"BF96",31.5,135
"4336","2026","Dec","Block 2",2025-12-10 02:59:00,"C4A0",58.2,157
"4337","2026","Dec","Block 2",2025-12-10 02:59:00,"C584",31.7,133
"4338","2026","Dec","Block 2",2025-12-10 02:59:00,"C48E",15.4,108
"4339","2026","Dec","Block 2",2025-12-10 02:59:00,"C36E",14.3,107
"4340","2026","Dec","Block 2",2025-12-10 02:59:00,"BE98",37.7,141
"4341","2026","Dec","Block 2",2025-12-10 06:01:00,"C3A6",22.9,131
"4342","2026","Dec","Block 2",2025-12-10 06:01:00,"C2B0",39.1,144
"4343","2026","Dec","Block 2",2025-12-10 06:01:00,"BD40",62.5,168
"4344","2026","Dec","Block 2",2025-12-10 06:01:00,"BE72",33.2,134
"4345","2026","Dec","Block 2",2025-12-10 06:01:00,"C1CA",19.6,115
"4346","2026","Dec","Block 2",2025-12-10 06:01:00,"C1A8",9,89
"4347","2026","Dec","Block 2",2025-12-10 06:01:00,"C5E4",20.9,119
"4348","2026","Dec","Block 2",2025-12-10 06:01:00,"BE64",41.5,148
"4349","2026","Dec","Block 2",2025-12-10 06:01:00,"BDDC",31.7,136
"4350","2026","Dec","Block 2",2025-12-10 06:01:00,"C212",34.6,136
"4351","2026","Dec","Block 2",2025-12-10 08:57:00,"C326",15.8,111
"4352","2026","Dec","Block 2",2025-12-10 08:57:00,"C228",50,155
"4353","2026","Dec","Block 2",2025-12-10 08:57:00,"C4E4",11.2,102
"4354","2026","Dec","Block 2",2025-12-10 08:57:00,"C57E",34.5,140
"4355","2026","Dec","Block 2",2025-12-10 08:57:00,"C432",13.1,104
"4356","2026","Dec","Block 2",2025-12-10 08:57:00,"C4E6",31.5,132
"4357","2026","Dec","Block 2",2025-12-10 08:57:00,"C314",32.5,141
"4358","2026","Dec","Block 2",2025-12-10 08:57:00,"BE14",46.6,153
"4359","2026","Dec","Block 2",2025-12-10 08:57:00,"BF6E",23.6,123
"4360","2026","Dec","Block 2",2025-12-10 08:57:00,"BE86",36.5,140
"4361","2026","Dec","Block 2",2025-12-10 11:56:00,"C1B6",21.1,129
"4362","2026","Dec","Block 2",2025-12-10 11:56:00,"C2C8",26.9,126
"4363","2026","Dec","Block 2",2025-12-10 11:56:00,"C0AC",14.1,107
"4364","2026","Dec","Block 2",2025-12-10 11:56:00,"C312",18.3,114
"4365","2026","Dec","Block 2",2025-12-10 11:56:00,"BD82",20.5,117
"4366","2026","Dec","Block 2",2025-12-10 11:56:00,"BF4E",15.4,106
"4367","2026","Dec","Block 2",2025-12-10 11:56:00,"BEF6",29.1,131
"4368","2026","Dec","Block 2",2025-12-10 11:56:00,"C0D6",59.1,163
"4369","2026","Dec","Block 2",2025-12-10 11:56:00,"BEE4",35.7,140
"4370","2026","Dec","Block 2",2025-12-10 11:56:00,"C40A",37.4,144
"4371","2026","Dec","Block 2",2025-12-10 15:55:00,"C22E",20.2,115
"4372","2026","Dec","Block 2",2025-12-10 15:55:00,"C5BE",16.1,109
"4373","2026","Dec","Block 2",2025-12-10 15:55:00,"C1D2",36.9,143
"4374","2026","Dec","Block 2",2025-12-10 15:55:00,"C342",10.9,99
"4375","2026","Dec","Block 2",2025-12-10 15:55:00,"C586",36.4,144
"4376","2026","Dec","Block 2",2025-12-10 15:55:00,"C46E",24.9,128
"4377","2026","Dec","Block 2",2025-12-10 15:55:00,"C1A6",65.3,169
"4378","2026","Dec","Block 2",2025-12-10 15:55:00,"BFDA",56.5,168
"4379","2026","Dec","Block 2",2025-12-10 15:55:00,"BEEC",30.6,135
"4380","2026","Dec","Block 2",2025-12-10 15:55:00,"C4CC",13.8,103
"4381","2026","Dec","Block 2",2025-12-10 17:56:00,"C242",39.9,145
"4382","2026","Dec","Block 2",2025-12-10 17:56:00,"C35C",58.1,160
"4383","2026","Dec","Block 2",2025-12-10 17:56:00,"BE46",31.1,135
"4384","2026","Dec","Block 2",2025-12-10 17:56:00,"BE90",19.6,117
"4385","2026","Dec","Block 2",2025-12-10 17:56:00,"BE3A",65.5,170
"4386","2026","Dec","Block 2",2025-12-10 17:56:00,"C162",65.8,169
"4387","2026","Dec","Block 2",2025-12-10 17:56:00,"C4C6",14.2,105
"4388","2026","Dec","Block 2",2025-12-10 17:56:00,"BE5E",27,131
"4389","2026","Dec","Block 2",2025-12-10 17:56:00,"C3A4",47,152
"4390","2026","Dec","Block 2",2025-12-10 17:56:00,"C23A",20,126
"4391","2026","Dec","Block 2",2025-12-10 21:01:00,"BD3E",55.1,164
"4392","2026","Dec","Block 2",2025-12-10 21:01:00,"BF46",29.9,131
"4393","2026","Dec","Block 2",2025-12-10 21:01:00,"C50E",44.1,150
"4394","2026","Dec","Block 2",2025-12-10 21:01:00,"C3A2",41.7,149
"4395","2026","Dec","Block 2",2025-12-10 21:01:00,"C0D4",23.7,124
"4396","2026","Dec","Block 2",2025-12-10 21:01:00,"C484",30.6,138
"4397","2026","Dec","Block 2",2025-12-10 21:01:00,"C450",21.2,120
"4398","2026","Dec","Block 2",2025-12-10 21:01:00,"C272",32.9,135
"4399","2026","Dec","Block 2",2025-12-10 21:01:00,"BDCC",60.9,163
"4400","2026","Dec","Block 2",2025-12-10 21:01:00,"C24C",29.7,145
"4401","2026","Dec","Block 2",2025-12-11,"BCFA",25.1,126
"4402","2026","Dec","Block 2",2025-12-11,"BD20",58,161
"4403","2026","Dec","Block 2",2025-12-11,"BE44",40.9,146
"4404","2026","Dec","Block 2",2025-12-11,"C19A",26.6,128
"4405","2026","Dec","Block 2",2025-12-11,"C36C",31,134
"4406","2026","Dec","Block 2",2025-12-11,"C34E",25.8,124
"4407","2026","Dec","Block 2",2025-12-11,"C164",62.5,164
"4408","2026","Dec","Block 2",2025-12-11,"BECC",11.3,96
"4409","2026","Dec","Block 2",2025-12-11,"C246",14.1,106
"4410","2026","Dec","Block 2",2025-12-11,"BDC8",34.9,144
"4411","2026","Dec","Block 2",2025-12-11 02:58:00,"BE9C",31,136
"4412","2026","Dec","Block 2",2025-12-11 02:58:00,"BFA4",47.8,155
"4413","2026","Dec","Block 2",2025-12-11 02:58:00,"C27A",20.7,120
"4414","2026","Dec","Block 2",2025-12-11 02:58:00,"C5DC",24.8,125
"4415","2026","Dec","Block 2",2025-12-11 02:58:00,"C48C",42,148
"4416","2026","Dec","Block 2",2025-12-11 02:58:00,"BF76",29.6,135
"4417","2026","Dec","Block 2",2025-12-11 02:58:00,"C262",28,134
"4418","2026","Dec","Block 2",2025-12-11 02:58:00,"C1A4",14.4,103
"4419","2026","Dec","Block 2",2025-12-11 02:58:00,"C274",24.1,127
"4420","2026","Dec","Block 2",2025-12-11 02:58:00,"C14C",50.4,157
"4421","2026","Dec","Block 2",2025-12-11 06:00:00,"BF92",35.9,138
"4422","2026","Dec","Block 2",2025-12-11 06:00:00,"C3AE",41.1,145
"4423","2026","Dec","Block 2",2025-12-11 06:00:00,"C28C",19.2,114
"4424","2026","Dec","Block 2",2025-12-11 06:00:00,"C31A",19.9,115
"4425","2026","Dec","Block 2",2025-12-11 06:00:00,"C462",18.2,112
"4426","2026","Dec","Block 2",2025-12-11 06:00:00,"BE66",51,159
"4427","2026","Dec","Block 2",2025-12-11 06:00:00,"BDEE",24.1,122
"4428","2026","Dec","Block 2",2025-12-11 06:00:00,"C54E",11,96
"4429","2026","Dec","Block 2",2025-12-11 06:00:00,"BEE8",27.4,130
"4430","2026","Dec","Block 2",2025-12-11 06:00:00,"C508",42.9,149
"4431","2026","Dec","Block 2",2025-12-11 09:00:00,"C486",68.8,169
"4432","2026","Dec","Block 2",2025-12-11 09:00:00,"C1B2",48.5,158
"4433","2026","Dec","Block 2",2025-12-11 09:00:00,"BF3A",28.9,132
"4434","2026","Dec","Block 2",2025-12-11 09:00:00,"C32C",28.2,129
"4435","2026","Dec","Block 2",2025-12-11 09:00:00,"C05A",30.1,135
"4436","2026","Dec","Block 2",2025-12-11 09:00:00,"C42E",38.2,144
"4437","2026","Dec","Block 2",2025-12-11 09:00:00,"C1A2",53.5,162
"4438","2026","Dec","Block 2",2025-12-11 09:00:00,"BD30",38.6,145
"4439","2026","Dec","Block 2",2025-12-11 09:00:00,"BF4C",39.9,146
"4440","2026","Dec","Block 2",2025-12-11 09:00:00,"C350",25.5,124
"4441","2026","Dec","Block 2",2025-12-11 11:58:00,"C4CE",70.3,170
"4442","2026","Dec","Block 2",2025-12-11 11:58:00,"BD8C",46.5,147
"4443","2026","Dec","Block 2",2025-12-11 11:58:00,"BF22",35.9,141
"4444","2026","Dec","Block 2",2025-12-11 11:58:00,"C5CC",44.5,156
"4445","2026","Dec","Block 2",2025-12-11 11:58:00,"C458",25,125
"4446","2026","Dec","Block 2",2025-12-11 11:58:00,"C2B8",56.9,161
"4447","2026","Dec","Block 2",2025-12-11 11:58:00,"C290",27,130
"4448","2026","Dec","Block 2",2025-12-11 11:58:00,"C33A",23.6,122
"4449","2026","Dec","Block 2",2025-12-11 11:58:00,"C248",21.8,121
"4450","2026","Dec","Block 2",2025-12-11 11:58:00,"C2A0",42.8,149
"4451","2026","Dec","Block 2",2025-12-11 15:00:00,"C530",50.1,160
"4452","2026","Dec","Block 2",2025-12-11 15:00:00,"C172",29.4,135
"4453","2026","Dec","Block 2",2025-12-11 15:00:00,"C444",30.8,136
"4454","2026","Dec","Block 2",2025-12-11 15:00:00,"C504",38.8,143
"4455","2026","Dec","Block 2",2025-12-11 15:00:00,"C366",44.6,150
"4456","2026","Dec","Block 2",2025-12-11 15:00:00,"C488",20.6,121
"4457","2026","Dec","Block 2",2025-12-11 15:00:00,"BFD4",39.9,149
"4458","2026","Dec","Block 2",2025-12-11 15:00:00,"C3D4",16.4,110
"4459","2026","Dec","Block 2",2025-12-11 15:00:00,"BEEE",22.5,130
"4460","2026","Dec","Block 2",2025-12-11 15:00:00,"BD9E",22.7,125
"4461","2026","Dec","Block 2",2025-12-11 18:00:00,"C5C6",44.9,147
"4462","2026","Dec","Block 2",2025-12-11 18:00:00,"BEB8",45.9,155
"4463","2026","Dec","Block 2",2025-12-11 18:00:00,"BEDC",6.2,85
"4464","2026","Dec","Block 2",2025-12-11 18:00:00,"C416",31.2,134
"4465","2026","Dec","Block 2",2025-12-11 18:00:00,"BD0C",22.2,121
"4466","2026","Dec","Block 2",2025-12-11 18:00:00,"C0A8",30,133
"4467","2026","Dec","Block 2",2025-12-11 18:00:00,"C442",16.6,114
"4468","2026","Dec","Block 2",2025-12-11 18:00:00,"BD38",23.3,122
"4469","2026","Dec","Block 2",2025-12-11 18:00:00,"C134",34.1,143
"4470","2026","Dec","Block 2",2025-12-11 18:00:00,"C224",30.2,139
"4471","2026","Dec","Block 2",2025-12-11 21:03:00,"C0D2",13.3,104
"4472","2026","Dec","Block 2",2025-12-11 21:03:00,"C434",13,99
"4473","2026","Dec","Block 2",2025-12-11 21:03:00,"BE16",14.8,106
"4474","2026","Dec","Block 2",2025-12-11 21:03:00,"C092",41.1,144
"4475","2026","Dec","Block 2",2025-12-11 21:03:00,"BFB6",47.5,164
"4476","2026","Dec","Block 2",2025-12-11 21:03:00,"BF8A",30.4,133
"4477","2026","Dec","Block 2",2025-12-11 21:03:00,"BE84",28.3,130
"4478","2026","Dec","Block 2",2025-12-11 21:03:00,"BF16",23.5,125
"4479","2026","Dec","Block 2",2025-12-11 21:03:00,"BE22",15.8,108
"4480","2026","Dec","Block 2",2025-12-11 21:03:00,"C3BA",45,148
"4481","2026","Dec","Block 2",2025-12-12,"C490",44.7,145
"4482","2026","Dec","Block 2",2025-12-12,"C222",14.6,107
"4483","2026","Dec","Block 2",2025-12-12,"BEC4",22.7,118
"4484","2026","Dec","Block 2",2025-12-12,"C5D0",23.7,122
"4485","2026","Dec","Block 2",2025-12-12,"C49C",29.7,134
"4486","2026","Dec","Block 2",2025-12-12,"C2BE",12,98
"4487","2026","Dec","Block 2",2025-12-12,"C560",26.4,129
"4488","2026","Dec","Block 2",2025-12-12,"C1BA",21.6,120
"4489","2026","Dec","Block 2",2025-12-12,"C2CC",52.8,165
"4490","2026","Dec","Block 2",2025-12-12,"BDE4",13.1,95
"4491","2026","Dec","Block 2",2025-12-12 02:59:00,"C2EE",33,147
"4492","2026","Dec","Block 2",2025-12-12 02:59:00,"C364",21.3,120
"4493","2026","Dec","Block 2",2025-12-12 02:59:00,"C22C",28,130
"4494","2026","Dec","Block 2",2025-12-12 02:59:00,"BF34",28.8,137
"4495","2026","Dec","Block 2",2025-12-12 02:59:00,"C1DA",35.7,133
"4496","2026","Dec","Block 2",2025-12-12 02:59:00,"C28E",22.8,125
"4497","2026","Dec","Block 2",2025-12-12 02:59:00,"C0B4",26.5,130
"4498","2026","Dec","Block 2",2025-12-12 02:59:00,"BDC6",22.6,128
"4499","2026","Dec","Block 2",2025-12-12 02:59:00,"C34C",23.3,123
"4500","2026","Dec","Block 2",2025-12-12 02:59:00,"BCF4",23.1,124
"4501","2026","Dec","Block 2",2025-12-12 06:02:00,"BECE",18.1,111
"4502","2026","Dec","Block 2",2025-12-12 06:02:00,"C13A",15.1,112
"4503","2026","Dec","Block 2",2025-12-12 06:02:00,"C24E",35.3,139
"4504","2026","Dec","Block 2",2025-12-12 06:02:00,"C582",17,110
"4505","2026","Dec","Block 2",2025-12-12 06:02:00,"BF7A",21.7,118
"4506","2026","Dec","Block 2",2025-12-12 06:02:00,"BD90",65.5,165
"4507","2026","Dec","Block 2",2025-12-12 06:02:00,"BF2C",29.3,131
"4508","2026","Dec","Block 2",2025-12-12 06:02:00,"C216",69.7,171
"4509","2026","Dec","Block 2",2025-12-12 06:02:00,"BF62",26.7,130
"4510","2026","Dec","Block 2",2025-12-12 06:02:00,"C47A",26.3,133
"4511","2026","Dec","Block 2",2025-12-12 08:56:00,"C46C",8.6,100
"4512","2026","Dec","Block 2",2025-12-12 08:56:00,"BDD0",21.6,122
"4513","2026","Dec","Block 2",2025-12-12 08:56:00,"C368",13.9,101
"4514","2026","Dec","Block 2",2025-12-12 08:56:00,"C3DA",26.2,135
"4515","2026","Dec","Block 2",2025-12-12 08:56:00,"C43A",36.7,139
"4516","2026","Dec","Block 2",2025-12-12 08:56:00,"C2F2",31.8,135
"4517","2026","Dec","Block 2",2025-12-12 08:56:00,"C348",59.8,164
"4518","2026","Dec","Block 2",2025-12-12 08:56:00,"BE34",31.2,136
"4519","2026","Dec","Block 2",2025-12-12 08:56:00,"C316",38.7,147
"4520","2026","Dec","Block 2",2025-12-12 08:56:00,"C4EE",25.9,128
"4521","2026","Dec","Block 2",2025-12-12 11:57:00,"C0AE",13.3,105
"4522","2026","Dec","Block 2",2025-12-12 11:57:00,"BEC2",33.6,138
"4523","2026","Dec","Block 2",2025-12-12 11:57:00,"BD18",15.1,107
"4524","2026","Dec","Block 2",2025-12-12 11:57:00,"C372",19,116
"4525","2026","Dec","Block 2",2025-12-12 11:57:00,"C4EC",49.1,156
"4526","2026","Dec","Block 2",2025-12-12 11:57:00,"C2C6",16.9,109
"4527","2026","Dec","Block 2",2025-12-12 11:57:00,"C234",37.7,149
"4528","2026","Dec","Block 2",2025-12-12 11:57:00,"C3D2",33.8,137
"4529","2026","Dec","Block 2",2025-12-12 11:57:00,"BD04",20.8,115
"4530","2026","Dec","Block 2",2025-12-12 11:57:00,"C2CE",20.6,120
"4531","2026","Dec","Block 2",2025-12-12 14:56:00,"C44E",20.6,120
"4532","2026","Dec","Block 2",2025-12-12 14:56:00,"C158",45.6,153
"4533","2026","Dec","Block 2",2025-12-12 14:56:00,"C50C",29.8,134
"4534","2026","Dec","Block 2",2025-12-12 14:56:00,"C0BA",20.6,121
"4535","2026","Dec","Block 2",2025-12-12 14:56:00,"C08A",29.1,130
"4536","2026","Dec","Block 2",2025-12-12 14:56:00,"BEF2",27,128
"4537","2026","Dec","Block 2",2025-12-12 14:56:00,"C58E",36.6,147
"4538","2026","Dec","Block 2",2025-12-12 14:56:00,"C264",13.9,103
"4539","2026","Dec","Block 2",2025-12-12 14:56:00,"C14E",17.5,113
"4540","2026","Dec","Block 2",2025-12-12 14:56:00,"BD02",60.6,167
"4541","2026","Dec","Block 2",2025-12-12 17:56:00,"C194",36.6,137
"4542","2026","Dec","Block 2",2025-12-12 17:56:00,"C37A",41.6,147
"4543","2026","Dec","Block 2",2025-12-12 17:56:00,"C358",26.9,127
"4544","2026","Dec","Block 2",2025-12-12 17:56:00,"C39A",23.2,124
"4545","2026","Dec","Block 2",2025-12-12 17:56:00,"C16E",32.6,135
"4546","2026","Dec","Block 2",2025-12-12 17:56:00,"BDF2",36.6,139
"4547","2026","Dec","Block 2",2025-12-12 17:56:00,"BF42",21.2,122
"4548","2026","Dec","Block 2",2025-12-12 17:56:00,"C4B8",72.4,174
"4549","2026","Dec","Block 2",2025-12-12 17:56:00,"BE2E",16.2,108
"4550","2026","Dec","Block 2",2025-12-12 17:56:00,"C174",20.8,116
"4551","2026","Jan","Block 3",2026-01-06 21:00:00,"CC28",52.5,164
"4552","2026","Jan","Block 3",2026-01-06 21:00:00,"CE64",43.8,152
"4553","2026","Jan","Block 3",2026-01-06 21:00:00,"CE88",25.9,128
"4554","2026","Jan","Block 3",2026-01-06 21:00:00,"C842",31.7,135
"4555","2026","Jan","Block 3",2026-01-06 21:00:00,"C868",45.4,153
"4556","2026","Jan","Block 3",2026-01-06 21:00:00,"CA3E",15.6,103
"4557","2026","Jan","Block 3",2026-01-06 21:00:00,"C63A",15.8,120
"4558","2026","Jan","Block 3",2026-01-06 21:00:00,"CE62",68.8,174
"4559","2026","Jan","Block 3",2026-01-06 21:00:00,"CA10",44.1,148
"4560","2026","Jan","Block 3",2026-01-06 21:00:00,"CF44",36.3,144
"4561","2026","Jan","Block 3",2026-01-06,"CF2E",28.7,130
"4562","2026","Jan","Block 3",2026-01-06,"C812",57.5,168
"4563","2026","Jan","Block 3",2026-01-06,"CEE2",54.5,164
"4564","2026","Jan","Block 3",2026-01-06,"C824",35.1,139
"4565","2026","Jan","Block 3",2026-01-06,"CBE6",52.6,158
"4566","2026","Jan","Block 3",2026-01-06,"C68C",49,150
"4567","2026","Jan","Block 3",2026-01-06,"C5FA",49.9,157
"4568","2026","Jan","Block 3",2026-01-06,"CB88",46.1,150
"4569","2026","Jan","Block 3",2026-01-06,"C8F6",18.1,113
"4570","2026","Jan","Block 3",2026-01-06,"C828",17.7,114
"4571","2026","Jan","Block 3",2026-01-07 03:00:00,"CE28",24,125
"4572","2026","Jan","Block 3",2026-01-07 03:00:00,"CEEE",37.9,143
"4573","2026","Jan","Block 3",2026-01-07 03:00:00,"CA04",34.3,140
"4574","2026","Jan","Block 3",2026-01-07 03:00:00,"CC82",29.8,135
"4575","2026","Jan","Block 3",2026-01-07 03:00:00,"CA40",22.1,121
"4576","2026","Jan","Block 3",2026-01-07 03:00:00,"CCFA",11.7,99
"4577","2026","Jan","Block 3",2026-01-07 03:00:00,"C8CC",52.8,166
"4578","2026","Jan","Block 3",2026-01-07 03:00:00,"CBDE",10.3,98
"4579","2026","Jan","Block 3",2026-01-07 03:00:00,"CC6C",44.1,147
"4580","2026","Jan","Block 3",2026-01-07 03:00:00,"CA18",40.5,149
"4581","2026","Jan","Block 3",2026-01-07 06:00:00,"C6E8",35.2,141
"4582","2026","Jan","Block 3",2026-01-07 06:00:00,"C6C2",27,130
"4583","2026","Jan","Block 3",2026-01-07 06:00:00,"CC8E",75.4,177
"4584","2026","Jan","Block 3",2026-01-07 06:00:00,"CD82",44.4,149
"4585","2026","Jan","Block 3",2026-01-07 06:00:00,"CD1E",46.3,151
"4586","2026","Jan","Block 3",2026-01-07 06:00:00,"C91C",64,169
"4587","2026","Jan","Block 3",2026-01-07 06:00:00,"CF16",11.6,100
"4588","2026","Jan","Block 3",2026-01-07 06:00:00,"CC5E",18.3,115
"4589","2026","Jan","Block 3",2026-01-07 06:00:00,"CCD0",15.8,110
"4590","2026","Jan","Block 3",2026-01-07 06:00:00,"C844",42.6,150
"4591","2026","Jan","Block 3",2026-01-07 09:00:00,"CB20",22.7,120
"4592","2026","Jan","Block 3",2026-01-07 09:00:00,"C6B8",34.4,140
"4593","2026","Jan","Block 3",2026-01-07 09:00:00,"CE2E",58.4,165
"4594","2026","Jan","Block 3",2026-01-07 09:00:00,"CD8C",29.8,135
"4595","2026","Jan","Block 3",2026-01-07 09:00:00,"C7D6",73.6,172
"4596","2026","Jan","Block 3",2026-01-07 09:00:00,"C906",61,166
"4597","2026","Jan","Block 3",2026-01-07 09:00:00,"CE84",43.9,147
"4598","2026","Jan","Block 3",2026-01-07 09:00:00,"CB38",37.6,145
"4599","2026","Jan","Block 3",2026-01-07 09:00:00,"C614",20.7,123
"4600","2026","Jan","Block 3",2026-01-07 09:00:00,"CA30",41.7,152
"4601","2026","Jan","Block 3",2026-01-07 12:00:00,"C834",22.8,126
"4602","2026","Jan","Block 3",2026-01-07 12:00:00,"C746",62,167
"4603","2026","Jan","Block 3",2026-01-07 12:00:00,"CBE2",27,131
"4604","2026","Jan","Block 3",2026-01-07 12:00:00,"C698",46.5,156
"4605","2026","Jan","Block 3",2026-01-07 12:00:00,"C6C6",14.4,109
"4606","2026","Jan","Block 3",2026-01-07 12:00:00,"CE74",25.4,127
"4607","2026","Jan","Block 3",2026-01-07 12:00:00,"C6A0",49.9,155
"4608","2026","Jan","Block 3",2026-01-07 12:00:00,"CC34",23.8,127
"4609","2026","Jan","Block 3",2026-01-07 12:00:00,"CC6E",23.6,122
"4610","2026","Jan","Block 3",2026-01-07 12:00:00,"C882",32.6,137
"4611","2026","Jan","Block 3",2026-01-07 14:56:00,"CE36",48,150
"4612","2026","Jan","Block 3",2026-01-07 14:56:00,"CEE6",33.6,147
"4613","2026","Jan","Block 3",2026-01-07 14:56:00,"C9A0",21.1,120
"4614","2026","Jan","Block 3",2026-01-07 14:56:00,"CC12",25.6,127
"4615","2026","Jan","Block 3",2026-01-07 14:56:00,"CE90",42.2,150
"4616","2026","Jan","Block 3",2026-01-07 14:56:00,"CD04",38.3,143
"4617","2026","Jan","Block 3",2026-01-07 14:56:00,"C8D0",50.4,163
"4618","2026","Jan","Block 3",2026-01-07 14:56:00,"C7DA",25.1,124
"4619","2026","Jan","Block 3",2026-01-07 14:56:00,"C792",28.3,133
"4620","2026","Jan","Block 3",2026-01-07 14:56:00,"CEE4",30.1,138
"4621","2026","Jan","Block 3",2026-01-07 17:57:00,"CDC2",48.5,165
"4622","2026","Jan","Block 3",2026-01-07 17:57:00,"CCC8",20.4,121
"4623","2026","Jan","Block 3",2026-01-07 17:57:00,"C986",40.4,148
"4624","2026","Jan","Block 3",2026-01-07 17:57:00,"C9F6",19.9,132
"4625","2026","Jan","Block 3",2026-01-07 17:57:00,"CDFA",34.8,141
"4626","2026","Jan","Block 3",2026-01-07 17:57:00,"CCE6",14.6,106
"4627","2026","Jan","Block 3",2026-01-07 17:57:00,"C9F2",43.6,151
"4628","2026","Jan","Block 3",2026-01-07 17:57:00,"CDC4",16.3,117
"4629","2026","Jan","Block 3",2026-01-07 17:57:00,"C6EC",29.6,134
"4630","2026","Jan","Block 3",2026-01-07 17:57:00,"CC50",44.1,150
"4631","2026","Jan","Block 3",2026-01-07 20:58:00,"CF2C",35.6,137
"4632","2026","Jan","Block 3",2026-01-07 20:58:00,"CCF2",52.3,154
"4633","2026","Jan","Block 3",2026-01-07 20:58:00,"C624",73,173
"4634","2026","Jan","Block 3",2026-01-07 20:58:00,"CD8E",37,141
"4635","2026","Jan","Block 3",2026-01-07 20:58:00,"C6CE",17.2,110
"4636","2026","Jan","Block 3",2026-01-07 20:58:00,"CA38",45.4,152
"4637","2026","Jan","Block 3",2026-01-07 20:58:00,"C5F6",65.7,172
"4638","2026","Jan","Block 3",2026-01-07 20:58:00,"C768",74.7,178
"4639","2026","Jan","Block 3",2026-01-07 20:58:00,"CAFE",32.2,133
"4640","2026","Jan","Block 3",2026-01-07 20:58:00,"CC46",34.6,141
"4641","2026","Jan","Block 3",2026-01-08,"C78A",90.9,185
"4642","2026","Jan","Block 3",2026-01-08,"C64E",23.5,120
"4643","2026","Jan","Block 3",2026-01-08,"C8C2",67.2,170
"4644","2026","Jan","Block 3",2026-01-08,"CD7E",41.3,149
"4645","2026","Jan","Block 3",2026-01-08,"CEB8",57.1,163
"4646","2026","Jan","Block 3",2026-01-08,"CA78",42.3,148
"4647","2026","Jan","Block 3",2026-01-08,"CC2C",44.3,155
"4648","2026","Jan","Block 3",2026-01-08,"CB06",81,180
"4649","2026","Jan","Block 3",2026-01-08,"C93C",45.1,150
"4650","2026","Jan","Block 3",2026-01-08,"C77A",78.1,175
"4651","2026","Jan","Block 3",2026-01-08 02:58:00,"CB82",66.4,169
"4652","2026","Jan","Block 3",2026-01-08 02:58:00,"C822",17.5,173
"4653","2026","Jan","Block 3",2026-01-08 02:58:00,"CC88",17.4,121
"4654","2026","Jan","Block 3",2026-01-08 02:58:00,"C7EA",86.2,187
"4655","2026","Jan","Block 3",2026-01-08 02:58:00,"C816",40.7,142
"4656","2026","Jan","Block 3",2026-01-08 02:58:00,"CEDE",26.1,127
"4657","2026","Jan","Block 3",2026-01-08 02:58:00,"C90C",38.1,142
"4658","2026","Jan","Block 3",2026-01-08 02:58:00,"C5F4",82.8,178
"4659","2026","Jan","Block 3",2026-01-08 02:58:00,"CD3C",28.6,129
"4660","2026","Jan","Block 3",2026-01-08 02:58:00,"CC48",34.2,136
"4661","2026","Jan","Block 3",2026-01-08 05:57:00,"C988",45.5,152
"4662","2026","Jan","Block 3",2026-01-08 05:57:00,"C75C",46.9,154
"4663","2026","Jan","Block 3",2026-01-08 05:57:00,"CC62",64.8,168
"4664","2026","Jan","Block 3",2026-01-08 05:57:00,"C8EE",30.8,134
"4665","2026","Jan","Block 3",2026-01-08 05:57:00,"CB10",35.5,139
"4666","2026","Jan","Block 3",2026-01-08 05:57:00,"C774",61.6,167
"4667","2026","Jan","Block 3",2026-01-08 05:57:00,"C6BC",47.7,151
"4668","2026","Jan","Block 3",2026-01-08 05:57:00,"CA06",69.2,176
"4669","2026","Jan","Block 3",2026-01-08 05:57:00,"C5EE",15.3,106
"4670","2026","Jan","Block 3",2026-01-08 05:57:00,"CF34",33.9,135
"4671","2026","Jan","Block 3",2026-01-08 09:00:00,"C888",36.5,139
"4672","2026","Jan","Block 3",2026-01-08 09:00:00,"C648",55.7,161
"4673","2026","Jan","Block 3",2026-01-08 09:00:00,"CD84",40.9,143
"4674","2026","Jan","Block 3",2026-01-08 09:00:00,"CE86",38.8,143
"4675","2026","Jan","Block 3",2026-01-08 09:00:00,"CEC2",27.1,125
"4676","2026","Jan","Block 3",2026-01-08 09:00:00,"CBDC",55,158
"4677","2026","Jan","Block 3",2026-01-08 09:00:00,"C9D0",35.3,142
"4678","2026","Jan","Block 3",2026-01-08 09:00:00,"CE9E",21.5,122
"4679","2026","Jan","Block 3",2026-01-08 09:00:00,"CB78",30.9,132
"4680","2026","Jan","Block 3",2026-01-08 09:00:00,"C7AE",87,186
"4681","2026","Jan","Block 3",2026-01-08 12:00:00,"CDBC",34.8,140
"4682","2026","Jan","Block 3",2026-01-08 12:00:00,"CC76",62,165
"4683","2026","Jan","Block 3",2026-01-08 12:00:00,"C7D2",27.3,130
"4684","2026","Jan","Block 3",2026-01-08 12:00:00,"CAE0",58.8,167
"4685","2026","Jan","Block 3",2026-01-08 12:00:00,"C72E",48.8,155
"4686","2026","Jan","Block 3",2026-01-08 12:00:00,"CE58",47.7,153
"4687","2026","Jan","Block 3",2026-01-08 12:00:00,"C626",72.2,173
"4688","2026","Jan","Block 3",2026-01-08 12:00:00,"C6C4",19.5,116
"4689","2026","Jan","Block 3",2026-01-08 12:00:00,"CC2E",37.7,144
"4690","2026","Jan","Block 3",2026-01-08 12:00:00,"CDD0",58.8,163
"4691","2026","Jan","Block 3",2026-01-08 14:58:00,"C848",14.8,106
"4692","2026","Jan","Block 3",2026-01-08 14:58:00,"C6F6",49.7,157
"4693","2026","Jan","Block 3",2026-01-08 14:58:00,"C938",39.9,145
"4694","2026","Jan","Block 3",2026-01-08 14:58:00,"CE6C",64.3,172
"4695","2026","Jan","Block 3",2026-01-08 14:58:00,"C960",56.5,161
"4696","2026","Jan","Block 3",2026-01-08 14:58:00,"CF12",26.9,128
"4697","2026","Jan","Block 3",2026-01-08 14:58:00,"CA0E",97.2,188
"4698","2026","Jan","Block 3",2026-01-08 14:58:00,"C6E2",21.7,124
"4699","2026","Jan","Block 3",2026-01-08 14:58:00,"C67A",83.8,182
"4700","2026","Jan","Block 3",2026-01-08 14:58:00,"C612",62.9,165
"4701","2026","Jan","Block 3",2026-01-08 17:57:00,"CC36",46.2,154
"4702","2026","Jan","Block 3",2026-01-08 17:57:00,"C7D4",59.4,160
"4703","2026","Jan","Block 3",2026-01-08 17:57:00,"CE12",51.9,156
"4704","2026","Jan","Block 3",2026-01-08 17:57:00,"C734",35.8,138
"4705","2026","Jan","Block 3",2026-01-08 17:57:00,"C66C",64.6,166
"4706","2026","Jan","Block 3",2026-01-08 17:57:00,"C876",46.8,151
"4707","2026","Jan","Block 3",2026-01-08 17:57:00,"C73A",50.3,155
"4708","2026","Jan","Block 3",2026-01-08 17:57:00,"C9E2",44.5,151
"4709","2026","Jan","Block 3",2026-01-08 17:57:00,"C9BE",35.5,138
"4710","2026","Jan","Block 3",2026-01-08 17:57:00,"CECE",20.2,123
"4711","2026","Jan","Block 3",2026-01-08 21:00:00,"CE26",79.2,175
"4712","2026","Jan","Block 3",2026-01-08 21:00:00,"C83A",42,146
"4713","2026","Jan","Block 3",2026-01-08 21:00:00,"CDA0",70.2,176
"4714","2026","Jan","Block 3",2026-01-08 21:00:00,"C982",51.3,155
"4715","2026","Jan","Block 3",2026-01-08 21:00:00,"CF48",52.1,162
"4716","2026","Jan","Block 3",2026-01-08 21:00:00,"CD1C",26.2,125
"4717","2026","Jan","Block 3",2026-01-08 21:00:00,"C722",29.4,141
"4718","2026","Jan","Block 3",2026-01-08 21:00:00,"C80A",55.5,159
"4719","2026","Jan","Block 3",2026-01-08 21:00:00,"CC9E",22.6,122
"4720","2026","Jan","Block 3",2026-01-08 21:00:00,"CD7C",81.6,175
"4721","2026","Jan","Block 3",2026-01-09,"CB0E",53,158
"4722","2026","Jan","Block 3",2026-01-09,"CB30",62.1,166
"4723","2026","Jan","Block 3",2026-01-09,"CA60",83.9,180
"4724","2026","Jan","Block 3",2026-01-09,"C970",50,155
"4725","2026","Jan","Block 3",2026-01-09,"CEFA",39,145
"4726","2026","Jan","Block 3",2026-01-09,"CDE2",37,140
"4727","2026","Jan","Block 3",2026-01-09,"C826",41,145
"4728","2026","Jan","Block 3",2026-01-09,"C8B8",67.3,170
"4729","2026","Jan","Block 3",2026-01-09,"C87A",49.3,159
"4730","2026","Jan","Block 3",2026-01-09,"CD60",46.1,153
"4731","2026","Jan","Block 3",2026-01-09 03:01:00,"CEF6",28.3,131
"4732","2026","Jan","Block 3",2026-01-09 03:01:00,"CE72",77.3,175
"4733","2026","Jan","Block 3",2026-01-09 03:01:00,"C6EE",29.6,135
"4734","2026","Jan","Block 3",2026-01-09 03:01:00,"C714",28.9,143
"4735","2026","Jan","Block 3",2026-01-09 03:01:00,"C99E",26.6,127
"4736","2026","Jan","Block 3",2026-01-09 03:01:00,"C7B6",79,179
"4737","2026","Jan","Block 3",2026-01-09 03:01:00,"CBBE",21.8,122
"4738","2026","Jan","Block 3",2026-01-09 03:01:00,"CE6E",54.4,162
"4739","2026","Jan","Block 3",2026-01-09 03:01:00,"CC74",75,175
"4740","2026","Jan","Block 3",2026-01-09 03:01:00,"C684",64.8,169
"4741","2026","Jan","Block 3",2026-01-09 06:00:00,"CC98",48.7,155
"4742","2026","Jan","Block 3",2026-01-09 06:00:00,"CDF2",24,124
"4743","2026","Jan","Block 3",2026-01-09 06:00:00,"C8C8",47.6,151
"4744","2026","Jan","Block 3",2026-01-09 06:00:00,"CD30",27,127
"4745","2026","Jan","Block 3",2026-01-09 06:00:00,"CC22",18.6,115
"4746","2026","Jan","Block 3",2026-01-09 06:00:00,"C6D8",54.1,162
"4747","2026","Jan","Block 3",2026-01-09 06:00:00,"C814",32.9,134
"4748","2026","Jan","Block 3",2026-01-09 06:00:00,"C9DE",90.6,186
"4749","2026","Jan","Block 3",2026-01-09 06:00:00,"CC1A",18.6,114
"4750","2026","Jan","Block 3",2026-01-09 06:00:00,"C716",53.9,165
"4751","2026","Jan","Block 3",2026-01-09 09:01:00,"CE42",35,138
"4752","2026","Jan","Block 3",2026-01-09 09:01:00,"CBC4",73.8,170
"4753","2026","Jan","Block 3",2026-01-09 09:01:00,"C7B4",52.9,158
"4754","2026","Jan","Block 3",2026-01-09 09:01:00,"CEE8",34.4,136
"4755","2026","Jan","Block 3",2026-01-09 09:01:00,"CBF2",18.5,116
"4756","2026","Jan","Block 3",2026-01-09 09:01:00,"C762",26.8,125
"4757","2026","Jan","Block 3",2026-01-09 09:01:00,"C84E",20.1,120
"4758","2026","Jan","Block 3",2026-01-09 09:01:00,"CC64",65,174
"4759","2026","Jan","Block 3",2026-01-09 09:01:00,"C85E",24.4,122
"4760","2026","Jan","Block 3",2026-01-09 09:01:00,"CE44",19.4,117
"4761","2026","Jan","Block 3",2026-01-09 12:00:00,"CB70",58.1,163
"4762","2026","Jan","Block 3",2026-01-09 12:00:00,"CEA0",88.3,187
"4763","2026","Jan","Block 3",2026-01-09 12:00:00,"CAF8",19.5,114
"4764","2026","Jan","Block 3",2026-01-09 12:00:00,"C70A",20.1,129
"4765","2026","Jan","Block 3",2026-01-09 12:00:00,"CE34",43.2,150
"4766","2026","Jan","Block 3",2026-01-09 12:00:00,"CED8",44.3,150
"4767","2026","Jan","Block 3",2026-01-09 12:00:00,"C8E4",18,110
"4768","2026","Jan","Block 3",2026-01-09 12:00:00,"C88E",36.3,141
"4769","2026","Jan","Block 3",2026-01-09 12:00:00,"C9CE",57.1,161
"4770","2026","Jan","Block 3",2026-01-09 12:00:00,"CA02",79.8,182
"4771","2026","Jan","Block 3",NA,"C8C6",39.3,147
"4772","2026","Jan","Block 3",NA,"C940",75.9,179
"4773","2026","Jan","Block 3",NA,"CDCC",81.3,180
"4774","2026","Jan","Block 3",NA,"C62C",84.1,183
"4775","2026","Jan","Block 3",NA,"C7A6",16.4,109
"4776","2026","Jan","Block 3",NA,"CB04",20.2,115
"4777","2026","Jan","Block 3",NA,"C79A",30.6,132
"4778","2026","Jan","Block 3",NA,"C93E",58.7,163
"4779","2026","Jan","Block 3",NA,"CA80",70.1,173
"4780","2026","Jan","Block 3",NA,"CD3E",69.8,175
"4781","2026","Jan","Block 3",2026-01-09 18:05:00,"CCE8",50.7,158
"4782","2026","Jan","Block 3",2026-01-09 18:05:00,"C5EC",58.7,164
"4783","2026","Jan","Block 3",2026-01-09 18:05:00,"CF32",47,155
"4784","2026","Jan","Block 3",2026-01-09 18:05:00,"CA7E",57.5,165
"4785","2026","Jan","Block 3",2026-01-09 18:05:00,"C634",43.8,151
"4786","2026","Jan","Block 3",2026-01-09 18:05:00,"C864",23.2,124
"4787","2026","Jan","Block 3",2026-01-09 18:05:00,"C886",77.5,177
"4788","2026","Jan","Block 3",2026-01-09 18:05:00,"CEB0",89.1,182
"4789","2026","Jan","Block 3",2026-01-09 18:05:00,"CBBC",61.6,169
"4790","2026","Jan","Block 3",2026-01-09 18:05:00,"CDE6",49.8,158
"4791","2026","Jan","Block 4",2026-01-13 21:00:00,"CF4C",21.8,122
"4792","2026","Jan","Block 4",2026-01-13 21:00:00,"CA20",15.5,109
"4793","2026","Jan","Block 4",2026-01-13 21:00:00,"C69C",33.6,139
"4794","2026","Jan","Block 4",2026-01-13 21:00:00,"C9EE",28.6,135
"4795","2026","Jan","Block 4",2026-01-13 21:00:00,"C650",28.7,133
"4796","2026","Jan","Block 4",2026-01-13 21:00:00,"C8BE",25.6,130
"4797","2026","Jan","Block 4",2026-01-13 21:00:00,"C772",24.6,127
"4798","2026","Jan","Block 4",2026-01-13 21:00:00,"C6FA",83.6,181
"4799","2026","Jan","Block 4",2026-01-13 21:00:00,"C8BC",52.7,159
"4800","2026","Jan","Block 4",2026-01-13 21:00:00,"CB8C",32,150
"4801","2026","Jan","Block 4",2026-01-13 23:58:00,"CD90",59,167
"4802","2026","Jan","Block 4",2026-01-13 23:58:00,"CBF6",35,147
"4803","2026","Jan","Block 4",2026-01-13 23:58:00,"C742",37.8,151
"4804","2026","Jan","Block 4",2026-01-13 23:58:00,"C6D0",46.8,154
"4805","2026","Jan","Block 4",2026-01-13 23:58:00,"CE2C",60.7,169
"4806","2026","Jan","Block 4",2026-01-13 23:58:00,"CCB0",57.4,165
"4807","2026","Jan","Block 4",2026-01-13 23:58:00,"C898",35.9,141
"4808","2026","Jan","Block 4",2026-01-13 23:58:00,"CB3E",40.8,150
"4809","2026","Jan","Block 4",2026-01-13 23:58:00,"CB98",14.3,112
"4810","2026","Jan","Block 4",2026-01-13 23:58:00,"C688",53.6,162
"4811","2026","Jan","Block 4",2026-01-14 03:00:00,"CE66",36,145
"4812","2026","Jan","Block 4",2026-01-14 03:00:00,"C9EC",18.1,113
"4813","2026","Jan","Block 4",2026-01-14 03:00:00,"C748",53.5,163
"4814","2026","Jan","Block 4",2026-01-14 03:00:00,"CB7C",27.8,134
"4815","2026","Jan","Block 4",2026-01-14 03:00:00,"C6E6",59.2,164
"4816","2026","Jan","Block 4",2026-01-14 03:00:00,"C5E8",23.1,123
"4817","2026","Jan","Block 4",2026-01-14 03:00:00,"CC68",28.9,131
"4818","2026","Jan","Block 4",2026-01-14 03:00:00,"C62E",64.2,175
"4819","2026","Jan","Block 4",2026-01-14 03:00:00,"C794",29.3,133
"4820","2026","Jan","Block 4",2026-01-14 03:00:00,"C712",48.1,155
"4821","2026","Jan","Block 4",2026-01-14 05:58:00,"C8B0",39.8,145
"4822","2026","Jan","Block 4",2026-01-14 05:58:00,"C6DE",43.5,150
"4823","2026","Jan","Block 4",2026-01-14 05:58:00,"CDCE",59.7,170
"4824","2026","Jan","Block 4",2026-01-14 05:58:00,"CC16",69.7,175
"4825","2026","Jan","Block 4",2026-01-14 05:58:00,"CDC8",51,160
"4826","2026","Jan","Block 4",2026-01-14 05:58:00,"CC24",19.9,118
"4827","2026","Jan","Block 4",2026-01-14 05:58:00,"CEDC",21.5,122
"4828","2026","Jan","Block 4",2026-01-14 05:58:00,"C846",59.4,168
"4829","2026","Jan","Block 4",2026-01-14 05:58:00,"C74E",30.5,137
"4830","2026","Jan","Block 4",2026-01-14 05:58:00,"C89C",19.5,120
"4831","2026","Jan","Block 4",2026-01-14 09:02:00,"CCEE",32.8,141
"4832","2026","Jan","Block 4",2026-01-14 09:02:00,"CEC6",24.6,125
"4833","2026","Jan","Block 4",2026-01-14 09:02:00,"CB40",42.5,151
"4834","2026","Jan","Block 4",2026-01-14 09:02:00,"CBC2",22.5,122
"4835","2026","Jan","Block 4",2026-01-14 09:02:00,"CE5C",25.9,132
"4836","2026","Jan","Block 4",2026-01-14 09:02:00,"C8E2",22.5,125
"4837","2026","Jan","Block 4",2026-01-14 09:02:00,"CC72",37,149
"4838","2026","Jan","Block 4",2026-01-14 09:02:00,"CDE8",57.4,166
"4839","2026","Jan","Block 4",2026-01-14 09:02:00,"CC4E",46,157
"4840","2026","Jan","Block 4",2026-01-14 09:02:00,"CCBC",23.3,119
"4841","2026","Jan","Block 4",2026-01-14 11:57:00,"C7BA",31.9,140
"4842","2026","Jan","Block 4",2026-01-14 11:57:00,"C64C",33.4,139
"4843","2026","Jan","Block 4",2026-01-14 11:57:00,"C5F2",42,153
"4844","2026","Jan","Block 4",2026-01-14 11:57:00,"CEC4",28.5,134
"4845","2026","Jan","Block 4",2026-01-14 11:57:00,"C9C4",25.4,137
"4846","2026","Jan","Block 4",2026-01-14 11:57:00,"C672",21.3,124
"4847","2026","Jan","Block 4",2026-01-14 11:57:00,"CD88",23.1,115
"4848","2026","Jan","Block 4",2026-01-14 11:57:00,"CE1A",24,121
"4849","2026","Jan","Block 4",2026-01-14 11:57:00,"CC44",60.8,169
"4850","2026","Jan","Block 4",2026-01-14 11:57:00,"CB90",27.6,136
"4851","2026","Jan","Block 4",2026-01-14 14:58:00,"C9E6",42.3,153
"4852","2026","Jan","Block 4",2026-01-14 14:58:00,"CECC",53.6,159
"4853","2026","Jan","Block 4",2026-01-14 14:58:00,"C76E",60.9,170
"4854","2026","Jan","Block 4",2026-01-14 14:58:00,"CDEC",25.6,130
"4855","2026","Jan","Block 4",2026-01-14 14:58:00,"CCBE",42.7,151
"4856","2026","Jan","Block 4",2026-01-14 14:58:00,"C764",27.5,129
"4857","2026","Jan","Block 4",2026-01-14 14:58:00,"CCA0",45,153
"4858","2026","Jan","Block 4",2026-01-14 14:58:00,"CDE4",30.5,135
"4859","2026","Jan","Block 4",2026-01-14 14:58:00,"C862",44.3,152
"4860","2026","Jan","Block 4",2026-01-14 14:58:00,"CE8E",61.9,173
"4861","2026","Jan","Block 4",2026-01-14 17:59:00,"C90E",34.9,142
"4862","2026","Jan","Block 4",2026-01-14 17:59:00,"CBE4",23.9,125
"4863","2026","Jan","Block 4",2026-01-14 17:59:00,"CA0C",58.2,170
"4864","2026","Jan","Block 4",2026-01-14 17:59:00,"CE8C",45.9,155
"4865","2026","Jan","Block 4",2026-01-14 17:59:00,"C65C",40.3,151
"4866","2026","Jan","Block 4",2026-01-14 17:59:00,"CE76",33.7,142
"4867","2026","Jan","Block 4",2026-01-14 17:59:00,"C930",41.9,153
"4868","2026","Jan","Block 4",2026-01-14 17:59:00,"C910",40.9,156
"4869","2026","Jan","Block 4",2026-01-14 17:59:00,"CBB0",25.2,128
"4870","2026","Jan","Block 4",2026-01-14 17:59:00,"C9CC",34.5,144
"4871","2026","Jan","Block 4",2026-01-14 21:00:00,"C71A",71.9,168
"4872","2026","Jan","Block 4",2026-01-14 21:00:00,"C6F4",42,148
"4873","2026","Jan","Block 4",2026-01-14 21:00:00,"CD08",55.8,162
"4874","2026","Jan","Block 4",2026-01-14 21:00:00,"CE9C",86.2,186
"4875","2026","Jan","Block 4",2026-01-14 21:00:00,"CD0E",50.6,154
"4876","2026","Jan","Block 4",2026-01-14 21:00:00,"CB1E",63.2,169
"4877","2026","Jan","Block 4",2026-01-14 21:00:00,"C60A",63.8,168
"4878","2026","Jan","Block 4",2026-01-14 21:00:00,"C97E",39.6,142
"4879","2026","Jan","Block 4",2026-01-14 21:00:00,"CE5E",95.2,185
"4880","2026","Jan","Block 4",2026-01-14 21:00:00,"C8DC",56.2,162
"4881","2026","Jan","Block 4",2026-01-14 23:59:00,"CCDE",32.4,138
"4882","2026","Jan","Block 4",2026-01-14 23:59:00,"CEF4",59.4,162
"4883","2026","Jan","Block 4",2026-01-14 23:59:00,"C776",52.3,159
"4884","2026","Jan","Block 4",2026-01-14 23:59:00,"C8CE",48.5,151
"4885","2026","Jan","Block 4",2026-01-14 23:59:00,"CA3C",47.2,153
"4886","2026","Jan","Block 4",2026-01-14 23:59:00,"CF42",38.3,141
"4887","2026","Jan","Block 4",2026-01-14 23:59:00,"CD06",94.6,193
"4888","2026","Jan","Block 4",2026-01-14 23:59:00,"CDBE",85.2,180
"4889","2026","Jan","Block 4",2026-01-14 23:59:00,"C86C",40.2,146
"4890","2026","Jan","Block 4",2026-01-14 23:59:00,"C99C",32,136
"4891","2026","Jan","Block 4",2026-01-15 03:00:00,"CF4E",54.6,159
"4892","2026","Jan","Block 4",2026-01-15 03:00:00,"C65E",30.3,128
"4893","2026","Jan","Block 4",2026-01-15 03:00:00,"C622",46.7,151
"4894","2026","Jan","Block 4",2026-01-15 03:00:00,"CB18",90.1,187
"4895","2026","Jan","Block 4",2026-01-15 03:00:00,"CE3A",54.1,163
"4896","2026","Jan","Block 4",2026-01-15 03:00:00,"CD18",31.4,133
"4897","2026","Jan","Block 4",2026-01-15 03:00:00,"CF0A",53.3,159
"4898","2026","Jan","Block 4",2026-01-15 03:00:00,"CF14",84.1,181
"4899","2026","Jan","Block 4",2026-01-15 03:00:00,"C682",30.1,134
"4900","2026","Jan","Block 4",2026-01-15 03:00:00,"CBEE",27.5,130
"4901","2026","Jan","Block 4",2026-01-15 05:59:00,"CF26",16.2,110
"4902","2026","Jan","Block 4",2026-01-15 05:59:00,"C9B8",78,180
"4903","2026","Jan","Block 4",2026-01-15 05:59:00,"C658",95.5,186
"4904","2026","Jan","Block 4",2026-01-15 05:59:00,"C7A2",34.8,140
"4905","2026","Jan","Block 4",2026-01-15 05:59:00,"C85C",20.2,117
"4906","2026","Jan","Block 4",2026-01-15 05:59:00,"CD86",42.3,151
"4907","2026","Jan","Block 4",2026-01-15 05:59:00,"CD02",16.9,110
"4908","2026","Jan","Block 4",2026-01-15 05:59:00,"C850",45.4,151
"4909","2026","Jan","Block 4",2026-01-15 05:59:00,"CA1E",25.7,125
"4910","2026","Jan","Block 4",2026-01-15 05:59:00,"CDDE",54.4,158
"4911","2026","Jan","Block 4",2026-01-15 08:57:00,"CB86",34.8,138
"4912","2026","Jan","Block 4",2026-01-15 08:57:00,"CB84",42.7,153
"4913","2026","Jan","Block 4",2026-01-15 08:57:00,"CCF6",45.8,159
"4914","2026","Jan","Block 4",2026-01-15 08:57:00,"C8EC",43.6,153
"4915","2026","Jan","Block 4",2026-01-15 08:57:00,"CA08",55.2,160
"4916","2026","Jan","Block 4",2026-01-15 08:57:00,"C736",22.7,127
"4917","2026","Jan","Block 4",2026-01-15 08:57:00,"CD78",52,156
"4918","2026","Jan","Block 4",2026-01-15 08:57:00,"CB08",61.8,165
"4919","2026","Jan","Block 4",2026-01-15 08:57:00,"CD20",49.9,156
"4920","2026","Jan","Block 4",2026-01-15 08:57:00,"C9FA",60,165
"4921","2026","Jan","Block 4",2026-01-15 12:02:00,"CA7C",81.5,187
"4922","2026","Jan","Block 4",2026-01-15 12:02:00,"CC90",66.7,171
"4923","2026","Jan","Block 4",2026-01-15 12:02:00,"C726",49.5,158
"4924","2026","Jan","Block 4",2026-01-15 12:02:00,"CD10",54.4,162
"4925","2026","Jan","Block 4",2026-01-15 12:02:00,"CCF4",75.7,176
"4926","2026","Jan","Block 4",2026-01-15 12:02:00,"CB60",47,151
"4927","2026","Jan","Block 4",2026-01-15 12:02:00,"C918",22.8,129
"4928","2026","Jan","Block 4",2026-01-15 12:02:00,"CDF4",55.8,165
"4929","2026","Jan","Block 4",2026-01-15 12:02:00,"C61A",44.1,153
"4930","2026","Jan","Block 4",2026-01-15 12:02:00,"CC7A",51,153
"4931","2026","Jan","Block 4",2026-01-15 14:55:00,"C82C",74.8,177
"4932","2026","Jan","Block 4",2026-01-15 14:55:00,"C8E8",43,146
"4933","2026","Jan","Block 4",2026-01-15 14:55:00,"C990",65.3,166
"4934","2026","Jan","Block 4",2026-01-15 14:55:00,"C68E",61.7,169
"4935","2026","Jan","Block 4",2026-01-15 14:55:00,"C8DE",72,175
"4936","2026","Jan","Block 4",2026-01-15 14:55:00,"C8F4",67.6,174
"4937","2026","Jan","Block 4",2026-01-15 14:55:00,"C66E",39.1,145
"4938","2026","Jan","Block 4",2026-01-15 14:55:00,"CDB8",47.7,152
"4939","2026","Jan","Block 4",2026-01-15 14:55:00,"C662",44.8,150
"4940","2026","Jan","Block 4",2026-01-15 14:55:00,"C732",56.6,157
"4941","2026","Jan","Block 4",2026-01-15 17:58:00,"C978",79.8,182
"4942","2026","Jan","Block 4",2026-01-15 17:58:00,"C884",113.7,197
"4943","2026","Jan","Block 4",2026-01-15 17:58:00,"CD9C",30.6,137
"4944","2026","Jan","Block 4",2026-01-15 17:58:00,"CF3A",57.7,163
"4945","2026","Jan","Block 4",2026-01-15 17:58:00,"CDDC",73.5,175
"4946","2026","Jan","Block 4",2026-01-15 17:58:00,"C84C",35.1,141
"4947","2026","Jan","Block 4",2026-01-15 17:58:00,"C6BE",51.9,160
"4948","2026","Jan","Block 4",2026-01-15 17:58:00,"C9C2",83.1,183
"4949","2026","Jan","Block 4",2026-01-15 17:58:00,"CED0",45.7,146
"4950","2026","Jan","Block 4",2026-01-15 17:58:00,"C668",66.3,171
"4951","2026","Jan","Block 4",2026-01-15 21:00:00,"CC32",16,109
"4952","2026","Jan","Block 4",2026-01-15 21:00:00,"C664",28.6,126
"4953","2026","Jan","Block 4",2026-01-15 21:00:00,"C874",21,120
"4954","2026","Jan","Block 4",2026-01-15 21:00:00,"C88C",60.3,169
"4955","2026","Jan","Block 4",2026-01-15 21:00:00,"C8F2",73.6,176
"4956","2026","Jan","Block 4",2026-01-15 21:00:00,"C632",25.3,127
"4957","2026","Jan","Block 4",2026-01-15 21:00:00,"CC66",29.8,133
"4958","2026","Jan","Block 4",2026-01-15 21:00:00,"CC9C",16.2,120
"4959","2026","Jan","Block 4",2026-01-15 21:00:00,"C872",48.1,154
"4960","2026","Jan","Block 4",2026-01-15 21:00:00,"C766",47.2,151
"4961","2026","Jan","Block 4",2026-01-15 23:59:00,"CB7E",41.8,145
"4962","2026","Jan","Block 4",2026-01-15 23:59:00,"CE22",30.3,139
"4963","2026","Jan","Block 4",2026-01-15 23:59:00,"CB1C",74.1,180
"4964","2026","Jan","Block 4",2026-01-15 23:59:00,"CE4C",43,150
"4965","2026","Jan","Block 4",2026-01-15 23:59:00,"CEBC",51.1,158
"4966","2026","Jan","Block 4",2026-01-15 23:59:00,"C97C",32.2,135
"4967","2026","Jan","Block 4",2026-01-15 23:59:00,"CDC6",40.8,150
"4968","2026","Jan","Block 4",2026-01-15 23:59:00,"C832",86.8,186
"4969","2026","Jan","Block 4",2026-01-15 23:59:00,"CBD8",58.9,164
"4970","2026","Jan","Block 4",2026-01-15 23:59:00,"C858",46.5,153
"4971","2026","Jan","Block 4",2026-01-16 03:00:00,"CD38",54,160
"4972","2026","Jan","Block 4",2026-01-16 03:00:00,"C666",32.1,143
"4973","2026","Jan","Block 4",2026-01-16 03:00:00,"C82E",25,129
"4974","2026","Jan","Block 4",2026-01-16 03:00:00,"C86E",40.1,146
"4975","2026","Jan","Block 4",2026-01-16 03:00:00,"CB0C",27.3,135
"4976","2026","Jan","Block 4",2026-01-16 03:00:00,"C628",48.9,154
"4977","2026","Jan","Block 4",2026-01-16 03:00:00,"C8C4",69.6,177
"4978","2026","Jan","Block 4",2026-01-16 03:00:00,"C9F4",88.3,186
"4979","2026","Jan","Block 4",2026-01-16 03:00:00,"CC8C",25,135
"4980","2026","Jan","Block 4",2026-01-16 03:00:00,"C9E4",60.6,165
"4981","2026","Jan","Block 4",2026-01-16 06:01:00,"C984",101.2,195
"4982","2026","Jan","Block 4",2026-01-16 06:01:00,"C9D8",94.4,189
"4983","2026","Jan","Block 4",2026-01-16 06:01:00,"CBFA",88.3,190
"4984","2026","Jan","Block 4",2026-01-16 06:01:00,"CC14",65.5,170
"4985","2026","Jan","Block 4",2026-01-16 06:01:00,"CC3A",32.6,136
"4986","2026","Jan","Block 4",2026-01-16 06:01:00,"CD9E",38,145
"4987","2026","Jan","Block 4",2026-01-16 06:01:00,"C6B0",41.7,148
"4988","2026","Jan","Block 4",2026-01-16 06:01:00,"CD40",58.6,165
"4989","2026","Jan","Block 4",2026-01-16 06:01:00,"CCEC",52.1,157
"4990","2026","Jan","Block 4",2026-01-16 06:01:00,"CE32",39,142
"4991","2026","Jan","Block 4",2026-01-16 08:59:00,"C642",50.1,155
"4992","2026","Jan","Block 4",2026-01-16 08:59:00,"CCE2",62.4,169
"4993","2026","Jan","Block 4",2026-01-16 08:59:00,"C998",14.4,105
"4994","2026","Jan","Block 4",2026-01-16 08:59:00,"CD70",54.5,158
"4995","2026","Jan","Block 4",2026-01-16 08:59:00,"C75E",53.4,162
"4996","2026","Jan","Block 4",2026-01-16 08:59:00,"C908",48.6,159
"4997","2026","Jan","Block 4",2026-01-16 08:59:00,"C81A",58.1,165
"4998","2026","Jan","Block 4",2026-01-16 08:59:00,"C7CA",31.6,138
"4999","2026","Jan","Block 4",2026-01-16 08:59:00,"CC5C",69,176
"5000","2026","Jan","Block 4",2026-01-16 08:59:00,"C836",57.5,163
"5001","2026","Jan","Block 4",2026-01-16 12:00:00,"CCE4",50.5,160
"5002","2026","Jan","Block 4",2026-01-16 12:00:00,"C6E4",43.9,151
"5003","2026","Jan","Block 4",2026-01-16 12:00:00,"CF46",48.8,157
"5004","2026","Jan","Block 4",2026-01-16 12:00:00,"C9DC",74.9,175
"5005","2026","Jan","Block 4",2026-01-16 12:00:00,"CE46",46.1,154
"5006","2026","Jan","Block 4",2026-01-16 12:00:00,"CBF4",139.4,216
"5007","2026","Jan","Block 4",2026-01-16 12:00:00,"CDD8",71.2,173
"5008","2026","Jan","Block 4",2026-01-16 12:00:00,"C98E",51.4,161
"5009","2026","Jan","Block 4",2026-01-16 12:00:00,"CBEC",55.2,157
"5010","2026","Jan","Block 4",2026-01-16 12:00:00,"C89E",40.6,150
"5011","2026","Jan","Block 4",2026-01-16 15:05:00,"CB9E",70.4,177
"5012","2026","Jan","Block 4",2026-01-16 15:05:00,"CD0C",70.2,176
"5013","2026","Jan","Block 4",2026-01-16 15:05:00,"CEC8",78,181
"5014","2026","Jan","Block 4",2026-01-16 15:05:00,"CB02",46.5,154
"5015","2026","Jan","Block 4",2026-01-16 15:05:00,"CE24",75.6,179
"5016","2026","Jan","Block 4",2026-01-16 15:05:00,"CE82",38.7,144
"5017","2026","Jan","Block 4",2026-01-16 15:05:00,"C676",64.7,168
"5018","2026","Jan","Block 4",2026-01-16 15:05:00,"C902",33.6,140
"5019","2026","Jan","Block 4",2026-01-16 15:05:00,"CE16",53.3,160
"5020","2026","Jan","Block 4",2026-01-16 15:05:00,"CE48",52.4,160
"5021","2026","Jan","Block 4",2026-01-16 17:58:00,"CE68",48.7,156
"5022","2026","Jan","Block 4",2026-01-16 17:58:00,"C674",42.7,149
"5023","2026","Jan","Block 4",2026-01-16 17:58:00,"C91E",36.2,143
"5024","2026","Jan","Block 4",2026-01-16 17:58:00,"C98C",19.8,117
"5025","2026","Jan","Block 4",2026-01-16 17:58:00,"CE7A",41.3,150
"5026","2026","Jan","Block 4",2026-01-16 17:58:00,"CF28",32.1,146
"5027","2026","Jan","Block 4",2026-01-16 17:58:00,"CE14",79.9,180
"5028","2026","Jan","Block 4",2026-01-16 17:58:00,"CF24",27.6,131
"5029","2026","Jan","Block 4",2026-01-16 17:58:00,"C8E6",26.7,139
"5030","2026","Jan","Block 4",2026-01-16 17:58:00,"C8D8",56,160
"5031","2026","Feb","Block 5",2026-02-03 21:00:00,"D706",86.3,185
"5032","2026","Feb","Block 5",2026-02-03 21:00:00,"D6FC",41.2,149
"5033","2026","Feb","Block 5",2026-02-03 21:00:00,"D5F0",68.4,170
"5034","2026","Feb","Block 5",2026-02-03 21:00:00,"D3BC",70.3,172
"5035","2026","Feb","Block 5",2026-02-03 21:00:00,"D20C",35.8,141
"5036","2026","Feb","Block 5",2026-02-03 21:00:00,"CF94",56.9,159
"5037","2026","Feb","Block 5",2026-02-03 21:00:00,"D8E6",66.8,170
"5038","2026","Feb","Block 5",2026-02-03 21:00:00,"D4FE",32.5,139
"5039","2026","Feb","Block 5",2026-02-03 21:00:00,"DA04",44.2,149
"5040","2026","Feb","Block 5",2026-02-03 21:00:00,"D670",82.8,183
"5041","2026","Feb","Block 5",2026-02-04,"D3E4",54.1,160
"5042","2026","Feb","Block 5",2026-02-04,"E098",52.7,158
"5043","2026","Feb","Block 5",2026-02-04,"E9C6",54.6,152
"5044","2026","Feb","Block 5",2026-02-04,"D27E",26.8,127
"5045","2026","Feb","Block 5",2026-02-04,"D0BE",57.8,165
"5046","2026","Feb","Block 5",2026-02-04,"D90C",62.6,166
"5047","2026","Feb","Block 5",2026-02-04,"D480",66.4,169
"5048","2026","Feb","Block 5",2026-02-04,"D38C",74.8,172
"5049","2026","Feb","Block 5",2026-02-04,"D06E",114.5,199
"5050","2026","Feb","Block 5",2026-02-04,"DB02",108,199
"5051","2026","Feb","Block 5",2026-02-04 03:00:00,"D814",44.3,153
"5052","2026","Feb","Block 5",2026-02-04 03:00:00,"D78C",58.3,165
"5053","2026","Feb","Block 5",2026-02-04 03:00:00,"D88C",42.8,155
"5054","2026","Feb","Block 5",2026-02-04 03:00:00,"D0C8",46.9,151
"5055","2026","Feb","Block 5",2026-02-04 03:00:00,"D80A",51.5,161
"5056","2026","Feb","Block 5",2026-02-04 03:00:00,"D9D8",44.9,152
"5057","2026","Feb","Block 5",2026-02-04 03:00:00,"D1D8",46.8,150
"5058","2026","Feb","Block 5",2026-02-04 03:00:00,"DA30",65.9,173
"5059","2026","Feb","Block 5",2026-02-04 03:00:00,"D73C",60.1,165
"5060","2026","Feb","Block 5",2026-02-04 03:00:00,"D086",61.2,166
"5061","2026","Feb","Block 5",2026-02-04 05:59:00,"D0D8",32.5,137
"5062","2026","Feb","Block 5",2026-02-04 05:59:00,"D3CC",62.9,165
"5063","2026","Feb","Block 5",2026-02-04 05:59:00,"D138",37.9,154
"5064","2026","Feb","Block 5",2026-02-04 05:59:00,"D2F8",64.2,171
"5065","2026","Feb","Block 5",2026-02-04 05:59:00,"D79C",81.3,176
"5066","2026","Feb","Block 5",2026-02-04 05:59:00,"D834",20.8,119
"5067","2026","Feb","Block 5",2026-02-04 05:59:00,"D988",76.8,172
"5068","2026","Feb","Block 5",2026-02-04 05:59:00,"DC2C",42.2,143
"5069","2026","Feb","Block 5",2026-02-04 05:59:00,"D11E",47.2,149
"5070","2026","Feb","Block 5",2026-02-04 05:59:00,"E050",42.5,146
"5071","2026","Feb","Block 5",2026-02-04 08:59:00,"D8DC",48.4,154
"5072","2026","Feb","Block 5",2026-02-04 08:59:00,"D84C",35,140
"5073","2026","Feb","Block 5",2026-02-04 08:59:00,"D23C",27.4,128
"5074","2026","Feb","Block 5",2026-02-04 08:59:00,"D9CE",65.7,172
"5075","2026","Feb","Block 5",2026-02-04 08:59:00,"D70E",48.5,150
"5076","2026","Feb","Block 5",2026-02-04 08:59:00,"D3D8",77.7,180
"5077","2026","Feb","Block 5",2026-02-04 08:59:00,"D1E8",45.6,152
"5078","2026","Feb","Block 5",2026-02-04 08:59:00,"D908",77.7,175
"5079","2026","Feb","Block 5",2026-02-04 08:59:00,"D91C",48,157
"5080","2026","Feb","Block 5",2026-02-04 08:59:00,"D206",65.5,170
"5081","2026","Feb","Block 5",2026-02-04 11:58:00,"D898",53.6,159
"5082","2026","Feb","Block 5",2026-02-04 11:58:00,"DAF8",33.4,138
"5083","2026","Feb","Block 5",2026-02-04 11:58:00,"D110",69.4,175
"5084","2026","Feb","Block 5",2026-02-04 11:58:00,"D20E",79.4,183
"5085","2026","Feb","Block 5",2026-02-04 11:58:00,"D9F2",40.8,143
"5086","2026","Feb","Block 5",2026-02-04 11:58:00,"D7BC",72.4,176
"5087","2026","Feb","Block 5",2026-02-04 11:58:00,"D8FA",106.1,200
"5088","2026","Feb","Block 5",2026-02-04 11:58:00,"D986",57,163
"5089","2026","Feb","Block 5",2026-02-04 11:58:00,"DA0C",35.2,140
"5090","2026","Feb","Block 5",2026-02-04 11:58:00,"D9E6",22,123
"5091","2026","Feb","Block 5",2026-02-04 15:00:00,"D8D8",30.5,133
"5092","2026","Feb","Block 5",2026-02-04 15:00:00,"D702",54.6,161
"5093","2026","Feb","Block 5",2026-02-04 15:00:00,"DB20",54.2,162
"5094","2026","Feb","Block 5",2026-02-04 15:00:00,"D33C",34.6,140
"5095","2026","Feb","Block 5",2026-02-04 15:00:00,"C744",79.2,183
"5096","2026","Feb","Block 5",2026-02-04 15:00:00,"D60C",39.1,145
"5097","2026","Feb","Block 5",2026-02-04 15:00:00,"CFA4",68.5,168
"5098","2026","Feb","Block 5",2026-02-04 15:00:00,"DBC2",67.7,174
"5099","2026","Feb","Block 5",2026-02-04 15:00:00,"D1B8",80.6,181
"5100","2026","Feb","Block 5",2026-02-04 15:00:00,"D4FC",65.1,167
"5101","2026","Feb","Block 5",2026-02-04 17:57:00,"D190",58.6,162
"5102","2026","Feb","Block 5",2026-02-04 17:57:00,"D044",50,157
"5103","2026","Feb","Block 5",2026-02-04 17:57:00,"D0CE",78,179
"5104","2026","Feb","Block 5",2026-02-04 17:57:00,"C8A0",38.1,144
"5105","2026","Feb","Block 5",2026-02-04 17:57:00,"D0C6",44.6,152
"5106","2026","Feb","Block 5",2026-02-04 17:57:00,"D064",63.8,175
"5107","2026","Feb","Block 5",2026-02-04 17:57:00,"DB38",57.3,165
"5108","2026","Feb","Block 5",2026-02-04 17:57:00,"D8C2",25.2,124
"5109","2026","Feb","Block 5",2026-02-04 17:57:00,"D9C2",43.4,151
"5110","2026","Feb","Block 5",2026-02-04 17:57:00,"D9D0",64.4,170
"5111","2026","Feb","Block 5",2026-02-04 21:00:00,"CFD6",24.5,121
"5112","2026","Feb","Block 5",2026-02-04 21:00:00,"D014",92.2,182
"5113","2026","Feb","Block 5",2026-02-04 21:00:00,"DBC4",54.3,159
"5114","2026","Feb","Block 5",2026-02-04 21:00:00,"DB70",32,135
"5115","2026","Feb","Block 5",2026-02-04 21:00:00,"D130",29.9,133
"5116","2026","Feb","Block 5",2026-02-04 21:00:00,"D5C0",27.8,127
"5117","2026","Feb","Block 5",2026-02-04 21:00:00,"DB7C",32.8,141
"5118","2026","Feb","Block 5",2026-02-04 21:00:00,"D074",25.9,121
"5119","2026","Feb","Block 5",2026-02-04 21:00:00,"D7B8",15.1,106
"5120","2026","Feb","Block 5",2026-02-04 21:00:00,"D10E",83.9,184
"5121","2026","Feb","Block 5",2026-02-05,"D01A",42.5,147
"5122","2026","Feb","Block 5",2026-02-05,"D1F6",62.7,165
"5123","2026","Feb","Block 5",2026-02-05,"D062",125.9,204
"5124","2026","Feb","Block 5",2026-02-05,"D0F4",87,173
"5125","2026","Feb","Block 5",2026-02-05,"D0B0",63,169
"5126","2026","Feb","Block 5",2026-02-05,"D118",71.5,177
"5127","2026","Feb","Block 5",2026-02-05,"D9C4",74.6,172
"5128","2026","Feb","Block 5",2026-02-05,"D2C0",48,156
"5129","2026","Feb","Block 5",2026-02-05,"D17E",45.3,148
"5130","2026","Feb","Block 5",2026-02-05,"DB98",40.2,142
"5131","2026","Feb","Block 5",2026-02-05 03:00:00,"DBC8",52.2,160
"5132","2026","Feb","Block 5",2026-02-05 03:00:00,"D1B0",70.3,169
"5133","2026","Feb","Block 5",2026-02-05 03:00:00,"CF5C",51.4,154
"5134","2026","Feb","Block 5",2026-02-05 03:00:00,"D39C",98.4,193
"5135","2026","Feb","Block 5",2026-02-05 03:00:00,"DA60",70.5,165
"5136","2026","Feb","Block 5",2026-02-05 03:00:00,"D826",55.8,159
"5137","2026","Feb","Block 5",2026-02-05 03:00:00,"D08C",104.4,195
"5138","2026","Feb","Block 5",2026-02-05 03:00:00,"D04C",91.2,180
"5139","2026","Feb","Block 5",2026-02-05 03:00:00,"D9E8",71.5,171
"5140","2026","Feb","Block 5",2026-02-05 03:00:00,"D3E6",66.1,172
"5141","2026","Feb","Block 5",2026-02-05 05:59:00,"D7C6",54.3,157
"5142","2026","Feb","Block 5",2026-02-05 05:59:00,"D9B0",26.5,125
"5143","2026","Feb","Block 5",2026-02-05 05:59:00,"DFEA",72.5,177
"5144","2026","Feb","Block 5",2026-02-05 05:59:00,"D0BC",45.4,150
"5145","2026","Feb","Block 5",2026-02-05 05:59:00,"D7BE",60.9,161
"5146","2026","Feb","Block 5",2026-02-05 05:59:00,"D708",38,139
"5147","2026","Feb","Block 5",2026-02-05 05:59:00,"D824",91.3,189
"5148","2026","Feb","Block 5",2026-02-05 05:59:00,"DAFE",73.6,176
"5149","2026","Feb","Block 5",2026-02-05 05:59:00,"D7E6",60.6,165
"5150","2026","Feb","Block 5",2026-02-05 05:59:00,"DBC6",49.9,156
"5151","2026","Feb","Block 5",2026-02-05 09:00:00,"D6F0",69.6,170
"5152","2026","Feb","Block 5",2026-02-05 09:00:00,"DC16",73.4,175
"5153","2026","Feb","Block 5",2026-02-05 09:00:00,"D378",39.3,147
"5154","2026","Feb","Block 5",2026-02-05 09:00:00,"D13E",68.5,169
"5155","2026","Feb","Block 5",2026-02-05 09:00:00,"DA02",55.2,161
"5156","2026","Feb","Block 5",2026-02-05 09:00:00,"DA70",54.6,161
"5157","2026","Feb","Block 5",2026-02-05 09:00:00,"DBF6",45.9,151
"5158","2026","Feb","Block 5",2026-02-05 09:00:00,"D9F6",22.5,118
"5159","2026","Feb","Block 5",2026-02-05 09:00:00,"D6C0",78.4,170
"5160","2026","Feb","Block 5",2026-02-05 09:00:00,"D606",42.6,149
"5161","2026","Feb","Block 5",2026-02-05 11:56:00,"D89E",69.5,168
"5162","2026","Feb","Block 5",2026-02-05 11:56:00,"D090",40.8,144
"5163","2026","Feb","Block 5",2026-02-05 11:56:00,"D2F0",32.7,135
"5164","2026","Feb","Block 5",2026-02-05 11:56:00,"D058",18.1,115
"5165","2026","Feb","Block 5",2026-02-05 11:56:00,"D4E0",41.2,143
"5166","2026","Feb","Block 5",2026-02-05 11:56:00,"D280",50.1,156
"5167","2026","Feb","Block 5",2026-02-05 11:56:00,"D13C",98.9,189
"5168","2026","Feb","Block 5",2026-02-05 11:56:00,"D2E0",71.5,173
"5169","2026","Feb","Block 5",2026-02-05 11:56:00,"D7E2",71.9,175
"5170","2026","Feb","Block 5",2026-02-05 11:56:00,"D70C",54.3,157
"5171","2026","Feb","Block 5",2026-02-05 14:58:00,"D1C4",40.5,151
"5172","2026","Feb","Block 5",2026-02-05 14:58:00,"D1C2",98,190
"5173","2026","Feb","Block 5",2026-02-05 14:58:00,"D8BC",50.2,154
"5174","2026","Feb","Block 5",2026-02-05 14:58:00,"CFA2",101.4,195
"5175","2026","Feb","Block 5",2026-02-05 14:58:00,"D0A0",72.1,174
"5176","2026","Feb","Block 5",2026-02-05 14:58:00,"D23E",30.2,132
"5177","2026","Feb","Block 5",2026-02-05 14:58:00,"D260",71.4,169
"5178","2026","Feb","Block 5",2026-02-05 14:58:00,"D8B0",54.5,158
"5179","2026","Feb","Block 5",2026-02-05 14:58:00,"CF96",60.2,164
"5180","2026","Feb","Block 5",2026-02-05 14:58:00,"D320",39.4,145
"5181","2026","Feb","Block 5",2026-02-05 17:58:00,"D478",34.3,137
"5182","2026","Feb","Block 5",2026-02-05 17:58:00,"D03A",73.5,172
"5183","2026","Feb","Block 5",2026-02-05 17:58:00,"D83A",67.9,170
"5184","2026","Feb","Block 5",2026-02-05 17:58:00,"DB0E",53,155
"5185","2026","Feb","Block 5",2026-02-05 17:58:00,"D816",53.9,159
"5186","2026","Feb","Block 5",2026-02-05 17:58:00,"D998",71.4,176
"5187","2026","Feb","Block 5",2026-02-05 17:58:00,"D982",83.1,180
"5188","2026","Feb","Block 5",2026-02-05 17:58:00,"D8F6",68.3,171
"5189","2026","Feb","Block 5",2026-02-05 17:58:00,"D108",34.4,138
"5190","2026","Feb","Block 5",2026-02-05 17:58:00,"D198",64.9,168
"5191","2026","Feb","Block 5",2026-02-05 21:00:00,"D788",49.3,158
"5192","2026","Feb","Block 5",2026-02-05 21:00:00,"DBEE",44.1,150
"5193","2026","Feb","Block 5",2026-02-05 21:00:00,"D888",37.9,144
"5194","2026","Feb","Block 5",2026-02-05 21:00:00,"D8EC",31.1,135
"5195","2026","Feb","Block 5",2026-02-05 21:00:00,"D3C4",41.3,152
"5196","2026","Feb","Block 5",2026-02-05 21:00:00,"D7DE",52.3,160
"5197","2026","Feb","Block 5",2026-02-05 21:00:00,"D02C",75.5,178
"5198","2026","Feb","Block 5",2026-02-05 21:00:00,"DB8E",66.8,171
"5199","2026","Feb","Block 5",NA,"DC14",NA,NA
"5200","2026","Feb","Block 5",NA,"D38E",NA,NA
"5201","2026","Feb","Block 5",2026-02-06,"D182",53.2,165
"5202","2026","Feb","Block 5",2026-02-06,"D9B8",56.6,165
"5203","2026","Feb","Block 5",2026-02-06,"D1CE",54.5,163
"5204","2026","Feb","Block 5",2026-02-06,"D608",42.5,147
"5205","2026","Feb","Block 5",2026-02-06,"D388",24.9,125
"5206","2026","Feb","Block 5",2026-02-06,"D640",44.8,155
"5207","2026","Feb","Block 5",2026-02-06,"D680",19.6,118
"5208","2026","Feb","Block 5",2026-02-06,"DB06",39.4,145
"5209","2026","Feb","Block 5",NA,"D1F2",NA,NA
"5210","2026","Feb","Block 5",NA,"D63E",NA,NA
"5211","2026","Feb","Block 5",2026-02-06 03:00:00,"D93E",45.2,152
"5212","2026","Feb","Block 5",2026-02-06 03:00:00,"D89C",60.3,167
"5213","2026","Feb","Block 5",2026-02-06 03:00:00,"D37C",21.5,119
"5214","2026","Feb","Block 5",2026-02-06 03:00:00,"D024",34.2,138
"5215","2026","Feb","Block 5",2026-02-06 03:00:00,"CFAC",58,163
"5216","2026","Feb","Block 5",2026-02-06 03:00:00,"D3DC",29,132
"5217","2026","Feb","Block 5",2026-02-06 03:00:00,"D61E",47.7,151
"5218","2026","Feb","Block 5",2026-02-06 03:00:00,"D890",26.4,128
"5219","2026","Feb","Block 5",NA,"DB9E",NA,NA
"5220","2026","Feb","Block 5",NA,"D1FA",NA,NA
"5221","2026","Feb","Block 5",2026-02-06 06:00:00,"D67E",35.6,136
"5222","2026","Feb","Block 5",2026-02-06 06:00:00,"D220",12.5,110
"5223","2026","Feb","Block 5",2026-02-06 06:00:00,"CF92",59.8,178
"5224","2026","Feb","Block 5",2026-02-06 06:00:00,"DA20",23.9,125
"5225","2026","Feb","Block 5",2026-02-06 06:00:00,"D37E",37.9,148
"5226","2026","Feb","Block 5",2026-02-06 06:00:00,"D304",21.5,125
"5227","2026","Feb","Block 5",2026-02-06 06:00:00,"D120",54.1,165
"5228","2026","Feb","Block 5",2026-02-06 06:00:00,"D338",23.3,126
"5229","2026","Feb","Block 5",NA,"DAC0",NA,NA
"5230","2026","Feb","Block 5",NA,"DBA0",NA,NA
"5231","2026","Feb","Block 5",2026-02-06 09:00:00,"DC12",36.7,143
"5232","2026","Feb","Block 5",2026-02-06 09:00:00,"DB18",15.3,109
"5233","2026","Feb","Block 5",2026-02-06 09:00:00,"CFB4",29.8,135
"5234","2026","Feb","Block 5",2026-02-06 09:00:00,"D382",44,150
"5235","2026","Feb","Block 5",2026-02-06 09:00:00,"D63C",28.4,136
"5236","2026","Feb","Block 5",2026-02-06 09:00:00,"D034",54.5,159
"5237","2026","Feb","Block 5",2026-02-06 09:00:00,"D86C",56.8,164
"5238","2026","Feb","Block 5",2026-02-06 09:00:00,"DB84",45.7,150
"5239","2026","Feb","Block 5",NA,"DA7C",NA,NA
"5240","2026","Feb","Block 5",NA,"D970",NA,NA
"5241","2026","Feb","Block 5",2026-02-06 12:02:00,"CF6E",46.7,154
"5242","2026","Feb","Block 5",2026-02-06 12:02:00,"DFB2",42.1,147
"5243","2026","Feb","Block 5",2026-02-06 12:02:00,"D2FC",33.3,138
"5244","2026","Feb","Block 5",2026-02-06 12:02:00,"DBB0",14.7,110
"5245","2026","Feb","Block 5",2026-02-06 12:02:00,"D360",24.6,125
"5246","2026","Feb","Block 5",2026-02-06 12:02:00,"D910",22.3,123
"5247","2026","Feb","Block 5",2026-02-06 12:02:00,"DA08",20.2,119
"5248","2026","Feb","Block 5",2026-02-06 12:02:00,"D8C8",23.2,122
"5249","2026","Feb","Block 5",NA,"DC0A",NA,NA
"5250","2026","Feb","Block 5",NA,"D05E",NA,NA
"5251","2026","Feb","Block 5",2026-02-06 15:00:00,"D072",33.6,144
"5252","2026","Feb","Block 5",2026-02-06 15:00:00,"D630",42,146
"5253","2026","Feb","Block 5",2026-02-06 15:00:00,"D0F6",19.2,113
"5254","2026","Feb","Block 5",2026-02-06 15:00:00,"DB08",31.6,139
"5255","2026","Feb","Block 5",2026-02-06 15:00:00,"CFD2",15.9,110
"5256","2026","Feb","Block 5",2026-02-06 15:00:00,"DBDC",25.7,125
"5257","2026","Feb","Block 5",2026-02-06 15:00:00,"D8E8",28.8,133
"5258","2026","Feb","Block 5",2026-02-06 15:00:00,"DB86",13.5,107
"5259","2026","Feb","Block 5",NA,"D202",NA,NA
"5260","2026","Feb","Block 5",NA,"D7CE",NA,NA
"5261","2026","Feb","Block 5",2026-02-06 18:00:00,"D1C8",28.6,135
"5262","2026","Feb","Block 5",2026-02-06 18:00:00,"D1BE",35.1,144
"5263","2026","Feb","Block 5",2026-02-06 18:00:00,"D0E2",20,120
"5264","2026","Feb","Block 5",2026-02-06 18:00:00,"D67C",15.5,108
"5265","2026","Feb","Block 5",2026-02-06 18:00:00,"D846",27.1,130
"5266","2026","Feb","Block 5",2026-02-06 18:00:00,"D022",17.2,110
"5267","2026","Feb","Block 5",2026-02-06 18:00:00,"DB8C",47.5,147
"5268","2026","Feb","Block 5",2026-02-06 18:00:00,"D7E8",31.7,138
"5269","2026","Feb","Block 5",NA,"D340",NA,NA
"5270","2026","Feb","Block 5",NA,"D3D0",NA,NA
"5271","2026","Feb","Block 6",2026-02-10 21:00:00,"DB90",75,172
"5272","2026","Feb","Block 6",2026-02-10 21:00:00,"D876",38.7,137
"5273","2026","Feb","Block 6",2026-02-10 21:00:00,"D8D0",18.8,115
"5274","2026","Feb","Block 6",2026-02-10 21:00:00,"D08E",12.7,106
"5275","2026","Feb","Block 6",2026-02-10 21:00:00,"CFB6",33.9,146
"5276","2026","Feb","Block 6",2026-02-10 21:00:00,"DBEC",32.8,155
"5277","2026","Feb","Block 6",2026-02-10 21:00:00,"D104",83.3,184
"5278","2026","Feb","Block 6",2026-02-10 21:00:00,"D660",66,171
"5279","2026","Feb","Block 6",2026-02-10 21:00:00,"D21C",36.5,144
"5280","2026","Feb","Block 6",NA,"D8EE",NA,NA
"5281","2026","Feb","Block 6",2026-02-10 23:59:00,"D9F4",35.1,147
"5282","2026","Feb","Block 6",2026-02-10 23:59:00,"D7F2",81.8,184
"5283","2026","Feb","Block 6",2026-02-10 23:59:00,"DA18",76.2,181
"5284","2026","Feb","Block 6",2026-02-10 23:59:00,"D610",18,114
"5285","2026","Feb","Block 6",2026-02-10 23:59:00,"DA10",56.4,166
"5286","2026","Feb","Block 6",2026-02-10 23:59:00,"DA78",45.5,153
"5287","2026","Feb","Block 6",2026-02-10 23:59:00,"D18E",102.3,197
"5288","2026","Feb","Block 6",2026-02-10 23:59:00,"D906",42.1,151
"5289","2026","Feb","Block 6",2026-02-10 23:59:00,"D842",59.1,166
"5290","2026","Feb","Block 6",NA,"D8C4",NA,NA
"5291","2026","Feb","Block 6",2026-02-11 03:00:00,"D828",70.7,175
"5292","2026","Feb","Block 6",2026-02-11 03:00:00,"D042",69.3,174
"5293","2026","Feb","Block 6",2026-02-11 03:00:00,"D918",59.7,164
"5294","2026","Feb","Block 6",2026-02-11 03:00:00,"D1F4",69.2,177
"5295","2026","Feb","Block 6",2026-02-11 03:00:00,"D858",52,162
"5296","2026","Feb","Block 6",2026-02-11 03:00:00,"D886",29,135
"5297","2026","Feb","Block 6",2026-02-11 03:00:00,"DA7E",72.1,175
"5298","2026","Feb","Block 6",2026-02-11 03:00:00,"D940",59.2,172
"5299","2026","Feb","Block 6",2026-02-11 03:00:00,"D938",80.1,182
"5300","2026","Feb","Block 6",NA,"D1A0",NA,NA
"5301","2026","Feb","Block 6",2026-02-11 06:00:00,"D3BE",33.1,140
"5302","2026","Feb","Block 6",2026-02-11 06:00:00,"CF76",74,179
"5303","2026","Feb","Block 6",2026-02-11 06:00:00,"D862",70.8,177
"5304","2026","Feb","Block 6",2026-02-11 06:00:00,"D6FE",55.7,166
"5305","2026","Feb","Block 6",2026-02-11 06:00:00,"D390",28.6,134
"5306","2026","Feb","Block 6",2026-02-11 06:00:00,"D160",74.5,180
"5307","2026","Feb","Block 6",2026-02-11 06:00:00,"D048",48.5,157
"5308","2026","Feb","Block 6",2026-02-11 06:00:00,"DB40",48.7,154
"5309","2026","Feb","Block 6",2026-02-11 06:00:00,"D384",75.8,172
"5310","2026","Feb","Block 6",NA,"D882",NA,NA
"5311","2026","Feb","Block 6",2026-02-11 09:00:00,"D09C",42.7,150
"5312","2026","Feb","Block 6",2026-02-11 09:00:00,"D39E",58.4,165
"5313","2026","Feb","Block 6",2026-02-11 09:00:00,"D8B8",47.4,154
"5314","2026","Feb","Block 6",2026-02-11 09:00:00,"D0FA",57.4,166
"5315","2026","Feb","Block 6",2026-02-11 09:00:00,"D330",65.2,175
"5316","2026","Feb","Block 6",2026-02-11 09:00:00,"D218",54.2,159
"5317","2026","Feb","Block 6",2026-02-11 09:00:00,"DC28",78.2,180
"5318","2026","Feb","Block 6",2026-02-11 09:00:00,"D184",26.1,130
"5319","2026","Feb","Block 6",2026-02-11 09:00:00,"D8C6",28,130
"5320","2026","Feb","Block 6",NA,"DAFC",NA,NA
"5321","2026","Feb","Block 6",2026-02-11 11:58:00,"D3DE",45.5,156
"5322","2026","Feb","Block 6",2026-02-11 11:58:00,"D0E4",45.1,153
"5323","2026","Feb","Block 6",2026-02-11 11:58:00,"D8CE",43.9,151
"5324","2026","Feb","Block 6",2026-02-11 11:58:00,"D88E",75.8,178
"5325","2026","Feb","Block 6",2026-02-11 11:58:00,"D848",27.7,134
"5326","2026","Feb","Block 6",2026-02-11 11:58:00,"DBF2",23,122
"5327","2026","Feb","Block 6",2026-02-11 11:58:00,"D6E0",86.5,184
"5328","2026","Feb","Block 6",2026-02-11 11:58:00,"D19E",62.1,167
"5329","2026","Feb","Block 6",2026-02-11 11:58:00,"D904",58.3,164
"5330","2026","Feb","Block 6",NA,"D8F2",NA,NA
"5331","2026","Feb","Block 6",2026-02-11 14:57:00,"D9FA",71.4,177
"5332","2026","Feb","Block 6",2026-02-11 14:57:00,"DBBC",55.7,165
"5333","2026","Feb","Block 6",2026-02-11 14:57:00,"D046",82.4,184
"5334","2026","Feb","Block 6",2026-02-11 14:57:00,"D71E",72.4,176
"5335","2026","Feb","Block 6",2026-02-11 14:57:00,"D04E",52.6,159
"5336","2026","Feb","Block 6",2026-02-11 14:57:00,"D704",8.8,91
"5337","2026","Feb","Block 6",2026-02-11 14:57:00,"D204",52.6,163
"5338","2026","Feb","Block 6",2026-02-11 14:57:00,"D1E2",93.1,192
"5339","2026","Feb","Block 6",2026-02-11 14:57:00,"D33E",72.6,182
"5340","2026","Feb","Block 6",NA,"D10C",NA,NA
"5341","2026","Feb","Block 6",2026-02-11 17:55:00,"D8E2",67.2,173
"5342","2026","Feb","Block 6",2026-02-11 17:55:00,"D2FE",33.5,140
"5343","2026","Feb","Block 6",2026-02-11 17:55:00,"DBE8",49.5,160
"5344","2026","Feb","Block 6",2026-02-11 17:55:00,"D782",41.1,154
"5345","2026","Feb","Block 6",2026-02-11 17:55:00,"DB3C",27.5,130
"5346","2026","Feb","Block 6",2026-02-11 17:55:00,"D240",75,178
"5347","2026","Feb","Block 6",2026-02-11 17:55:00,"D3C2",98.9,198
"5348","2026","Feb","Block 6",2026-02-11 17:55:00,"D310",79.9,181
"5349","2026","Feb","Block 6",2026-02-11 17:55:00,"DBCE",32.2,139
"5350","2026","Feb","Block 6",NA,"CFD4",NA,NA
"5351","2026","Feb","Block 6",2026-02-11 20:59:00,"D30C",113.2,202
"5352","2026","Feb","Block 6",2026-02-11 20:59:00,"DC26",48.6,162
"5353","2026","Feb","Block 6",2026-02-11 20:59:00,"DA0E",91,187
"5354","2026","Feb","Block 6",2026-02-11 20:59:00,"D036",42.6,149
"5355","2026","Feb","Block 6",2026-02-11 20:59:00,"D02E",60.3,167
"5356","2026","Feb","Block 6",2026-02-11 20:59:00,"DB88 ",40.9,148
"5357","2026","Feb","Block 6",2026-02-11 20:59:00,"DA80",39.3,143
"5358","2026","Feb","Block 6",2026-02-11 20:59:00,"D270",46.8,156
"5359","2026","Feb","Block 6",2026-02-11 20:59:00,"DBF4",29,132
"5360","2026","Feb","Block 6",2026-02-11 20:59:00,"CF9A",38.7,146
"5361","2026","Feb","Block 6",2026-02-12,"CFDA",63.6,163
"5362","2026","Feb","Block 6",2026-02-12,"D984",77.8,177
"5363","2026","Feb","Block 6",2026-02-12,"CF58",78.1,179
"5364","2026","Feb","Block 6",2026-02-12,"DBE4",24.5,127
"5365","2026","Feb","Block 6",2026-02-12,"D1DE",47.8,158
"5366","2026","Feb","Block 6",2026-02-12,"D77E",48.1,153
"5367","2026","Feb","Block 6",2026-02-12,"D9E2",30.5,134
"5368","2026","Feb","Block 6",2026-02-12,"D9DC",90.6,190
"5369","2026","Feb","Block 6",2026-02-12,"D71C",51.1,157
"5370","2026","Feb","Block 6",2026-02-12,"D7EE",57.8,160
"5371","2026","Feb","Block 6",2026-02-12 02:58:00,"D088",66.5,169
"5372","2026","Feb","Block 6",2026-02-12 02:58:00,"DBE6",19.2,116
"5373","2026","Feb","Block 6",2026-02-12 02:58:00,"D170",38.3,145
"5374","2026","Feb","Block 6",2026-02-12 02:58:00,"D73E",55,160
"5375","2026","Feb","Block 6",2026-02-12 02:58:00,"D9EE",72.6,178
"5376","2026","Feb","Block 6",2026-02-12 02:58:00,"D720",37.3,143
"5377","2026","Feb","Block 6",2026-02-12 02:58:00,"D7FA",24.2,126
"5378","2026","Feb","Block 6",2026-02-12 02:58:00,"D97C",46.2,154
"5379","2026","Feb","Block 6",2026-02-12 02:58:00,"D028",35.8,139
"5380","2026","Feb","Block 6",2026-02-12 02:58:00,"D9C8",29.2,128
"5381","2026","Feb","Block 6",2026-02-12 05:58:00,"D91E",36.1,142
"5382","2026","Feb","Block 6",2026-02-12 05:58:00,"D990",109.5,198
"5383","2026","Feb","Block 6",2026-02-12 05:58:00,"CF68",48.5,152
"5384","2026","Feb","Block 6",2026-02-12 05:58:00,"D076",56.9,168
"5385","2026","Feb","Block 6",2026-02-12 05:58:00,"D9BC",67.2,173
"5386","2026","Feb","Block 6",2026-02-12 05:58:00,"DAE0",65.5,163
"5387","2026","Feb","Block 6",2026-02-12 05:58:00,"D106",85.7,187
"5388","2026","Feb","Block 6",2026-02-12 05:58:00,"D798",59.4,170
"5389","2026","Feb","Block 6",2026-02-12 05:58:00,"D3A0",60.6,163
"5390","2026","Feb","Block 6",2026-02-12 05:58:00,"D822",83.7,190
"5391","2026","Feb","Block 6",2026-02-12 09:05:00,"D210",39.9,149
"5392","2026","Feb","Block 6",2026-02-12 09:05:00,"D8CC",55.7,164
"5393","2026","Feb","Block 6",2026-02-12 09:05:00,"D874",19.8,118
"5394","2026","Feb","Block 6",2026-02-12 09:05:00,"D770",42.4,147
"5395","2026","Feb","Block 6",2026-02-12 09:05:00,"CF8A",107,196
"5396","2026","Feb","Block 6",2026-02-12 09:05:00,"D77C",24.7,126
"5397","2026","Feb","Block 6",2026-02-12 09:05:00,"DA40",64.3,170
"5398","2026","Feb","Block 6",2026-02-12 09:05:00,"D85C",42.6,151
"5399","2026","Feb","Block 6",2026-02-12 09:05:00,"D238",50.6,167
"5400","2026","Feb","Block 6",2026-02-12 09:05:00,"D0C4",83.7,182
"5401","2026","Feb","Block 6",2026-02-12 12:03:00,"D1BC",38.1,145
"5402","2026","Feb","Block 6",2026-02-12 12:03:00,"DB78",78.5,178
"5403","2026","Feb","Block 6",2026-02-12 12:03:00,"D718",63,165
"5404","2026","Feb","Block 6",2026-02-12 12:03:00,"D7DC",65.1,166
"5405","2026","Feb","Block 6",2026-02-12 12:03:00,"D738",68.7,175
"5406","2026","Feb","Block 6",2026-02-12 12:03:00,"D87A",102.5,193
"5407","2026","Feb","Block 6",2026-02-12 12:03:00,"D278",39.1,144
"5408","2026","Feb","Block 6",2026-02-12 12:03:00,"D386",61.4,169
"5409","2026","Feb","Block 6",2026-02-12 12:03:00,"D0C2",40.8,147
"5410","2026","Feb","Block 6",2026-02-12 12:03:00,"DB04",72.7,178
"5411","2026","Feb","Block 6",2026-02-12 15:00:00,"D620",45.7,151
"5412","2026","Feb","Block 6",2026-02-12 15:00:00,"D1EE",44.5,150
"5413","2026","Feb","Block 6",2026-02-12 15:00:00,"D9A0",73.7,177
"5414","2026","Feb","Block 6",2026-02-12 15:00:00,"D90E",61.5,168
"5415","2026","Feb","Block 6",2026-02-12 15:00:00,"D302",28.8,135
"5416","2026","Feb","Block 6",2026-02-12 15:00:00,"D866",73.3,175
"5417","2026","Feb","Block 6",2026-02-12 15:00:00,"CF64",98.7,191
"5418","2026","Feb","Block 6",2026-02-12 15:00:00,"D0DC",112.3,204
"5419","2026","Feb","Block 6",2026-02-12 15:00:00,"DBFA",63.6,173
"5420","2026","Feb","Block 6",2026-02-12 15:00:00,"D1EC",76.4,177
"5421","2026","Feb","Block 6",2026-02-12 18:00:00,"D872",27.6,131
"5422","2026","Feb","Block 6",2026-02-12 18:00:00,"D98E",36.3,143
"5423","2026","Feb","Block 6",2026-02-12 18:00:00,"DB1E",44.7,155
"5424","2026","Feb","Block 6",2026-02-12 18:00:00,"D79E",71.7,176
"5425","2026","Feb","Block 6",2026-02-12 18:00:00,"D9E4",86.5,185
"5426","2026","Feb","Block 6",2026-02-12 18:00:00,"D0E6",106.4,197
"5427","2026","Feb","Block 6",2026-02-12 18:00:00,"D82E",84.1,182
"5428","2026","Feb","Block 6",2026-02-12 18:00:00,"CFAE",86.3,185
"5429","2026","Feb","Block 6",2026-02-12 18:00:00,"D9EC",75.3,175
"5430","2026","Feb","Block 6",2026-02-12 18:00:00,"D016",92,193
"5431","2026","Feb","Block 6",2026-02-12 21:00:00,"D3C8",29.6,145
"5432","2026","Feb","Block 6",2026-02-12 21:00:00,"D084",61.3,170
"5433","2026","Feb","Block 6",2026-02-12 21:00:00,"D05C",71,176
"5434","2026","Feb","Block 6",2026-02-12 21:00:00,"D3B8",48,159
"5435","2026","Feb","Block 6",2026-02-12 21:00:00,"D4C0",79,183
"5436","2026","Feb","Block 6",2026-02-12 21:00:00,"CF7A",70.3,176
"5437","2026","Feb","Block 6",2026-02-12 21:00:00,"D3B0",29.5,134
"5438","2026","Feb","Block 6",2026-02-12 21:00:00,"D8BE",15.9,120
"5439","2026","Feb","Block 6",2026-02-12 21:00:00,"D868",44.6,154
"5440","2026","Feb","Block 6",2026-02-12 21:00:00,"D93C",55.2,167
"5441","2026","Feb","Block 6",2026-02-12 23:59:00,"DB82",70.5,174
"5442","2026","Feb","Block 6",2026-02-12 23:59:00,"D864",69.4,176
"5443","2026","Feb","Block 6",2026-02-12 23:59:00,"DBDE",44.6,152
"5444","2026","Feb","Block 6",2026-02-12 23:59:00,"D0F2",26.2,132
"5445","2026","Feb","Block 6",2026-02-12 23:59:00,"DB3E",73.4,180
"5446","2026","Feb","Block 6",2026-02-12 23:59:00,"D978",58.3,168
"5447","2026","Feb","Block 6",2026-02-12 23:59:00,"D17C",48.5,155
"5448","2026","Feb","Block 6",2026-02-12 23:59:00,"D370",17.4,113
"5449","2026","Feb","Block 6",2026-02-12 23:59:00,"D1E4",32.8,139
"5450","2026","Feb","Block 6",2026-02-12 23:59:00,"D318",77.3,180
"5451","2026","Feb","Block 6",2026-02-13 03:00:00,"D604",64.3,170
"5452","2026","Feb","Block 6",2026-02-13 03:00:00,"D07A",86.6,187
"5453","2026","Feb","Block 6",2026-02-13 03:00:00,"D5FC",47,159
"5454","2026","Feb","Block 6",2026-02-13 03:00:00,"D21E",56.4,165
"5455","2026","Feb","Block 6",2026-02-13 03:00:00,"DB10",73.2,178
"5456","2026","Feb","Block 6",2026-02-13 03:00:00,"D99E",37.9,145
"5457","2026","Feb","Block 6",2026-02-13 03:00:00,"D012",55.2,167
"5458","2026","Feb","Block 6",2026-02-13 03:00:00,"D82C",30.6,137
"5459","2026","Feb","Block 6",2026-02-13 03:00:00,"CF74",90.3,183
"5460","2026","Feb","Block 6",2026-02-13 03:00:00,"D31E",57.7,168
"5461","2026","Feb","Block 6",2026-02-13 05:59:00,"D19C",83,185
"5462","2026","Feb","Block 6",2026-02-13 05:59:00,"CFA6",80,182
"5463","2026","Feb","Block 6",2026-02-13 05:59:00,"D60E",80.7,178
"5464","2026","Feb","Block 6",2026-02-13 05:59:00,"CF6C",62.9,171
"5465","2026","Feb","Block 6",2026-02-13 05:59:00,"D4F8",64.9,173
"5466","2026","Feb","Block 6",2026-02-13 05:59:00,"D580",40.7,150
"5467","2026","Feb","Block 6",2026-02-13 05:59:00,"D31C",41.6,152
"5468","2026","Feb","Block 6",2026-02-13 05:59:00,"DBB8",111.5,205
"5469","2026","Feb","Block 6",2026-02-13 05:59:00,"D0DE",43.7,155
"5470","2026","Feb","Block 6",2026-02-13 05:59:00,"D8A0",118.9,196
"5471","2026","Feb","Block 6",2026-02-13 09:04:00,"D84E",44.8,149
"5472","2026","Feb","Block 6",2026-02-13 09:04:00,"D760",66.3,175
"5473","2026","Feb","Block 6",2026-02-13 09:04:00,"D85E",52.8,161
"5474","2026","Feb","Block 6",2026-02-13 09:04:00,"D026",47.6,157
"5475","2026","Feb","Block 6",2026-02-13 09:04:00,"D678",19.1,121
"5476","2026","Feb","Block 6",2026-02-13 09:04:00,"D3CE",49.1,159
"5477","2026","Feb","Block 6",2026-02-13 09:04:00,"DC1A",68.5,174
"5478","2026","Feb","Block 6",2026-02-13 09:04:00,"DB9C",43.2,152
"5479","2026","Feb","Block 6",2026-02-13 09:04:00,"D066",65.3,173
"5480","2026","Feb","Block 6",2026-02-13 09:04:00,"D5FE",95.2,192
"5481","2026","Feb","Block 6",2026-02-13 12:00:00,"D208",104.4,196
"5482","2026","Feb","Block 6",2026-02-13 12:00:00,"D09E",90.5,185
"5483","2026","Feb","Block 6",2026-02-13 12:00:00,"D1D0",78,181
"5484","2026","Feb","Block 6",2026-02-13 12:00:00,"D6F8",49.9,165
"5485","2026","Feb","Block 6",2026-02-13 12:00:00,"D398",67.1,173
"5486","2026","Feb","Block 6",2026-02-13 12:00:00,"DBBE",28.1,135
"5487","2026","Feb","Block 6",2026-02-13 12:00:00,"DA3C",18,122
"5488","2026","Feb","Block 6",2026-02-13 12:00:00,"D7A0",71.4,181
"5489","2026","Feb","Block 6",2026-02-13 12:00:00,"D178",52.9,160
"5490","2026","Feb","Block 6",2026-02-13 12:00:00,"D850",54.8,162
"5491","2026","Feb","Block 6",2026-02-13 15:00:00,"D81A",45,157
"5492","2026","Feb","Block 6",2026-02-13 15:00:00,"D778",112.5,203
"5493","2026","Feb","Block 6",2026-02-13 15:00:00,"DBCC",53.5,165
"5494","2026","Feb","Block 6",2026-02-13 15:00:00,"D99C",60.3,171
"5495","2026","Feb","Block 6",2026-02-13 15:00:00,"D27C",75.6,182
"5496","2026","Feb","Block 6",2026-02-13 15:00:00,"D61C",76.1,183
"5497","2026","Feb","Block 6",2026-02-13 15:00:00,"D812",44.1,152
"5498","2026","Feb","Block 6",2026-02-13 15:00:00,"D844",29.8,135
"5499","2026","Feb","Block 6",2026-02-13 15:00:00,"D960",64.5,172
"5500","2026","Feb","Block 6",2026-02-13 15:00:00,"D784",46.7,154
"5501","2026","Feb","Block 6",2026-02-13 18:00:00,"CFBA",88.7,190
"5502","2026","Feb","Block 6",2026-02-13 18:00:00,"DB60",79.9,180
"5503","2026","Feb","Block 6",2026-02-13 18:00:00,"D0D0",96.1,190
"5504","2026","Feb","Block 6",2026-02-13 18:00:00,"DB30",37.8,146
"5505","2026","Feb","Block 6",2026-02-13 18:00:00,"DA1C",85.4,184
"5506","2026","Feb","Block 6",2026-02-13 18:00:00,"D97E",60.3,170
"5507","2026","Feb","Block 6",2026-02-13 18:00:00,"D9DE",60.7,170
"5508","2026","Feb","Block 6",2026-02-13 18:00:00,"D740",75.4,179
"5509","2026","Feb","Block 6",2026-02-13 18:00:00,"D98C",66.3,170
"5510","2026","Feb","Block 6",2026-02-13 18:00:00,"D068",61.6,168
"5511","2026","Apr","Block 7",2026-04-21 21:00:00,"DF32",10.2,94
"5512","2026","Apr","Block 7",2026-04-21 21:00:00,"DC7A",8.3,90
"5513","2026","Apr","Block 7",2026-04-21 21:00:00,"DE6E",7.1,83
"5514","2026","Apr","Block 7",2026-04-21 21:00:00,"E112",8.5,89
"5515","2026","Apr","Block 7",2026-04-21 21:00:00,"DD78",7.3,82
"5516","2026","Apr","Block 7",2026-04-21 21:00:00,"DE0A",7.2,82
"5517","2026","Apr","Block 7",2026-04-21 21:00:00,"E474",9.6,92
"5518","2026","Apr","Block 7",2026-04-21 21:00:00,"DC82",9,90
"5519","2026","Apr","Block 7",2026-04-21 21:00:00,"DF9A",7.2,84
"5520","2026","Apr","Block 7",2026-04-21 21:00:00,"DD86",6.8,81
"5521","2026","Apr","Block 7",2026-04-22,"E358",9,92
"5522","2026","Apr","Block 7",2026-04-22,"E488",8.6,87
"5523","2026","Apr","Block 7",2026-04-22,"DEE2",10.1,94
"5524","2026","Apr","Block 7",2026-04-22,"E1A6",6.9,84
"5525","2026","Apr","Block 7",2026-04-22,"E59E",8.2,89
"5526","2026","Apr","Block 7",2026-04-22,"DC4C",9,91
"5527","2026","Apr","Block 7",2026-04-22,"E0D6",6.6,82
"5528","2026","Apr","Block 7",2026-04-22,"E506",10,92
"5529","2026","Apr","Block 7",2026-04-22,"E344",8.7,90
"5530","2026","Apr","Block 7",2026-04-22,"E37A",6.4,81
"5531","2026","Apr","Block 7",2026-04-22 03:00:00,"E31A",4.2,70
"5532","2026","Apr","Block 7",2026-04-22 03:00:00,"E288",6.6,81
"5533","2026","Apr","Block 7",2026-04-22 03:00:00,"E4B0",8.7,89
"5534","2026","Apr","Block 7",2026-04-22 03:00:00,"DF28",8.3,87
"5535","2026","Apr","Block 7",2026-04-22 03:00:00,"E4F4",7.2,86
"5536","2026","Apr","Block 7",2026-04-22 03:00:00,"E490",6.4,81
"5537","2026","Apr","Block 7",2026-04-22 03:00:00,"DE58",7,82
"5538","2026","Apr","Block 7",2026-04-22 03:00:00,"E21A",10.5,94
"5539","2026","Apr","Block 7",2026-04-22 03:00:00,"DE98",7.3,85
"5540","2026","Apr","Block 7",2026-04-22 03:00:00,"E2BE",10,92
"5541","2026","Apr","Block 7",2026-04-22 05:59:00,"E42C",8.5,89
"5542","2026","Apr","Block 7",2026-04-22 05:59:00,"DC3A",7,83
"5543","2026","Apr","Block 7",2026-04-22 05:59:00,"E27A",7.5,86
"5544","2026","Apr","Block 7",2026-04-22 05:59:00,"E16E",9.8,93
"5545","2026","Apr","Block 7",2026-04-22 05:59:00,"E588",8.5,89
"5546","2026","Apr","Block 7",2026-04-22 05:59:00,"DE6C",8.8,90
"5547","2026","Apr","Block 7",2026-04-22 05:59:00,"DEBE",5.6,77
"5548","2026","Apr","Block 7",2026-04-22 05:59:00,"DCDC",7.2,87
"5549","2026","Apr","Block 7",2026-04-22 05:59:00,"E324",10.2,91
"5550","2026","Apr","Block 7",2026-04-22 05:59:00,"E4C6",8,82
"5551","2026","Apr","Block 7",2026-04-22 08:59:00,"DD08",13,99
"5552","2026","Apr","Block 7",2026-04-22 08:59:00,"DCA0",7.4,85
"5553","2026","Apr","Block 7",2026-04-22 08:59:00,"DC72",7.4,85
"5554","2026","Apr","Block 7",2026-04-22 08:59:00,"E214",5.9,80
"5555","2026","Apr","Block 7",2026-04-22 08:59:00,"E458",8.9,89
"5556","2026","Apr","Block 7",2026-04-22 08:59:00,"E36E",6.3,81
"5557","2026","Apr","Block 7",2026-04-22 08:59:00,"E424",8.6,88
"5558","2026","Apr","Block 7",2026-04-22 08:59:00,"DF5C",6.9,83
"5559","2026","Apr","Block 7",2026-04-22 08:59:00,"DCE4",8.5,88
"5560","2026","Apr","Block 7",2026-04-22 08:59:00,"E374",12.6,100
"5561","2026","Apr","Block 7",2026-04-22 11:59:00,"E246",5.9,79
"5562","2026","Apr","Block 7",2026-04-22 11:59:00,"E0B6",5.4,75
"5563","2026","Apr","Block 7",2026-04-22 11:59:00,"DE2C",9.3,91
"5564","2026","Apr","Block 7",2026-04-22 11:59:00,"DC62",9.4,91
"5565","2026","Apr","Block 7",2026-04-22 11:59:00,"E434",5.4,76
"5566","2026","Apr","Block 7",2026-04-22 11:59:00,"E30A",8,80
"5567","2026","Apr","Block 7",2026-04-22 11:59:00,"E274",7,85
"5568","2026","Apr","Block 7",2026-04-22 11:59:00,"DE14",10.5,92
"5569","2026","Apr","Block 7",2026-04-22 11:59:00,"E24E",8.6,85
"5570","2026","Apr","Block 7",2026-04-22 11:59:00,"DE88",6.3,79
"5571","2026","Apr","Block 7",2026-04-22 14:56:00,"DCBE",6.9,85
"5572","2026","Apr","Block 7",2026-04-22 14:56:00,"E158",8.8,90
"5573","2026","Apr","Block 7",2026-04-22 14:56:00,"DC5E",7.1,84
"5574","2026","Apr","Block 7",2026-04-22 14:56:00,"DF36",7.9,89
"5575","2026","Apr","Block 7",2026-04-22 14:56:00,"E57E",6.2,83
"5576","2026","Apr","Block 7",2026-04-22 14:56:00,"E142",7.6,84
"5577","2026","Apr","Block 7",2026-04-22 14:56:00,"E3B6",8,86
"5578","2026","Apr","Block 7",2026-04-22 14:56:00,"DCEC",8.2,89
"5579","2026","Apr","Block 7",2026-04-22 14:56:00,"E422",7.1,85
"5580","2026","Apr","Block 7",2026-04-22 14:56:00,"DE4E",6.4,80
"5581","2026","Apr","Block 7",2026-04-22 17:57:00,"E4EC",6.3,79
"5582","2026","Apr","Block 7",2026-04-22 17:57:00,"DFB2",8.6,91
"5583","2026","Apr","Block 7",2026-04-22 17:57:00,"DC4E",7.6,84
"5584","2026","Apr","Block 7",2026-04-22 17:57:00,"DDBE",6.9,85
"5585","2026","Apr","Block 7",2026-04-22 17:57:00,"DCC4",8.1,88
"5586","2026","Apr","Block 7",2026-04-22 17:57:00,"E0CA",6,81
"5587","2026","Apr","Block 7",2026-04-22 17:57:00,"E598",9.5,91
"5588","2026","Apr","Block 7",2026-04-22 17:57:00,"E168",12,97
"5589","2026","Apr","Block 7",2026-04-22 17:57:00,"DD98",8.1,90
"5590","2026","Apr","Block 7",2026-04-22 17:57:00,"E53C",6.7,82
"5591","2026","Apr","Block 7",2026-04-22 20:57:00,"E362",8,89
"5592","2026","Apr","Block 7",2026-04-22 20:57:00,"DC32",12,100
"5593","2026","Apr","Block 7",2026-04-22 20:57:00,"E518",8.2,87
"5594","2026","Apr","Block 7",2026-04-22 20:57:00,"E520",8.7,90
"5595","2026","Apr","Block 7",2026-04-22 20:57:00,"DCF2",6.8,82
"5596","2026","Apr","Block 7",2026-04-22 20:57:00,"E134",7,84
"5597","2026","Apr","Block 7",2026-04-22 20:57:00,"E228",8.6,88
"5598","2026","Apr","Block 7",2026-04-22 20:57:00,"E2F6",9.2,91
"5599","2026","Apr","Block 7",2026-04-22 20:57:00,"DD1E",7.1,85
"5600","2026","Apr","Block 7",2026-04-22 20:57:00,"DDE2",8.5,88
"5601","2026","Apr","Block 7",2026-04-22 23:57:00,"DEF6",9.5,91
"5602","2026","Apr","Block 7",2026-04-22 23:57:00,"E436",5.2,76
"5603","2026","Apr","Block 7",2026-04-22 23:57:00,"E23A",9.8,92
"5604","2026","Apr","Block 7",2026-04-22 23:57:00,"DD9C",9.5,90
"5605","2026","Apr","Block 7",2026-04-22 23:57:00,"E266",7.4,86
"5606","2026","Apr","Block 7",2026-04-22 23:57:00,"DC6C",5.1,75
"5607","2026","Apr","Block 7",2026-04-22 23:57:00,"DD8E",8.9,88
"5608","2026","Apr","Block 7",2026-04-22 23:57:00,"E150",7.8,87
"5609","2026","Apr","Block 7",2026-04-22 23:57:00,"E444",7.1,84
"5610","2026","Apr","Block 7",2026-04-22 23:57:00,"E5A0",7.8,86
"5611","2026","Apr","Block 7",2026-04-23 02:57:00,"DC88",8.2,88
"5612","2026","Apr","Block 7",2026-04-23 02:57:00,"E326",7.8,88
"5613","2026","Apr","Block 7",2026-04-23 02:57:00,"E2D0",7.1,84
"5614","2026","Apr","Block 7",2026-04-23 02:57:00,"DC44",8,87
"5615","2026","Apr","Block 7",2026-04-23 02:57:00,"E560",10.6,95
"5616","2026","Apr","Block 7",2026-04-23 02:57:00,"E1A8",9.2,91
"5617","2026","Apr","Block 7",2026-04-23 02:57:00,"E578",7.8,86
"5618","2026","Apr","Block 7",2026-04-23 02:57:00,"DDA0",10,94
"5619","2026","Apr","Block 7",2026-04-23 02:57:00,"E508",7.2,84
"5620","2026","Apr","Block 7",2026-04-23 05:56:00,"E530",7.2,86
"5621","2026","Apr","Block 7",2026-04-23 05:56:00,"E276",8,89
"5622","2026","Apr","Block 7",2026-04-23 05:56:00,"E1D6",6.6,78
"5623","2026","Apr","Block 7",2026-04-23 05:56:00,"E282",5.6,80
"5624","2026","Apr","Block 7",2026-04-23 05:56:00,"E322",5.9,80
"5625","2026","Apr","Block 7",2026-04-23 05:56:00,"E25C",5.2,79
"5626","2026","Apr","Block 7",2026-04-23 05:56:00,"E364",6.9,84
"5627","2026","Apr","Block 7",2026-04-23 05:56:00,"DD7E",5,74
"5628","2026","Apr","Block 7",2026-04-23 05:56:00,"E336",6,80
"5629","2026","Apr","Block 7",2026-04-23 05:56:00,"E1CA",7.6,84
"5630","2026","Apr","Block 7",2026-04-23 05:56:00,"E586",8.4,87
"5631","2026","Apr","Block 7",2026-04-23 08:59:00,"E33A",8,88
"5632","2026","Apr","Block 7",2026-04-23 08:59:00,"E272",9.4,90
"5633","2026","Apr","Block 7",2026-04-23 08:59:00,"E590",7.1,82
"5634","2026","Apr","Block 7",2026-04-23 08:59:00,"DE4C",7.5,83
"5635","2026","Apr","Block 7",2026-04-23 08:59:00,"E446",9.3,95
"5636","2026","Apr","Block 7",2026-04-23 08:59:00,"DE28",7.1,84
"5637","2026","Apr","Block 7",2026-04-23 08:59:00,"E284",8,88
"5638","2026","Apr","Block 7",2026-04-23 08:59:00,"E48C",10.2,95
"5639","2026","Apr","Block 7",2026-04-23 08:59:00,"DCC8",7.3,86
"5640","2026","Apr","Block 7",2026-04-23 08:59:00,"E464",7.5,86
"5641","2026","Apr","Block 7",2026-04-23 11:59:00,"DE9E",6.7,82
"5642","2026","Apr","Block 7",2026-04-23 11:59:00,"DF58",9.2,91
"5643","2026","Apr","Block 7",2026-04-23 11:59:00,"E22E",9.2,91
"5644","2026","Apr","Block 7",2026-04-23 11:59:00,"DE8E",7.9,87
"5645","2026","Apr","Block 7",2026-04-23 11:59:00,"E0EA",12.3,100
"5646","2026","Apr","Block 7",2026-04-23 11:59:00,"E268",6.8,83
"5647","2026","Apr","Block 7",2026-04-23 11:59:00,"E4FA",10.5,94
"5648","2026","Apr","Block 7",2026-04-23 11:59:00,"DC58",8.2,87
"5649","2026","Apr","Block 7",2026-04-23 11:59:00,"DCF6",6.9,84
"5650","2026","Apr","Block 7",2026-04-23 11:59:00,"DD9E",8.8,90
"5651","2026","Apr","Block 7",2026-04-23 15:00:00,"DDCE",8,86
"5652","2026","Apr","Block 7",2026-04-23 15:00:00,"E14E",11.9,97
"5653","2026","Apr","Block 7",2026-04-23 15:00:00,"E28C",10,95
"5654","2026","Apr","Block 7",2026-04-23 15:00:00,"DFBA",9,89
"5655","2026","Apr","Block 7",2026-04-23 15:00:00,"DD04",8,87
"5656","2026","Apr","Block 7",2026-04-23 15:00:00,"E312",5.9,81
"5657","2026","Apr","Block 7",2026-04-23 15:00:00,"DE74",6.5,82
"5658","2026","Apr","Block 7",2026-04-23 15:00:00,"E450",11.1,95
"5659","2026","Apr","Block 7",2026-04-23 15:00:00,"E3A4",6.7,83
"5660","2026","Apr","Block 7",2026-04-23 15:00:00,"DCD8",6.9,84
"5661","2026","Apr","Block 7",2026-04-23 18:00:00,"E432",5.2,75
"5662","2026","Apr","Block 7",2026-04-23 18:00:00,"DF76",4.6,72
"5663","2026","Apr","Block 7",2026-04-23 18:00:00,"E46C",9.8,92
"5664","2026","Apr","Block 7",2026-04-23 18:00:00,"DDC8",6.3,80
"5665","2026","Apr","Block 7",2026-04-23 18:00:00,"E22C",7.6,85
"5666","2026","Apr","Block 7",2026-04-23 18:00:00,"DCD0",8,87
"5667","2026","Apr","Block 7",2026-04-23 18:00:00,"E248",4.5,74
"5668","2026","Apr","Block 7",2026-04-23 18:00:00,"DD18",6,79
"5669","2026","Apr","Block 7",2026-04-23 18:00:00,"DE86",6.8,84
"5670","2026","Apr","Block 7",2026-04-23 18:00:00,"E172",8.6,90
"5671","2026","Apr","Block 7",2026-04-23 21:00:00,"E4C2",7.3,87
"5672","2026","Apr","Block 7",2026-04-23 21:00:00,"E226",7.3,86
"5673","2026","Apr","Block 7",2026-04-23 21:00:00,"E12E",6.5,84
"5674","2026","Apr","Block 7",2026-04-23 21:00:00,"E1AE",9.2,90
"5675","2026","Apr","Block 7",2026-04-23 21:00:00,"E44E",8.4,89
"5676","2026","Apr","Block 7",2026-04-23 21:00:00,"E392",5.2,80
"5677","2026","Apr","Block 7",2026-04-23 21:00:00,"DC5C",8.1,89
"5678","2026","Apr","Block 7",2026-04-23 21:00:00,"E45C",8.4,88
"5679","2026","Apr","Block 7",2026-04-23 21:00:00,"E482",10.1,92
"5680","2026","Apr","Block 7",2026-04-23 21:00:00,"E46E",6.8,85
"5681","2026","Apr","Block 7",2026-04-24,"E144",8.9,92
"5682","2026","Apr","Block 7",2026-04-24,"E376",9.6,93
"5683","2026","Apr","Block 7",2026-04-24,"DED8",7.7,81
"5684","2026","Apr","Block 7",2026-04-24,"E50C",6.7,85
"5685","2026","Apr","Block 7",2026-04-24,"E34E",8.6,90
"5686","2026","Apr","Block 7",2026-04-24,"E124",8.1,87
"5687","2026","Apr","Block 7",2026-04-24,"DFB6",7.5,86
"5688","2026","Apr","Block 7",2026-04-24,"DEE4",9.3,91
"5689","2026","Apr","Block 7",2026-04-24,"DECE",9,90
"5690","2026","Apr","Block 7",2026-04-24,"E244",4.5,75
"5691","2026","Apr","Block 7",2026-04-24 03:00:00,"E570",7.1,86
"5692","2026","Apr","Block 7",2026-04-24 03:00:00,"E504",9.9,94
"5693","2026","Apr","Block 7",2026-04-24 03:00:00,"DF66",6.4,85
"5694","2026","Apr","Block 7",2026-04-24 03:00:00,"DD38",6.9,82
"5695","2026","Apr","Block 7",2026-04-24 03:00:00,"DCB0",10.2,95
"5696","2026","Apr","Block 7",2026-04-24 03:00:00,"E2BC",7.8,89
"5697","2026","Apr","Block 7",2026-04-24 03:00:00,"DCE8",7.3,85
"5698","2026","Apr","Block 7",2026-04-24 03:00:00,"DCF4",8.7,90
"5699","2026","Apr","Block 7",2026-04-24 03:00:00,"DF72",7.7,85
"5700","2026","Apr","Block 7",2026-04-24 05:59:00,"E53E",7.5,86
"5701","2026","Apr","Block 7",2026-04-24 05:59:00,"E584",7.8,89
"5702","2026","Apr","Block 7",2026-04-24 05:59:00,"E242",7.8,88
"5703","2026","Apr","Block 7",2026-04-24 05:59:00,"E49C",5.9,82
"5704","2026","Apr","Block 7",2026-04-24 05:59:00,"E47A",6.7,85
"5705","2026","Apr","Block 7",2026-04-24 05:59:00,"DF5E",10.2,93
"5706","2026","Apr","Block 7",2026-04-24 05:59:00,"DD70",7.9,85
"5707","2026","Apr","Block 7",2026-04-24 05:59:00,"DEF4",9.7,92
"5708","2026","Apr","Block 7",2026-04-24 05:59:00,"DE62",9.6,93
"5709","2026","Apr","Block 7",2026-04-24 05:59:00,"E51E",8.4,90
"5710","2026","Apr","Block 7",2026-04-24 05:59:00,"DD3C",8.2,89
"5711","2026","Apr","Block 7",2026-04-24 09:05:00,"E4D8",9.1,91
"5712","2026","Apr","Block 7",2026-04-24 09:05:00,"DD88",5.6,80
"5713","2026","Apr","Block 7",2026-04-24 09:05:00,"E1A4",7.1,84
"5714","2026","Apr","Block 7",2026-04-24 09:05:00,"DC68",6.8,85
"5715","2026","Apr","Block 7",2026-04-24 09:05:00,"DFA6",10,95
"5716","2026","Apr","Block 7",2026-04-24 09:05:00,"E0A2",8.3,90
"5717","2026","Apr","Block 7",2026-04-24 09:05:00,"DF4C",8.2,88
"5718","2026","Apr","Block 7",2026-04-24 09:05:00,"DEA0",8.3,89
"5719","2026","Apr","Block 7",2026-04-24 09:05:00,"DDE4",7.3,87
"5720","2026","Apr","Block 7",2026-04-24 09:05:00,"E194",9.4,93
"5721","2026","Apr","Block 7",2026-04-24 11:57:00,"E428",6.4,83
"5722","2026","Apr","Block 7",2026-04-24 11:57:00,"E5C2",7.2,85
"5723","2026","Apr","Block 7",2026-04-24 11:57:00,"E164",9.8,95
"5724","2026","Apr","Block 7",2026-04-24 11:57:00,"DD3E",10,94
"5725","2026","Apr","Block 7",2026-04-24 11:57:00,"E366",7.1,83
"5726","2026","Apr","Block 7",2026-04-24 11:57:00,"E368",7.1,85
"5727","2026","Apr","Block 7",2026-04-24 11:57:00,"DCEE",6.4,82
"5728","2026","Apr","Block 7",2026-04-24 11:57:00,"DFA2",8.2,88
"5729","2026","Apr","Block 7",2026-04-24 11:57:00,"DDF2",7.1,84
"5730","2026","Apr","Block 7",2026-04-24 11:57:00,"E162",5.9,80
"5731","2026","Apr","Block 7",2026-04-24 15:00:00,"E34C",5.9,81
"5732","2026","Apr","Block 7",2026-04-24 15:00:00,"E05A",10,93
"5733","2026","Apr","Block 7",2026-04-24 15:00:00,"DF64",8,90
"5734","2026","Apr","Block 7",2026-04-24 15:00:00,"E2DC",6.1,79
"5735","2026","Apr","Block 7",2026-04-24 15:00:00,"E126",8.7,92
"5736","2026","Apr","Block 7",2026-04-24 15:00:00,"E258",5.4,76
"5737","2026","Apr","Block 7",2026-04-24 15:00:00,"E2FA",8.1,90
"5738","2026","Apr","Block 7",2026-04-24 15:00:00,"E35E",6,81
"5739","2026","Apr","Block 7",2026-04-24 15:00:00,"DE36",5.4,79
"5740","2026","Apr","Block 7",2026-04-24 15:00:00,"E2EC",8.9,99
"5741","2026","Apr","Block 7",2026-04-24 17:58:00,"DF4E",9.8,95
"5742","2026","Apr","Block 7",2026-04-24 17:58:00,"E2E4",8.3,91
"5743","2026","Apr","Block 7",2026-04-24 17:58:00,"DF96",9.5,93
"5744","2026","Apr","Block 7",2026-04-24 17:58:00,"E264",10.4,95
"5745","2026","Apr","Block 7",2026-04-24 17:58:00,"DF3A",8.6,92
"5746","2026","Apr","Block 7",2026-04-24 17:58:00,"E1D2",6.6,85
"5747","2026","Apr","Block 7",2026-04-24 17:58:00,"E3A2",6,80
"5748","2026","Apr","Block 7",2026-04-24 17:58:00,"DE1A",9.6,93
"5749","2026","Apr","Block 7",2026-04-24 17:58:00,"DFAC",7.3,86
"5750","2026","Apr","Block 7",2026-04-24 17:58:00,"DDD8",4.3,72
"5751","2026","Apr","Block 8",2026-04-28 21:00:00,"DF92",7.3,82
"5752","2026","Apr","Block 8",2026-04-28 21:00:00,"E232",6.7,80
"5753","2026","Apr","Block 8",2026-04-28 21:00:00,"E09A",10.5,93
"5754","2026","Apr","Block 8",2026-04-28 21:00:00,"E054",11.3,96
"5755","2026","Apr","Block 8",2026-04-28 21:00:00,"E32C",9.6,89
"5756","2026","Apr","Block 8",2026-04-28 21:00:00,"E092",9.1,90
"5757","2026","Apr","Block 8",2026-04-28 21:00:00,"E094",7.1,85
"5758","2026","Apr","Block 8",2026-04-28 21:00:00,"E334",9.8,89
"5759","2026","Apr","Block 8",2026-04-28 21:00:00,"E472",5.5,76
"5760","2026","Apr","Block 8",2026-04-28 21:00:00,"DCCE",6.4,82
"5761","2026","Apr","Block 8",2026-04-28 23:59:00,"E148",7.6,83
"5762","2026","Apr","Block 8",2026-04-28 23:59:00,"DF46",9.3,90
"5763","2026","Apr","Block 8",2026-04-28 23:59:00,"DE64",8.6,86
"5764","2026","Apr","Block 8",2026-04-28 23:59:00,"E2B0",14.4,102
"5765","2026","Apr","Block 8",2026-04-28 23:59:00,"E36C",8,86
"5766","2026","Apr","Block 8",2026-04-28 23:59:00,"E216",7.9,87
"5767","2026","Apr","Block 8",2026-04-28 23:59:00,"DDB8",8.8,88
"5768","2026","Apr","Block 8",2026-04-28 23:59:00,"DEC6",8.9,92
"5769","2026","Apr","Block 8",2026-04-28 23:59:00,"DE90",14,101
"5770","2026","Apr","Block 8",2026-04-28 23:59:00,"DD0C",9.9,92
"5771","2026","Apr","Block 8",2026-04-29 02:59:00,"E3EA",10,90
"5772","2026","Apr","Block 8",2026-04-29 02:59:00,"E234",6.4,81
"5773","2026","Apr","Block 8",2026-04-29 02:59:00,"E128",9.3,91
"5774","2026","Apr","Block 8",2026-04-29 02:59:00,"E176",9.1,90
"5775","2026","Apr","Block 8",2026-04-29 02:59:00,"DC64",10.8,95
"5776","2026","Apr","Block 8",2026-04-29 02:59:00,"DE9C",8,85
"5777","2026","Apr","Block 8",2026-04-29 02:59:00,"E4DE",9.5,93
"5778","2026","Apr","Block 8",2026-04-29 02:59:00,"E316",10.5,94
"5779","2026","Apr","Block 8",2026-04-29 02:59:00,"E224",10.7,92
"5780","2026","Apr","Block 8",2026-04-29 02:59:00,"DF62",7.6,83
"5781","2026","Apr","Block 8",2026-04-29 05:59:00,"DF48",6.5,82
"5782","2026","Apr","Block 8",2026-04-29 05:59:00,"DFB4",6.5,82
"5783","2026","Apr","Block 8",2026-04-29 05:59:00,"E2A0",9,92
"5784","2026","Apr","Block 8",2026-04-29 05:59:00,"E3D4",9.6,90
"5785","2026","Apr","Block 8",2026-04-29 05:59:00,"DD30",8.3,89
"5786","2026","Apr","Block 8",2026-04-29 05:59:00,"E498",9,90
"5787","2026","Apr","Block 8",2026-04-29 05:59:00,"E0BA",5.4,78
"5788","2026","Apr","Block 8",2026-04-29 05:59:00,"E20A",5.7,75
"5789","2026","Apr","Block 8",2026-04-29 05:59:00,"E298",8.9,89
"5790","2026","Apr","Block 8",2026-04-29 05:59:00,"E442",9.6,92
"5791","2026","Apr","Block 8",2026-04-29 09:00:00,"DF7A",9.2,90
"5792","2026","Apr","Block 8",2026-04-29 09:00:00,"E286",9.4,93
"5793","2026","Apr","Block 8",2026-04-29 09:00:00,"DEDC",5.4,75
"5794","2026","Apr","Block 8",2026-04-29 09:00:00,"E0AE",8.6,89
"5795","2026","Apr","Block 8",2026-04-29 09:00:00,"DEB8",7.2,84
"5796","2026","Apr","Block 8",2026-04-29 09:00:00,"DFA8",9.7,90
"5797","2026","Apr","Block 8",2026-04-29 09:00:00,"DCE2",8.6,87
"5798","2026","Apr","Block 8",2026-04-29 09:00:00,"DDBC",8.7,90
"5799","2026","Apr","Block 8",2026-04-29 09:00:00,"E0DA",9.8,91
"5800","2026","Apr","Block 8",2026-04-29 09:00:00,"E29C",7.6,87
"5801","2026","Apr","Block 8",2026-04-29 12:00:00,"DFAE",8.9,90
"5802","2026","Apr","Block 8",2026-04-29 12:00:00,"E262",10,94
"5803","2026","Apr","Block 8",2026-04-29 12:00:00,"E394",11.2,96
"5804","2026","Apr","Block 8",2026-04-29 12:00:00,"E39A",8.4,83
"5805","2026","Apr","Block 8",2026-04-29 12:00:00,"DE7A",8.9,88
"5806","2026","Apr","Block 8",2026-04-29 12:00:00,"E32E",10.3,93
"5807","2026","Apr","Block 8",2026-04-29 12:00:00,"E2B8",6.5,80
"5808","2026","Apr","Block 8",2026-04-29 12:00:00,"E236",9.4,89
"5809","2026","Apr","Block 8",2026-04-29 12:00:00,"E2DE",4.6,73
"5810","2026","Apr","Block 8",2026-04-29 12:00:00,"DD8C",4.2,69
"5811","2026","Apr","Block 8",2026-04-29 15:02:00,"DF2C",7.8,87
"5812","2026","Apr","Block 8",2026-04-29 15:02:00,"E146",11.8,97
"5813","2026","Apr","Block 8",2026-04-29 15:02:00,"E2F4",10.3,91
"5814","2026","Apr","Block 8",2026-04-29 15:02:00,"E5C4",7.9,85
"5815","2026","Apr","Block 8",2026-04-29 15:02:00,"DF6E",10.6,94
"5816","2026","Apr","Block 8",2026-04-29 15:02:00,"E19A",10.3,94
"5817","2026","Apr","Block 8",2026-04-29 15:02:00,"E4A0",11,95
"5818","2026","Apr","Block 8",2026-04-29 15:02:00,"DCB8",11.1,95
"5819","2026","Apr","Block 8",2026-04-29 15:02:00,"E540",7.1,85
"5820","2026","Apr","Block 8",2026-04-29 15:02:00,"E396",10,94
"5821","2026","Apr","Block 8",2026-04-29 17:59:00,"DE5C",8.3,89
"5822","2026","Apr","Block 8",2026-04-29 17:59:00,"E02A",9,87
"5823","2026","Apr","Block 8",2026-04-29 17:59:00,"DD82",5.2,74
"5824","2026","Apr","Block 8",2026-04-29 17:59:00,"E51C",8.7,88
"5825","2026","Apr","Block 8",2026-04-29 17:59:00,"E136",9.6,94
"5826","2026","Apr","Block 8",2026-04-29 17:59:00,"E222",10.2,95
"5827","2026","Apr","Block 8",2026-04-29 17:59:00,"DFD2",11.4,96
"5828","2026","Apr","Block 8",2026-04-29 17:59:00,"DF50",10.8,95
"5829","2026","Apr","Block 8",2026-04-29 17:59:00,"E192",10.9,91
"5830","2026","Apr","Block 8",2026-04-29 17:59:00,"E44C",6.7,80
"5831","2026","Apr","Block 8",2026-04-29 20:59:00,"DE32",12,100
"5832","2026","Apr","Block 8",2026-04-29 20:59:00,"DE50",9.3,90
"5833","2026","Apr","Block 8",2026-04-29 20:59:00,"DF22",10.6,94
"5834","2026","Apr","Block 8",2026-04-29 20:59:00,"DD7C",8.6,89
"5835","2026","Apr","Block 8",2026-04-29 20:59:00,"E57C",10.5,96
"5836","2026","Apr","Block 8",2026-04-29 20:59:00,"DC42",12.4,101
"5837","2026","Apr","Block 8",2026-04-29 20:59:00,"E502",9.5,90
"5838","2026","Apr","Block 8",2026-04-29 20:59:00,"DDEE",11.6,103
"5839","2026","Apr","Block 8",2026-04-29 20:59:00,"DD20",8.8,91
"5840","2026","Apr","Block 8",2026-04-29 20:59:00,"DD10",13.1,103
"5841","2026","Apr","Block 8",2026-04-29 23:59:00,"E0A8",15,105
"5842","2026","Apr","Block 8",2026-04-29 23:59:00,"DE24",10.3,96
"5843","2026","Apr","Block 8",2026-04-29 23:59:00,"DD0E",9.6,97
"5844","2026","Apr","Block 8",2026-04-29 23:59:00,"DECC",9.6,95
"5845","2026","Apr","Block 8",2026-04-29 23:59:00,"E0AC",9.5,92
"5846","2026","Apr","Block 8",2026-04-29 23:59:00,"DC66",8.1,91
"5847","2026","Apr","Block 8",2026-04-29 23:59:00,"E166",8.9,91
"5848","2026","Apr","Block 8",2026-04-29 23:59:00,"E2CE",10.7,95
"5849","2026","Apr","Block 8",2026-04-29 23:59:00,"DC46",10.4,97
"5850","2026","Apr","Block 8",2026-04-29 23:59:00,"DE82",9.3,94
"5851","2026","Apr","Block 8",2026-04-30 02:59:00,"E4EE",9.1,90
"5852","2026","Apr","Block 8",2026-04-30 02:59:00,"E0B2",9.4,93
"5853","2026","Apr","Block 8",2026-04-30 02:59:00,"DDF6",11.8,97
"5854","2026","Apr","Block 8",2026-04-30 02:59:00,"DC36",7.2,85
"5855","2026","Apr","Block 8",2026-04-30 02:59:00,"E3D2",7.8,88
"5856","2026","Apr","Block 8",2026-04-30 02:59:00,"E4C8",6,81
"5857","2026","Apr","Block 8",2026-04-30 02:59:00,"E372",7.8,88
"5858","2026","Apr","Block 8",2026-04-30 02:59:00,"E4BC",8,88
"5859","2026","Apr","Block 8",2026-04-30 02:59:00,"DE76",8.9,91
"5860","2026","Apr","Block 8",2026-04-30 02:59:00,"DFEA",8.7,93
"5861","2026","Apr","Block 8",2026-04-30 05:59:00,"E50E",8,88
"5862","2026","Apr","Block 8",2026-04-30 05:59:00,"E59C",11.9,102
"5863","2026","Apr","Block 8",2026-04-30 05:59:00,"DE5E",11.8,98
"5864","2026","Apr","Block 8",2026-04-30 05:59:00,"DFCA",10.1,92
"5865","2026","Apr","Block 8",2026-04-30 05:59:00,"DDF4",8.2,89
"5866","2026","Apr","Block 8",2026-04-30 05:59:00,"DE66",8,89
"5867","2026","Apr","Block 8",2026-04-30 05:59:00,"E1B2",7.7,87
"5868","2026","Apr","Block 8",2026-04-30 05:59:00,"E58E",10.7,95
"5869","2026","Apr","Block 8",2026-04-30 05:59:00,"E1DA",9.1,93
"5870","2026","Apr","Block 8",2026-04-30 05:59:00,"E466",7.8,89
"5871","2026","Apr","Block 8",2026-04-30 09:03:00,"DDE8",10.9,97
"5872","2026","Apr","Block 8",2026-04-30 09:03:00,"E3D6",7.5,86
"5873","2026","Apr","Block 8",2026-04-30 09:03:00,"E2E2",8.3,90
"5874","2026","Apr","Block 8",2026-04-30 09:03:00,"E4E2",11.6,97
"5875","2026","Apr","Block 8",2026-04-30 09:03:00,"DC6E",8.6,90
"5876","2026","Apr","Block 8",2026-04-30 09:03:00,"E45E",8.6,91
"5877","2026","Apr","Block 8",2026-04-30 09:03:00,"DDEC",11.6,99
"5878","2026","Apr","Block 8",2026-04-30 09:03:00,"E4E8",9.3,92
"5879","2026","Apr","Block 8",2026-04-30 09:03:00,"E4DC",9.1,91
"5880","2026","Apr","Block 8",2026-04-30 09:03:00,"DD02",9.4,93
"5881","2026","Apr","Block 8",2026-04-30 12:03:00,"DEEC",8.1,89
"5882","2026","Apr","Block 8",2026-04-30 12:03:00,"E35C",10.2,94
"5883","2026","Apr","Block 8",2026-04-30 12:03:00,"E096",9.1,91
"5884","2026","Apr","Block 8",2026-04-30 12:03:00,"DC98",9.1,90
"5885","2026","Apr","Block 8",2026-04-30 12:03:00,"DEC2",9.4,92
"5886","2026","Apr","Block 8",2026-04-30 12:03:00,"E342",9.6,92
"5887","2026","Apr","Block 8",2026-04-30 12:03:00,"DEDE",6.4,82
"5888","2026","Apr","Block 8",2026-04-30 12:03:00,"DC8E",8.2,88
"5889","2026","Apr","Block 8",2026-04-30 12:03:00,"E132",8,87
"5890","2026","Apr","Block 8",2026-04-30 12:03:00,"DEF2",8.9,92
"5891","2026","Apr","Block 8",2026-04-30 14:58:00,"DCCC",8.7,90
"5892","2026","Apr","Block 8",2026-04-30 14:58:00,"DC74",12.5,102
"5893","2026","Apr","Block 8",2026-04-30 14:58:00,"DF26",7.4,88
"5894","2026","Apr","Block 8",2026-04-30 14:58:00,"E416",8.2,87
"5895","2026","Apr","Block 8",2026-04-30 14:58:00,"E4CC",7.4,87
"5896","2026","Apr","Block 8",2026-04-30 14:58:00,"E4D0",10,95
"5897","2026","Apr","Block 8",2026-04-30 14:58:00,"E2C4",11.6,98
"5898","2026","Apr","Block 8",2026-04-30 14:58:00,"E212",8.1,90
"5899","2026","Apr","Block 8",2026-04-30 14:58:00,"DC9E",7.5,85
"5900","2026","Apr","Block 8",2026-04-30 14:58:00,"E41A",9,93
"5901","2026","Apr","Block 8",2026-04-30 17:59:00,"DEB0",10.3,96
"5902","2026","Apr","Block 8",2026-04-30 17:59:00,"E4F6",8.4,87
"5903","2026","Apr","Block 8",2026-04-30 17:59:00,"DDD0",7.1,84
"5904","2026","Apr","Block 8",2026-04-30 17:59:00,"DF34",8.7,90
"5905","2026","Apr","Block 8",2026-04-30 17:59:00,"E40A",8.7,90
"5906","2026","Apr","Block 8",2026-04-30 17:59:00,"E348",7,86
"5907","2026","Apr","Block 8",2026-04-30 17:59:00,"DDFA",10.1,95
"5908","2026","Apr","Block 8",2026-04-30 17:59:00,"DCE6",7.9,89
"5909","2026","Apr","Block 8",2026-04-30 17:59:00,"E3B4",6.2,80
"5910","2026","Apr","Block 8",2026-04-30 17:59:00,"E08A",8.4,90
"5911","2026","Apr","Block 8",2026-04-30 20:58:00,"DCBC",10.6,94
"5912","2026","Apr","Block 8",2026-04-30 20:58:00,"E25E",7.6,88
"5913","2026","Apr","Block 8",2026-04-30 20:58:00,"E2C8",6.9,84
"5914","2026","Apr","Block 8",2026-04-30 20:58:00,"E1B6",7.6,88
"5915","2026","Apr","Block 8",2026-04-30 20:58:00,"E3B2",8.8,91
"5916","2026","Apr","Block 8",2026-04-30 20:58:00,"DFD6",10.7,98
"5917","2026","Apr","Block 8",2026-04-30 20:58:00,"DDC2",10.2,95
"5918","2026","Apr","Block 8",2026-04-30 20:58:00,"E3A6",7.8,89
"5919","2026","Apr","Block 8",2026-04-30 20:58:00,"DE68",9.5,93
"5920","2026","Apr","Block 8",2026-04-30 20:58:00,"E4F2",9.4,93
"5921","2026","Apr","Block 8",2026-04-30 23:59:00,"E24C",10.5,96
"5922","2026","Apr","Block 8",2026-04-30 23:59:00,"E1BA",8,89
"5923","2026","Apr","Block 8",2026-04-30 23:59:00,"DE22",12,99
"5924","2026","Apr","Block 8",2026-04-30 23:59:00,"E06A",9.2,92
"5925","2026","Apr","Block 8",2026-04-30 23:59:00,"DF44",8.2,88
"5926","2026","Apr","Block 8",2026-04-30 23:59:00,"E510",8.5,91
"5927","2026","Apr","Block 8",2026-04-30 23:59:00,"DEC4",7.4,89
"5928","2026","Apr","Block 8",2026-04-30 23:59:00,"DCDE",8,90
"5929","2026","Apr","Block 8",2026-04-30 23:59:00,"E2E8",9.2,95
"5930","2026","Apr","Block 8",2026-04-30 23:59:00,"DC84",9.2,93
"5931","2026","Apr","Block 8",2026-05-01 02:58:00,"DD84",7.9,87
"5932","2026","Apr","Block 8",2026-05-01 02:58:00,"E13A",9.5,94
"5933","2026","Apr","Block 8",2026-05-01 02:58:00,"DF8A",10,95
"5934","2026","Apr","Block 8",2026-05-01 02:58:00,"DD90",9.7,93
"5935","2026","Apr","Block 8",2026-05-01 02:58:00,"E476",11.1,98
"5936","2026","Apr","Block 8",2026-05-01 02:58:00,"DE48",13.7,104
"5937","2026","Apr","Block 8",2026-05-01 02:58:00,"DE8C",9.7,95
"5938","2026","Apr","Block 8",2026-05-01 02:58:00,"DE12",7.7,88
"5939","2026","Apr","Block 8",2026-05-01 02:58:00,"DD60",8.5,89
"5940","2026","Apr","Block 8",2026-05-01 02:58:00,"DF14",9.9,93
"5941","2026","Apr","Block 8",2026-05-01 05:59:00,"DC76",11.1,103
"5942","2026","Apr","Block 8",2026-05-01 05:59:00,"DE72",9.8,95
"5943","2026","Apr","Block 8",2026-05-01 05:59:00,"E28E",10.7,97
"5944","2026","Apr","Block 8",2026-05-01 05:59:00,"E2D8",11.5,97
"5945","2026","Apr","Block 8",2026-05-01 05:59:00,"DEFA",12.1,101
"5946","2026","Apr","Block 8",2026-05-01 05:59:00,"E3AC",8.2,89
"5947","2026","Apr","Block 8",2026-05-01 05:59:00,"E10A",8.2,88
"5948","2026","Apr","Block 8",2026-05-01 05:59:00,"E1AC",5.5,79
"5949","2026","Apr","Block 8",2026-05-01 05:59:00,"DE3A",8.5,92
"5950","2026","Apr","Block 8",2026-05-01 05:59:00,"E328",8.6,91
"5951","2026","Apr","Block 8",2026-05-01 08:58:00,"E448",8.4,90
"5952","2026","Apr","Block 8",2026-05-01 08:58:00,"E0D4",11.2,97
"5953","2026","Apr","Block 8",2026-05-01 08:58:00,"E4E4",6.9,85
"5954","2026","Apr","Block 8",2026-05-01 08:58:00,"E12C",7.5,88
"5955","2026","Apr","Block 8",2026-05-01 08:58:00,"DF1A",5,75
"5956","2026","Apr","Block 8",2026-05-01 08:58:00,"E0A6",7.5,88
"5957","2026","Apr","Block 8",2026-05-01 08:58:00,"E3AE",8.5,92
"5958","2026","Apr","Block 8",2026-05-01 08:58:00,"E2E6",7.6,85
"5959","2026","Apr","Block 8",2026-05-01 08:58:00,"E1EA",6.7,85
"5960","2026","Apr","Block 8",2026-05-01 08:58:00,"DE42",7.8,90
"5961","2026","Apr","Block 8",2026-05-01 11:57:00,"DC50",8.7,91
"5962","2026","Apr","Block 8",2026-05-01 11:57:00,"E26E",7.2,87
"5963","2026","Apr","Block 8",2026-05-01 11:57:00,"E5B0",10.5,97
"5964","2026","Apr","Block 8",2026-05-01 11:57:00,"E2C6",9.6,94
"5965","2026","Apr","Block 8",2026-05-01 11:57:00,"E18A",9.6,93
"5966","2026","Apr","Block 8",2026-05-01 11:57:00,"DC9C",8.3,91
"5967","2026","Apr","Block 8",2026-05-01 11:57:00,"DC86",7.5,86
"5968","2026","Apr","Block 8",2026-05-01 11:57:00,"DFD4",5.8,81
"5969","2026","Apr","Block 8",2026-05-01 11:57:00,"E1A2",12,101
"5970","2026","Apr","Block 8",2026-05-01 11:57:00,"E5BC",9.6,95
"5971","2026","Apr","Block 8",2026-05-01 14:55:00,"E2C2",6.7,86
"5972","2026","Apr","Block 8",2026-05-01 14:55:00,"DDDC",9.9,95
"5973","2026","Apr","Block 8",2026-05-01 14:55:00,"E538",10,93
"5974","2026","Apr","Block 8",2026-05-01 14:55:00,"DC48",5.3,81
"5975","2026","Apr","Block 8",2026-05-01 14:55:00,"DF74",8.2,89
"5976","2026","Apr","Block 8",2026-05-01 14:55:00,"E5BE",8.6,90
"5977","2026","Apr","Block 8",2026-05-01 14:55:00,"DEEE",7.7,89
"5978","2026","Apr","Block 8",2026-05-01 14:55:00,"DCFA",6.8,84
"5979","2026","Apr","Block 8",2026-05-01 14:55:00,"E4BE",9.3,94
"5980","2026","Apr","Block 8",2026-05-01 14:55:00,"DF0A",7.9,88
"5981","2026","Apr","Block 8",2026-05-01 17:56:00,"DF16",9,92
"5982","2026","Apr","Block 8",2026-05-01 17:56:00,"DE84",7.5,89
"5983","2026","Apr","Block 8",2026-05-01 17:56:00,"DF2E",7.6,87
"5984","2026","Apr","Block 8",2026-05-01 17:56:00,"E250",7.9,90
"5985","2026","Apr","Block 8",2026-05-01 17:56:00,"E3DA",9.7,94
"5986","2026","Apr","Block 8",2026-05-01 17:56:00,"E2F2",9.3,95
"5987","2026","Apr","Block 8",2026-05-01 17:56:00,"E468",6.6,84
"5988","2026","Apr","Block 8",2026-05-01 17:56:00,"DE16",10.2,93
"5989","2026","Apr","Block 8",2026-05-01 17:56:00,"DDC6",6.3,85
"5990","2026","Apr","Block 8",2026-05-01 17:56:00,"E11A",7.5,87
